nsnps	hit1	hit2	PP.H0.abf	PP.H1.abf	PP.H2.abf	PP.H3.abf	PP.H4.abf	idx1	idx2	locus	gene	eqtl_file	ld_file	n_snps	SLE_signals	eqtl_signals	top_sle_snp	top_sle_pip	top_eqtl_snp	top_eqtl_pip	ld_between_hits	r2_between_hits
412	rs61759532	rs35871815	0	0	4.21801026882388e-19	1	2.02582863000611e-21	1	1	rs61759532	ENSG00000072818	eqtl_rs61759532_ENSG00000072818_B38.txt	rs61759532_ENSG00000072818_LD.unphased.vcor1	412	4	10	rs61759532	0.999999999996634	rs35386490	1	-0.0521017	0.00271458714289
412	rs3803800	rs35871815	0	0	3.80166900887995e-07	0.999999617131908	2.70352845724713e-09	2	1	rs61759532	ENSG00000072818	eqtl_rs61759532_ENSG00000072818_B38.txt	rs61759532_ENSG00000072818_LD.unphased.vcor1	412	4	10	rs61759532	0.999999999996634	rs35386490	1	-0.0463042	0.00214407893764
412	rs4578723	rs35871815	0	0	4.22654825161824e-10	0.999999999447027	1.29439748946737e-10	5	1	rs61759532	ENSG00000072818	eqtl_rs61759532_ENSG00000072818_B38.txt	rs61759532_ENSG00000072818_LD.unphased.vcor1	412	4	10	rs61759532	0.999999999996634	rs35386490	1	-0.27543	0.0758616849
412	rs9900153	rs35871815	0	0	3.63660011040964e-07	0.999999630141315	6.19607435119013e-09	4	1	rs61759532	ENSG00000072818	eqtl_rs61759532_ENSG00000072818_B38.txt	rs61759532_ENSG00000072818_LD.unphased.vcor1	412	4	10	rs61759532	0.999999999996634	rs35386490	1	-0.284086	0.080704855396
412	rs61759532	rs61759532	9.68141367393047e-123	2.29525607026615e-104	8.43602053764825e-22	6.70752342559773e-15	1	1	2	rs61759532	ENSG00000072818	eqtl_rs61759532_ENSG00000072818_B38.txt	rs61759532_ENSG00000072818_LD.unphased.vcor1	412	4	10	rs61759532	0.999999999996634	rs35386490	1	1	1
412	rs3803800	rs61759532	4.36290193408948e-108	1.14762759555076e-101	3.80166900819783e-07	0.999999616962145	2.87094779196602e-09	2	2	rs61759532	ENSG00000072818	eqtl_rs61759532_ENSG00000072818_B38.txt	rs61759532_ENSG00000072818_LD.unphased.vcor1	412	4	10	rs61759532	0.999999999996634	rs35386490	1	-0.0748479	0.00560220813441
412	rs4578723	rs61759532	4.85050526591162e-111	1.14762803462541e-101	4.22654825207868e-10	0.99999999956097	1.63746728415294e-11	5	2	rs61759532	ENSG00000072818	eqtl_rs61759532_ENSG00000072818_B38.txt	rs61759532_ENSG00000072818_LD.unphased.vcor1	412	4	10	rs61759532	0.999999999996634	rs35386490	1	-0.228727	0.052316040529
412	rs9900153	rs61759532	4.17346424271532e-108	1.14762761163943e-101	3.63660011342057e-07	0.999999630976202	5.3637841634436e-09	4	2	rs61759532	ENSG00000072818	eqtl_rs61759532_ENSG00000072818_B38.txt	rs61759532_ENSG00000072818_LD.unphased.vcor1	412	4	10	rs61759532	0.999999999996634	rs35386490	1	-0.185577	0.034438822929
412	rs61759532	rs35386490	3.20595884000603e-81	7.60064256768777e-63	4.21801026880985e-19	1	4.80446166373066e-16	1	4	rs61759532	ENSG00000072818	eqtl_rs61759532_ENSG00000072818_B38.txt	rs61759532_ENSG00000072818_LD.unphased.vcor1	412	4	10	rs61759532	0.999999999996634	rs35386490	1	-0.447333	0.200106812889
412	rs3803800	rs35386490	2.88951272920236e-69	7.60063965641227e-63	3.80166900820517e-07	0.999999616964078	2.86903299859311e-09	2	4	rs61759532	ENSG00000072818	eqtl_rs61759532_ENSG00000072818_B38.txt	rs61759532_ENSG00000072818_LD.unphased.vcor1	412	4	10	rs61759532	0.999999999996634	rs35386490	1	0.113946	0.012983690916
412	rs4578723	rs35386490	3.21244824775524e-72	7.60064254504896e-63	4.22654824134496e-10	0.999999997016317	2.56101952489022e-09	5	4	rs61759532	ENSG00000072818	eqtl_rs61759532_ENSG00000072818_B38.txt	rs61759532_ENSG00000072818_LD.unphased.vcor1	412	4	10	rs61759532	0.999999999996634	rs35386490	1	0.417939	0.174673007721
412	rs9900153	rs35386490	2.76404970076062e-69	7.60063959353051e-63	3.63660003235948e-07	0.999999608641181	2.76988033439995e-08	4	4	rs61759532	ENSG00000072818	eqtl_rs61759532_ENSG00000072818_B38.txt	rs61759532_ENSG00000072818_LD.unphased.vcor1	412	4	10	rs61759532	0.999999999996634	rs35386490	1	0.370621	0.137359925641
412	rs61759532	rs4796397	0	0	4.21801026879319e-19	1	2.61637917139316e-20	1	5	rs61759532	ENSG00000072818	eqtl_rs61759532_ENSG00000072818_B38.txt	rs61759532_ENSG00000072818_LD.unphased.vcor1	412	4	10	rs61759532	0.999999999996634	rs35386490	1	-0.16769	0.0281199361
412	rs3803800	rs4796397	0	0	3.80166899626663e-07	0.999999613821348	6.01390997301082e-09	2	5	rs61759532	ENSG00000072818	eqtl_rs61759532_ENSG00000072818_B38.txt	rs61759532_ENSG00000072818_LD.unphased.vcor1	412	4	10	rs61759532	0.999999999996634	rs35386490	1	-0.106775	0.011400900625
412	rs4578723	rs4796397	0	0	4.22654825180275e-10	0.999999999505235	7.74033580641423e-11	5	5	rs61759532	ENSG00000072818	eqtl_rs61759532_ENSG00000072818_B38.txt	rs61759532_ENSG00000072818_LD.unphased.vcor1	412	4	10	rs61759532	0.999999999996634	rs35386490	1	-0.392102	0.153743978404
412	rs9900153	rs4796397	0	0	3.63659825335914e-07	0.999999118474468	5.17858961649175e-07	4	5	rs61759532	ENSG00000072818	eqtl_rs61759532_ENSG00000072818_B38.txt	rs61759532_ENSG00000072818_LD.unphased.vcor1	412	4	10	rs61759532	0.999999999996634	rs35386490	1	-0.404323	0.163477088329
412	rs61759532	rs6503010	0	0	4.21801026885457e-19	1	4.30276235320732e-21	1	6	rs61759532	ENSG00000072818	eqtl_rs61759532_ENSG00000072818_B38.txt	rs61759532_ENSG00000072818_LD.unphased.vcor1	412	4	10	rs61759532	0.999999999996634	rs35386490	1	-0.0929878	0.00864673094884
412	rs3803800	rs6503010	0	0	3.80166900805012e-07	0.999999616906353	2.93683746784891e-09	2	6	rs61759532	ENSG00000072818	eqtl_rs61759532_ENSG00000072818_B38.txt	rs61759532_ENSG00000072818_LD.unphased.vcor1	412	4	10	rs61759532	0.999999999996634	rs35386490	1	-0.0301184	0.00090711801856
412	rs4578723	rs6503010	0	0	4.22654825211027e-10	0.999999999563443	2.63432048946352e-12	5	6	rs61759532	ENSG00000072818	eqtl_rs61759532_ENSG00000072818_B38.txt	rs61759532_ENSG00000072818_LD.unphased.vcor1	412	4	10	rs61759532	0.999999999996634	rs35386490	1	-0.00816659	6.66931922281e-05
412	rs9900153	rs6503010	0	0	3.63660012348075e-07	0.999999633728361	2.62180828534608e-09	4	6	rs61759532	ENSG00000072818	eqtl_rs61759532_ENSG00000072818_B38.txt	rs61759532_ENSG00000072818_LD.unphased.vcor1	412	4	10	rs61759532	0.999999999996634	rs35386490	1	0.00417253	1.74100066009e-05
412	rs61759532	rs62059190	0	0	4.21801026885457e-19	1	3.79218757199008e-21	1	7	rs61759532	ENSG00000072818	eqtl_rs61759532_ENSG00000072818_B38.txt	rs61759532_ENSG00000072818_LD.unphased.vcor1	412	4	10	rs61759532	0.999999999996634	rs35386490	1	0.0947992	0.00898688832064
412	rs3803800	rs62059190	0	0	3.80166900860334e-07	0.999999617051872	2.77346921474791e-09	2	7	rs61759532	ENSG00000072818	eqtl_rs61759532_ENSG00000072818_B38.txt	rs61759532_ENSG00000072818_LD.unphased.vcor1	412	4	10	rs61759532	0.999999999996634	rs35386490	1	0.0283505	0.00080375085025
412	rs4578723	rs62059190	0	0	4.22654825211027e-10	0.999999999563443	2.59248721409721e-12	5	7	rs61759532	ENSG00000072818	eqtl_rs61759532_ENSG00000072818_B38.txt	rs61759532_ENSG00000072818_LD.unphased.vcor1	412	4	10	rs61759532	0.999999999996634	rs35386490	1	0.00762517	5.81432175289e-05
412	rs9900153	rs62059190	0	0	3.63660012358659e-07	0.999999633757465	2.57117835255614e-09	4	7	rs61759532	ENSG00000072818	eqtl_rs61759532_ENSG00000072818_B38.txt	rs61759532_ENSG00000072818_LD.unphased.vcor1	412	4	10	rs61759532	0.999999999996634	rs35386490	1	-0.00462526	2.13930300676e-05
412	rs61759532	rs34922384	8.88790035247744e-44	2.10713103716207e-25	4.21801026880982e-19	1	8.20372490937406e-20	1	8	rs61759532	ENSG00000072818	eqtl_rs61759532_ENSG00000072818_B38.txt	rs61759532_ENSG00000072818_LD.unphased.vcor1	412	4	10	rs61759532	0.999999999996634	rs35386490	1	0.307964	0.094841825296
412	rs3803800	rs34922384	8.01061475901826e-32	2.10713022975482e-25	3.8016690076414e-07	0.999999616815489	3.01761537630628e-09	2	8	rs61759532	ENSG00000072818	eqtl_rs61759532_ENSG00000072818_B38.txt	rs61759532_ENSG00000072818_LD.unphased.vcor1	412	4	10	rs61759532	0.999999999996634	rs35386490	1	-0.0131449	0.00017278839601
412	rs4578723	rs34922384	8.90589100213502e-35	2.10713103626481e-25	4.22654825213421e-10	0.999999999574186	3.16593325130515e-12	5	8	rs61759532	ENSG00000072818	eqtl_rs61759532_ENSG00000072818_B38.txt	rs61759532_ENSG00000072818_LD.unphased.vcor1	412	4	10	rs61759532	0.999999999996634	rs35386490	1	-0.13579	0.0184389241
412	rs9900153	rs34922384	7.66279290509396e-32	2.10713024210292e-25	3.63660008321762e-07	0.999999622654315	1.36856786980999e-08	4	8	rs61759532	ENSG00000072818	eqtl_rs61759532_ENSG00000072818_B38.txt	rs61759532_ENSG00000072818_LD.unphased.vcor1	412	4	10	rs61759532	0.999999999996634	rs35386490	1	-0.201437	0.040576864969
412	rs61759532	rs9899849	0	0	4.21801026881045e-19	1	2.5071553488405e-18	1	9	rs61759532	ENSG00000072818	eqtl_rs61759532_ENSG00000072818_B38.txt	rs61759532_ENSG00000072818_LD.unphased.vcor1	412	4	10	rs61759532	0.999999999996634	rs35386490	1	0.533737	0.284875185169
412	rs3803800	rs9899849	0	0	3.80166897545016e-07	0.999999608330731	1.15025414441771e-08	2	9	rs61759532	ENSG00000072818	eqtl_rs61759532_ENSG00000072818_B38.txt	rs61759532_ENSG00000072818_LD.unphased.vcor1	412	4	10	rs61759532	0.999999999996634	rs35386490	1	-0.00222757	4.9620681049e-06
412	rs4578723	rs9899849	0	0	4.22654825210258e-10	0.999999999566626	1.05867537066387e-11	5	9	rs61759532	ENSG00000072818	eqtl_rs61759532_ENSG00000072818_B38.txt	rs61759532_ENSG00000072818_LD.unphased.vcor1	412	4	10	rs61759532	0.999999999996634	rs35386490	1	-0.00440508	1.94047298064e-05
412	rs9900153	rs9899849	0	0	3.63660010116526e-07	0.999999627599733	8.74011857423443e-09	4	9	rs61759532	ENSG00000072818	eqtl_rs61759532_ENSG00000072818_B38.txt	rs61759532_ENSG00000072818_LD.unphased.vcor1	412	4	10	rs61759532	0.999999999996634	rs35386490	1	0.0239972	0.00057586560784
412	rs61759532	rs7503161	0	0	4.21801026879319e-19	1	3.20454321469204e-21	1	10	rs61759532	ENSG00000072818	eqtl_rs61759532_ENSG00000072818_B38.txt	rs61759532_ENSG00000072818_LD.unphased.vcor1	412	4	10	rs61759532	0.999999999996634	rs35386490	1	-0.11503	0.0132319009
412	rs3803800	rs7503161	0	0	3.80166900893527e-07	0.999999617168287	2.66479735943674e-09	2	10	rs61759532	ENSG00000072818	eqtl_rs61759532_ENSG00000072818_B38.txt	rs61759532_ENSG00000072818_LD.unphased.vcor1	412	4	10	rs61759532	0.999999999996634	rs35386490	1	-0.0595686	0.00354841810596
412	rs4578723	rs7503161	0	0	4.22654825204877e-10	0.999999999563443	8.04896143443285e-12	5	10	rs61759532	ENSG00000072818	eqtl_rs61759532_ENSG00000072818_B38.txt	rs61759532_ENSG00000072818_LD.unphased.vcor1	412	4	10	rs61759532	0.999999999996634	rs35386490	1	-0.159994	0.025598080036
412	rs9900153	rs7503161	0	0	3.63660011861216e-07	0.999999632404137	3.92997942310854e-09	4	10	rs61759532	ENSG00000072818	eqtl_rs61759532_ENSG00000072818_B38.txt	rs61759532_ENSG00000072818_LD.unphased.vcor1	412	4	10	rs61759532	0.999999999996634	rs35386490	1	-0.170844	0.029187672336
412	rs61759532	rs4796403	6.70025452167799e-302	1.58848701038567e-283	4.21801026880997e-19	1	2.85708944890795e-21	1	3	rs61759532	ENSG00000072818	eqtl_rs61759532_ENSG00000072818_B38.txt	rs61759532_ENSG00000072818_LD.unphased.vcor1	412	4	10	rs61759532	0.999999999996634	rs35386490	1	0.109596	0.012011283216
412	rs3803800	rs4796403	6.03890183883849e-290	1.5884864023468e-283	3.80166900916131e-07	0.999999617216036	2.61708827847562e-09	2	3	rs61759532	ENSG00000072818	eqtl_rs61759532_ENSG00000072818_B38.txt	rs61759532_ENSG00000072818_LD.unphased.vcor1	412	4	10	rs61759532	0.999999999996634	rs35386490	1	0.0491849	0.00241915438801
412	rs4578723	rs4796403	6.71381699724006e-293	1.58848700969906e-283	4.22654825210691e-10	0.999999999567649	9.64859685612283e-12	5	3	rs61759532	ENSG00000072818	eqtl_rs61759532_ENSG00000072818_B38.txt	rs61759532_ENSG00000072818_LD.unphased.vcor1	412	4	10	rs61759532	0.999999999996634	rs35386490	1	0.165213	0.027295335369
412	rs9900153	rs4796403	5.77669204672963e-290	1.58848642547659e-283	3.63660011631264e-07	0.999999631773062	4.56695571604216e-09	4	3	rs61759532	ENSG00000072818	eqtl_rs61759532_ENSG00000072818_B38.txt	rs61759532_ENSG00000072818_LD.unphased.vcor1	412	4	10	rs61759532	0.999999999996634	rs35386490	1	0.203666	0.041479839556
										rs1848486	ENSG00000164199	eqtl_rs1848486_ENSG00000164199_B38.txt	rs1848486_ENSG00000164199_LD.unphased.vcor1	165	1	0	rs79693035	0.437662473577452	rs2941887	0.370619179496963		
246	rs116940334	rs75781093	2.07241366835389e-05	0.013167109618982	0.00154550208263881	0.981930266204973	0.00333639795672226	1	2	rs56023922	ENSG00000172493	eqtl_rs56023922_ENSG00000172493_B38.txt	rs56023922_ENSG00000172493_LD.unphased.vcor1	246	1	7	rs116940334	0.463655766399856	rs13126334	1	0.0864201	0.00746843368401
246	rs116940334	rs11729622	0	0	0.00155178189236003	0.9859017320441	0.0125464860682896	1	1	rs56023922	ENSG00000172493	eqtl_rs56023922_ENSG00000172493_B38.txt	rs56023922_ENSG00000172493_LD.unphased.vcor1	246	1	7	rs116940334	0.463655766399856	rs13126334	1	-0.339885	0.115521813225
246	rs116940334	rs13126334	0	0	0.00157129317437881	0.998323134547202	0.000105572292708563	1	3	rs56023922	ENSG00000172493	eqtl_rs56023922_ENSG00000172493_B38.txt	rs56023922_ENSG00000172493_LD.unphased.vcor1	246	1	7	rs116940334	0.463655766399856	rs13126334	1	0.254093	0.064563252649
246	rs116940334	rs34745873	0	0	0.00157142856561834	0.998409328219352	1.92432129822632e-05	1	4	rs56023922	ENSG00000172493	eqtl_rs56023922_ENSG00000172493_B38.txt	rs56023922_ENSG00000172493_LD.unphased.vcor1	246	1	7	rs116940334	0.463655766399856	rs13126334	1	0.139135	0.019358548225
246	rs116940334	rs34709431	0	0	0.00157142732086048	0.998408535791607	2.00368812672823e-05	1	9	rs56023922	ENSG00000172493	eqtl_rs56023922_ENSG00000172493_B38.txt	rs56023922_ENSG00000172493_LD.unphased.vcor1	246	1	7	rs116940334	0.463655766399856	rs13126334	1	-0.13861	0.0192127321
246	rs116940334	rs10032244	4.47961693457606e-165	2.84613096937642e-162	0.0015663832543318	0.995197348499284	0.00323626824639483	1	8	rs56023922	ENSG00000172493	eqtl_rs56023922_ENSG00000172493_B38.txt	rs56023922_ENSG00000172493_LD.unphased.vcor1	246	1	7	rs116940334	0.463655766399856	rs13126334	1	0.355037	0.126051271369
246	rs116940334	rs75586835	0.000872581491876569	0.554395887774644	0.000678370203727014	0.430977318865074	0.0130758416646789	1	10	rs56023922	ENSG00000172493	eqtl_rs56023922_ENSG00000172493_B38.txt	rs56023922_ENSG00000172493_LD.unphased.vcor1	246	1	7	rs116940334	0.463655766399856	rs13126334	1	-0.0880727	0.00775680048529
720	rs2009095	rs11692867	0	0	1.05154452051004e-06	0.174106070614532	0.825892877842095	1	7	rs2309756	ENSG00000144218	eqtl_rs2309756_ENSG00000144218_B38.txt	rs2309756_ENSG00000144218_LD.unphased.vcor1	720	1	8	rs113941232	0.0594997474741599	rs11123811	1	0.992812	0.985675667344
720	rs2009095	rs11123811	0	0	5.0092060767718e-06	0.836925451296644	0.163069539499823	1	1	rs2309756	ENSG00000144218	eqtl_rs2309756_ENSG00000144218_B38.txt	rs2309756_ENSG00000144218_LD.unphased.vcor1	720	1	8	rs113941232	0.0594997474741599	rs11123811	1	-0.86894	0.7550567236
720	rs2009095	rs9679713	0	0	9.11239330169106e-07	0.150608103887795	0.849390984933077	1	2	rs2309756	ENSG00000144218	eqtl_rs2309756_ENSG00000144218_B38.txt	rs2309756_ENSG00000144218_LD.unphased.vcor1	720	1	8	rs113941232	0.0594997474741599	rs11123811	1	0.986638	0.973454543044
720	rs2009095	rs1437377	1.31391064584069e-195	2.19610405523859e-190	5.98288000379632e-06	0.999993955320542	6.17994427133041e-08	1	3	rs2309756	ENSG00000144218	eqtl_rs2309756_ENSG00000144218_B38.txt	rs2309756_ENSG00000144218_LD.unphased.vcor1	720	1	8	rs113941232	0.0594997474741599	rs11123811	1	-0.286211	0.081916736521
720	rs2009095	rs62149358	0	0	5.98287959019263e-06	0.999993885420331	1.31499980874656e-07	1	4	rs2309756	ENSG00000144218	eqtl_rs2309756_ENSG00000144218_B38.txt	rs2309756_ENSG00000144218_LD.unphased.vcor1	720	1	8	rs113941232	0.0594997474741599	rs11123811	1	-0.281854	0.079441677316
720	rs2009095	rs72819176	0	0	5.98287936452701e-06	0.999993847701998	1.6911362560238e-07	1	5	rs2309756	ENSG00000144218	eqtl_rs2309756_ENSG00000144218_B38.txt	rs2309756_ENSG00000144218_LD.unphased.vcor1	720	1	8	rs113941232	0.0594997474741599	rs11123811	1	0.281854	0.079441677316
720	rs2009095	rs7608424	0	0	5.9635697341653e-06	0.996759919065768	0.00323411736516211	1	6	rs2309756	ENSG00000144218	eqtl_rs2309756_ENSG00000144218_B38.txt	rs2309756_ENSG00000144218_LD.unphased.vcor1	720	1	8	rs113941232	0.0594997474741599	rs11123811	1	0.872118	0.760589805924
720	rs2009095	rs12992234	0	0	5.49477455586903e-07	0.0900211189161311	0.90997833128582	1	8	rs2309756	ENSG00000144218	eqtl_rs2309756_ENSG00000144218_B38.txt	rs2309756_ENSG00000144218_LD.unphased.vcor1	720	1	8	rs113941232	0.0594997474741599	rs11123811	1	0.986638	0.973454543044
421	rs60720528	rs3754459	5.13975350547634e-17	5.72758240360304e-15	0.00152368616823131	0.168134191647567	0.830342122184196	1	3	rs10489845	ENSG00000163565	eqtl_rs10489845_ENSG00000163565_B38.txt	rs10489845_ENSG00000163565_LD.unphased.vcor1	421	2	7	rs60720528	0.283498094145098	rs77108242	1	0.591518	0.349893544324
421	rs2793845	rs3754459	1.60870154629816e-14	1.71903712465711e-14	0.476901526949716	0.509583613422557	0.0135148596276953	2	3	rs10489845	ENSG00000163565	eqtl_rs10489845_ENSG00000163565_B38.txt	rs10489845_ENSG00000163565_LD.unphased.vcor1	421	2	7	rs60720528	0.283498094145098	rs77108242	1	-0.147458	0.021743861764
421	rs60720528	rs77108242	0	0	0.0088930911100905	0.991018402134015	8.85067136791081e-05	1	4	rs10489845	ENSG00000163565	eqtl_rs10489845_ENSG00000163565_B38.txt	rs10489845_ENSG00000163565_LD.unphased.vcor1	421	2	7	rs60720528	0.283498094145098	rs77108242	1	-0.0560094	0.00313705288836
421	rs2793845	rs77108242	0	0	0.478229214325047	0.511007866463466	0.0107629192660634	2	4	rs10489845	ENSG00000163565	eqtl_rs10489845_ENSG00000163565_B38.txt	rs10489845_ENSG00000163565_LD.unphased.vcor1	421	2	7	rs60720528	0.283498094145098	rs77108242	1	-0.44837	0.2010356569
421	rs60720528	rs2518562	5.06657161307907e-22	5.64603076523938e-20	0.00889314164563229	0.991024044931138	8.28134232265283e-05	1	6	rs10489845	ENSG00000163565	eqtl_rs10489845_ENSG00000163565_B38.txt	rs10489845_ENSG00000163565_LD.unphased.vcor1	421	2	7	rs60720528	0.283498094145098	rs77108242	1	-0.0612015	0.00374562360225
421	rs2793845	rs2518562	2.08610548479378e-20	2.2291846381098e-20	0.366165387184314	0.390793391230945	0.243041221584743	2	6	rs10489845	ENSG00000163565	eqtl_rs10489845_ENSG00000163565_B38.txt	rs10489845_ENSG00000163565_LD.unphased.vcor1	421	2	7	rs60720528	0.283498094145098	rs77108242	1	0.76716	0.5885344656
421	rs60720528	rs78486925	0	0	0.00889302010590306	0.991010473265929	9.65068515817727e-05	1	8	rs10489845	ENSG00000163565	eqtl_rs10489845_ENSG00000163565_B38.txt	rs10489845_ENSG00000163565_LD.unphased.vcor1	421	2	7	rs60720528	0.283498094145098	rs77108242	1	0.0560094	0.00313705288836
421	rs2793845	rs78486925	0	0	0.479036614387838	0.511873990264073	0.00908939553107688	2	8	rs10489845	ENSG00000163565	eqtl_rs10489845_ENSG00000163565_B38.txt	rs10489845_ENSG00000163565_LD.unphased.vcor1	421	2	7	rs60720528	0.283498094145098	rs77108242	1	0.44837	0.2010356569
421	rs60720528	rs861318	1.0019523850681e-90	1.11654476111539e-88	0.00888710686516594	0.990350187869649	0.000762705265179066	1	1	rs10489845	ENSG00000163565	eqtl_rs10489845_ENSG00000163565_B38.txt	rs10489845_ENSG00000163565_LD.unphased.vcor1	421	2	7	rs60720528	0.283498094145098	rs77108242	1	0.0435759	0.00189885906081
421	rs2793845	rs861318	5.39873309436713e-89	5.76901454262174e-89	0.478856267634791	0.511680526686809	0.00946320567839532	2	1	rs10489845	ENSG00000163565	eqtl_rs10489845_ENSG00000163565_B38.txt	rs10489845_ENSG00000163565_LD.unphased.vcor1	421	2	7	rs60720528	0.283498094145098	rs77108242	1	-0.805401	0.648670770801
421	rs60720528	rs3026943	5.07803943252582e-10	5.65881014868662e-08	0.00889282620595758	0.990988822347151	0.000118294350987647	1	5	rs10489845	ENSG00000163565	eqtl_rs10489845_ENSG00000163565_B38.txt	rs10489845_ENSG00000163565_LD.unphased.vcor1	421	2	7	rs60720528	0.283498094145098	rs77108242	1	0.11593	0.0134397649
421	rs2793845	rs3026943	2.74182961646525e-08	2.92988274365379e-08	0.480158033224348	0.513076972657743	0.00676493740078504	2	5	rs10489845	ENSG00000163565	eqtl_rs10489845_ENSG00000163565_B38.txt	rs10489845_ENSG00000163565_LD.unphased.vcor1	421	2	7	rs60720528	0.283498094145098	rs77108242	1	0.07329	0.0053714241
421	rs60720528	rs9887904	1.23938550970606e-12	1.38113289462412e-10	0.00889288373459768	0.990995246009411	0.000111870116640124	1	2	rs10489845	ENSG00000163565	eqtl_rs10489845_ENSG00000163565_B38.txt	rs10489845_ENSG00000163565_LD.unphased.vcor1	421	2	7	rs60720528	0.283498094145098	rs77108242	1	0.102612	0.010529222544
421	rs2793845	rs9887904	6.67363850044546e-11	7.13136154136605e-11	0.47884932336567	0.511673077346038	0.00947759915024147	2	2	rs10489845	ENSG00000163565	eqtl_rs10489845_ENSG00000163565_B38.txt	rs10489845_ENSG00000163565_LD.unphased.vcor1	421	2	7	rs60720528	0.283498094145098	rs77108242	1	0.197665	0.039071452225
421	rs60720528	rs75657667	0	0	0.0063444591752242	0.993587454045237	6.80867735034667e-05	1	1	rs10489845	ENSG00000163568	eqtl_rs10489845_ENSG00000163568_B38.txt	rs10489845_ENSG00000163568_LD.unphased.vcor1	421	2	10	rs60720528	0.286948562994494	rs143891965	1	-0.0395795	0.00156653682025
421	rs2793845	rs75657667	0	0	0.013647885765694	0.085666955159522	0.900685159082626	2	1	rs10489845	ENSG00000163568	eqtl_rs10489845_ENSG00000163568_B38.txt	rs10489845_ENSG00000163568_LD.unphased.vcor1	421	2	10	rs60720528	0.286948562994494	rs143891965	1	0.858203	0.736512389209
421	rs60720528	rs2078724	0	0	0.00633509321447188	0.992117719551731	0.00154718723414271	1	2	rs10489845	ENSG00000163568	eqtl_rs10489845_ENSG00000163568_B38.txt	rs10489845_ENSG00000163568_LD.unphased.vcor1	421	2	10	rs60720528	0.286948562994494	rs143891965	1	0.0544424	0.00296397491776
421	rs2793845	rs2078724	0	0	0.127338805452896	0.815991974330213	0.0566692202183897	2	2	rs10489845	ENSG00000163568	eqtl_rs10489845_ENSG00000163568_B38.txt	rs10489845_ENSG00000163568_LD.unphased.vcor1	421	2	10	rs60720528	0.286948562994494	rs143891965	1	0.146059	0.021333231481
421	rs60720528	rs12139815	0	0	0.00634445332110428	0.993586535415774	6.90112634227274e-05	1	3	rs10489845	ENSG00000163568	eqtl_rs10489845_ENSG00000163568_B38.txt	rs10489845_ENSG00000163568_LD.unphased.vcor1	421	2	10	rs60720528	0.286948562994494	rs143891965	1	0.0727028	0.00528569712784
421	rs2793845	rs12139815	0	0	0.134177841838874	0.859924413207742	0.00589774495366043	2	3	rs10489845	ENSG00000163568	eqtl_rs10489845_ENSG00000163568_B38.txt	rs10489845_ENSG00000163568_LD.unphased.vcor1	421	2	10	rs60720528	0.286948562994494	rs143891965	1	-0.305407	0.093273435649
421	rs60720528	rs2518562	0	0	0.0063445205143151	0.993597079558073	5.8399918430277e-05	1	4	rs10489845	ENSG00000163568	eqtl_rs10489845_ENSG00000163568_B38.txt	rs10489845_ENSG00000163568_LD.unphased.vcor1	421	2	10	rs60720528	0.286948562994494	rs143891965	1	-0.0612015	0.00374562360225
421	rs2793845	rs2518562	0	0	0.101768207125914	0.651732174461051	0.246499618403503	2	4	rs10489845	ENSG00000163568	eqtl_rs10489845_ENSG00000163568_B38.txt	rs10489845_ENSG00000163568_LD.unphased.vcor1	421	2	10	rs60720528	0.286948562994494	rs143891965	1	0.76716	0.5885344656
421	rs60720528	rs78486925	0	0	0.00634448873467841	0.993592092750998	6.34185716089111e-05	1	5	rs10489845	ENSG00000163568	eqtl_rs10489845_ENSG00000163568_B38.txt	rs10489845_ENSG00000163568_LD.unphased.vcor1	421	2	10	rs60720528	0.286948562994494	rs143891965	1	0.0560094	0.00313705288836
421	rs2793845	rs78486925	0	0	0.134494506328469	0.861958595012606	0.00354689867752852	2	5	rs10489845	ENSG00000163568	eqtl_rs10489845_ENSG00000163568_B38.txt	rs10489845_ENSG00000163568_LD.unphased.vcor1	421	2	10	rs60720528	0.286948562994494	rs143891965	1	0.44837	0.2010356569
421	rs60720528	rs74359395	0	0	0.00634448698787675	0.993591818504445	6.36945070106222e-05	1	6	rs10489845	ENSG00000163568	eqtl_rs10489845_ENSG00000163568_B38.txt	rs10489845_ENSG00000163568_LD.unphased.vcor1	421	2	10	rs60720528	0.286948562994494	rs143891965	1	-0.0193309	0.00037368369481
421	rs2793845	rs74359395	0	0	0.00578278840207941	0.0351433302430992	0.959073881353916	2	6	rs10489845	ENSG00000163568	eqtl_rs10489845_ENSG00000163568_B38.txt	rs10489845_ENSG00000163568_LD.unphased.vcor1	421	2	10	rs60720528	0.286948562994494	rs143891965	1	0.997569	0.995143909761
421	rs60720528	rs77108242	0	0	0.00634451246727976	0.993595816848152	5.96706623441477e-05	1	7	rs10489845	ENSG00000163568	eqtl_rs10489845_ENSG00000163568_B38.txt	rs10489845_ENSG00000163568_LD.unphased.vcor1	421	2	10	rs60720528	0.286948562994494	rs143891965	1	-0.0560094	0.00313705288836
421	rs2793845	rs77108242	0	0	0.134359924455036	0.861094071198485	0.00454600427532147	2	7	rs10489845	ENSG00000163568	eqtl_rs10489845_ENSG00000163568_B38.txt	rs10489845_ENSG00000163568_LD.unphased.vcor1	421	2	10	rs60720528	0.286948562994494	rs143891965	1	-0.44837	0.2010356569
421	rs60720528	rs143891965	0	0	0.00634451946167256	0.993596914392279	5.85661478378393e-05	1	8	rs10489845	ENSG00000163568	eqtl_rs10489845_ENSG00000163568_B38.txt	rs10489845_ENSG00000163568_LD.unphased.vcor1	421	2	10	rs60720528	0.286948562994494	rs143891965	1	-0.00273184	7.4629497856e-06
421	rs2793845	rs143891965	0	0	0.0541166389214544	0.345629166794087	0.600254194283062	2	8	rs10489845	ENSG00000163568	eqtl_rs10489845_ENSG00000163568_B38.txt	rs10489845_ENSG00000163568_LD.unphased.vcor1	421	2	10	rs60720528	0.286948562994494	rs143891965	1	-0.866073	0.750082441329
421	rs60720528	rs855866	0	0	0.00634180206841646	0.993170492933931	0.000487704997555892	1	9	rs10489845	ENSG00000163568	eqtl_rs10489845_ENSG00000163568_B38.txt	rs10489845_ENSG00000163568_LD.unphased.vcor1	421	2	10	rs60720528	0.286948562994494	rs143891965	1	-0.31239	0.0975875121
421	rs2793845	rs855866	0	0	0.0319501127001409	0.203236364165547	0.764813523134383	2	9	rs10489845	ENSG00000163568	eqtl_rs10489845_ENSG00000163568_B38.txt	rs10489845_ENSG00000163568_LD.unphased.vcor1	421	2	10	rs60720528	0.286948562994494	rs143891965	1	-0.837221	0.700939002841
421	rs60720528	rs3754459	1.68670677454315e-97	2.64150319714582e-95	0.000871510355873761	0.13475599712491	0.864372492519215	1	10	rs10489845	ENSG00000163568	eqtl_rs10489845_ENSG00000163568_B38.txt	rs10489845_ENSG00000163568_LD.unphased.vcor1	421	2	10	rs60720528	0.286948562994494	rs143891965	1	0.591518	0.349893544324
421	rs2793845	rs3754459	2.60336965161818e-95	1.66848102292317e-94	0.134514406759719	0.862086430920967	0.00339916231932303	2	10	rs10489845	ENSG00000163568	eqtl_rs10489845_ENSG00000163568_B38.txt	rs10489845_ENSG00000163568_LD.unphased.vcor1	421	2	10	rs60720528	0.286948562994494	rs143891965	1	-0.147458	0.021743861764
964	rs12360409	rs7908235	0	0	1.93698845736523e-22	1	3.07380477334782e-24	2	1	rs4282898	ENSG00000057608	eqtl_rs4282898_ENSG00000057608_B38.txt	rs4282898_ENSG00000057608_LD.unphased.vcor1	964	2	8	rs12360409	0.361017670890672	rs113461948	1	-0.145139	0.021065329321
964	rs4421659	rs7908235	0	0	3.11330224906629e-51	1	8.30535221547039e-53	1	1	rs4282898	ENSG00000057608	eqtl_rs4282898_ENSG00000057608_B38.txt	rs4282898_ENSG00000057608_LD.unphased.vcor1	964	2	8	rs12360409	0.361017670890672	rs113461948	1	0.12949	0.0167676601
964	rs12360409	rs2797496	0	0	1.9369884573463e-22	1	8.67012214112369e-23	2	2	rs4282898	ENSG00000057608	eqtl_rs4282898_ENSG00000057608_B38.txt	rs4282898_ENSG00000057608_LD.unphased.vcor1	964	2	8	rs12360409	0.361017670890672	rs113461948	1	-0.38953	0.1517336209
964	rs4421659	rs2797496	0	0	3.11330224902665e-51	1	6.41473398784615e-41	1	2	rs4282898	ENSG00000057608	eqtl_rs4282898_ENSG00000057608_B38.txt	rs4282898_ENSG00000057608_LD.unphased.vcor1	964	2	8	rs12360409	0.361017670890672	rs113461948	1	0.412812	0.170413747344
964	rs12360409	rs4748572	0	0	1.93698845743086e-22	1	1.2737796499929e-24	2	4	rs4282898	ENSG00000057608	eqtl_rs4282898_ENSG00000057608_B38.txt	rs4282898_ENSG00000057608_LD.unphased.vcor1	964	2	8	rs12360409	0.361017670890672	rs113461948	1	-0.0813705	0.00662115827025
964	rs4421659	rs4748572	0	0	3.11330224916256e-51	1	1.84294764258817e-50	1	4	rs4282898	ENSG00000057608	eqtl_rs4282898_ENSG00000057608_B38.txt	rs4282898_ENSG00000057608_LD.unphased.vcor1	964	2	8	rs12360409	0.361017670890672	rs113461948	1	0.134832	0.018179668224
964	rs12360409	rs45584541	0	0	1.93698845737448e-22	1	9.42151366457768e-25	2	5	rs4282898	ENSG00000057608	eqtl_rs4282898_ENSG00000057608_B38.txt	rs4282898_ENSG00000057608_LD.unphased.vcor1	964	2	8	rs12360409	0.361017670890672	rs113461948	1	0.0698709	0.00488194266681
964	rs4421659	rs45584541	0	0	3.11330224907195e-51	1	3.37472904989674e-53	1	5	rs4282898	ENSG00000057608	eqtl_rs4282898_ENSG00000057608_B38.txt	rs4282898_ENSG00000057608_LD.unphased.vcor1	964	2	8	rs12360409	0.361017670890672	rs113461948	1	-0.0751661	0.00564994258921
964	rs12360409	rs117553718	0	0	1.93698845736391e-22	1	9.18308463132375e-22	2	6	rs4282898	ENSG00000057608	eqtl_rs4282898_ENSG00000057608_B38.txt	rs4282898_ENSG00000057608_LD.unphased.vcor1	964	2	8	rs12360409	0.361017670890672	rs113461948	1	0.344982	0.119012580324
964	rs4421659	rs117553718	0	0	3.11330224906346e-51	1	1.80223904459989e-47	1	6	rs4282898	ENSG00000057608	eqtl_rs4282898_ENSG00000057608_B38.txt	rs4282898_ENSG00000057608_LD.unphased.vcor1	964	2	8	rs12360409	0.361017670890672	rs113461948	1	-0.340669	0.116055367561
964	rs12360409	rs72774075	0	0	1.93698845736391e-22	1	1.09654119172668e-24	2	8	rs4282898	ENSG00000057608	eqtl_rs4282898_ENSG00000057608_B38.txt	rs4282898_ENSG00000057608_LD.unphased.vcor1	964	2	8	rs12360409	0.361017670890672	rs113461948	1	0.0912984	0.00833539784256
964	rs4421659	rs72774075	0	0	3.11330224906346e-51	1	2.50374967231651e-50	1	8	rs4282898	ENSG00000057608	eqtl_rs4282898_ENSG00000057608_B38.txt	rs4282898_ENSG00000057608_LD.unphased.vcor1	964	2	8	rs12360409	0.361017670890672	rs113461948	1	-0.145405	0.021142614025
964	rs12360409	rs113461948	0	0	1.93698845731811e-22	1	1.44600333755241e-21	2	9	rs4282898	ENSG00000057608	eqtl_rs4282898_ENSG00000057608_B38.txt	rs4282898_ENSG00000057608_LD.unphased.vcor1	964	2	8	rs12360409	0.361017670890672	rs113461948	1	0.344436	0.118636158096
964	rs4421659	rs113461948	0	0	3.11330224898135e-51	1	2.23479541390697e-48	1	9	rs4282898	ENSG00000057608	eqtl_rs4282898_ENSG00000057608_B38.txt	rs4282898_ENSG00000057608_LD.unphased.vcor1	964	2	8	rs12360409	0.361017670890672	rs113461948	1	-0.324305	0.105173733025
964	rs12360409	rs12359234	0	0	9.60945558838391e-23	0.49509306955308	0.504906930446869	2	3	rs4282898	ENSG00000057608	eqtl_rs4282898_ENSG00000057608_B38.txt	rs4282898_ENSG00000057608_LD.unphased.vcor1	964	2	8	rs12360409	0.361017670890672	rs113461948	1	0.899269	0.808684734361
964	rs4421659	rs12359234	0	0	3.11330224906629e-51	1	6.79766066863211e-19	1	3	rs4282898	ENSG00000057608	eqtl_rs4282898_ENSG00000057608_B38.txt	rs4282898_ENSG00000057608_LD.unphased.vcor1	964	2	8	rs12360409	0.361017670890672	rs113461948	1	-0.853782	0.728943703524
366	rs12360409	rs116879903	2.13537002862092e-28	0.000162087737927055	1.31720218095736e-24	0.999837587413886	3.24848183637362e-07	2	1	rs4282898	ENSG00000134461	eqtl_rs4282898_ENSG00000134461_B38.txt	rs4282898_ENSG00000134461_LD.unphased.vcor1	366	2	5	rs12360409	0.371361463201495	rs10905508	0.999971008748339	-0.0321176	0.00103154022976
366	rs4421659	rs116879903	5.78989240699418e-52	0.00016208764128422	3.57149290464032e-48	0.999836990078095	9.22280616633945e-07	1	1	rs4282898	ENSG00000134461	eqtl_rs4282898_ENSG00000134461_B38.txt	rs4282898_ENSG00000134461_LD.unphased.vcor1	366	2	5	rs12360409	0.371361463201495	rs10905508	0.999971008748339	0.151712	0.023016530944
366	rs12360409	rs61834543	3.53759482922205e-25	0.268525237258934	9.6252490694553e-25	0.730613969249546	0.000860793491521905	2	2	rs4282898	ENSG00000134461	eqtl_rs4282898_ENSG00000134461_B38.txt	rs4282898_ENSG00000134461_LD.unphased.vcor1	366	2	5	rs12360409	0.371361463201495	rs10905508	0.999971008748339	-0.094932	0.009012084624
366	rs4421659	rs61834543	9.59516810814098e-49	0.268616073848866	2.61069702333495e-48	0.730861798911512	0.00052212723962576	1	2	rs4282898	ENSG00000134461	eqtl_rs4282898_ENSG00000134461_B38.txt	rs4282898_ENSG00000134461_LD.unphased.vcor1	366	2	5	rs12360409	0.371361463201495	rs10905508	0.999971008748339	0.126784	0.016074182656
366	rs12360409	rs36049919	3.63149017064975e-42	2.75652472019147e-18	1.30151137942097e-24	0.987903109445623	0.0120968905543817	2	3	rs4282898	ENSG00000134461	eqtl_rs4282898_ENSG00000134461_B38.txt	rs4282898_ENSG00000134461_LD.unphased.vcor1	366	2	5	rs12360409	0.371361463201495	rs10905508	0.999971008748339	-0.949827	0.902171329929
366	rs4421659	rs36049919	9.96676312189942e-66	2.79018850802083e-18	3.57204756438168e-48	0.999992253043325	7.74695667974004e-06	1	3	rs4282898	ENSG00000134461	eqtl_rs4282898_ENSG00000134461_B38.txt	rs4282898_ENSG00000134461_LD.unphased.vcor1	366	2	5	rs12360409	0.371361463201495	rs10905508	0.999971008748339	0.764128	0.583891600384
366	rs12360409	rs10905508	3.43510843031432e-27	0.00260745888319597	1.3137979848255e-24	0.99725331506686	0.000139226049945371	2	5	rs4282898	ENSG00000134461	eqtl_rs4282898_ENSG00000134461_B38.txt	rs4282898_ENSG00000134461_LD.unphased.vcor1	366	2	5	rs12360409	0.371361463201495	rs10905508	0.999971008748339	-0.333366	0.111132889956
366	rs4421659	rs10905508	9.31519563071561e-51	0.00260778263523486	3.56270711570222e-48	0.997377386666926	1.48306978430791e-05	1	5	rs4282898	ENSG00000134461	eqtl_rs4282898_ENSG00000134461_B38.txt	rs4282898_ENSG00000134461_LD.unphased.vcor1	366	2	5	rs12360409	0.371361463201495	rs10905508	0.999971008748339	0.310844	0.096623992336
366	rs12360409	rs41290265	2.71266783500628e-28	0.000205908197282142	1.31713674040163e-24	0.99978790227194	6.18953077761012e-06	2	4	rs4282898	ENSG00000134461	eqtl_rs4282898_ENSG00000134461_B38.txt	rs4282898_ENSG00000134461_LD.unphased.vcor1	366	2	5	rs12360409	0.371361463201495	rs10905508	0.999971008748339	-0.282258	0.079669578564
366	rs4421659	rs41290265	7.35523655900146e-52	0.000205909343582247	3.57133747862045e-48	0.999793479292114	6.11364306905206e-07	1	4	rs4282898	ENSG00000134461	eqtl_rs4282898_ENSG00000134461_B38.txt	rs4282898_ENSG00000134461_LD.unphased.vcor1	366	2	5	rs12360409	0.371361463201495	rs10905508	0.999971008748339	0.214674	0.046084926276
376	rs12642710	rs13144873	0	0	0.000844443622715702	0.999044002157291	0.000111554222086662	1	3	rs12642710	ENSG00000152784	eqtl_rs12642710_ENSG00000152784_B38.txt	rs12642710_ENSG00000152784_LD.unphased.vcor1	376	2	10	rs13102278	0.24280846523654	rs13110335	1	0.0912845	0.00833285994025
376	rs13102278	rs13144873	0	0	0.000148318482700155	0.999850024162477	1.65735396269867e-06	2	3	rs12642710	ENSG00000152784	eqtl_rs12642710_ENSG00000152784_B38.txt	rs12642710_ENSG00000152784_LD.unphased.vcor1	376	2	10	rs13102278	0.24280846523654	rs13110335	1	-0.19235	0.0369985225
376	rs12642710	rs79112678	0	0	8.17973317496233e-05	0.0949628634049471	0.90495533926322	1	5	rs12642710	ENSG00000152784	eqtl_rs12642710_ENSG00000152784_B38.txt	rs12642710_ENSG00000152784_LD.unphased.vcor1	376	2	10	rs13102278	0.24280846523654	rs13110335	1	-0.976448	0.953450696704
376	rs13102278	rs79112678	0	0	0.000148318490818668	0.999850079032248	1.60247663163971e-06	2	5	rs12642710	ENSG00000152784	eqtl_rs12642710_ENSG00000152784_B38.txt	rs12642710_ENSG00000152784_LD.unphased.vcor1	376	2	10	rs13102278	0.24280846523654	rs13110335	1	-0.0997823	0.00995650739329
376	rs12642710	rs1458042	1.0690155206224e-150	1.2647307101108e-147	0.000844530674305824	0.999147197711706	8.27161396046631e-06	1	1	rs12642710	ENSG00000152784	eqtl_rs12642710_ENSG00000152784_B38.txt	rs12642710_ENSG00000152784_LD.unphased.vcor1	376	2	10	rs13102278	0.24280846523654	rs13110335	1	-0.165327	0.027333016929
376	rs13102278	rs1458042	1.87693475289517e-151	1.26528618021674e-147	0.000148279322602136	0.999585507583979	0.000266213093415965	2	1	rs12642710	ENSG00000152784	eqtl_rs12642710_ENSG00000152784_B38.txt	rs12642710_ENSG00000152784_LD.unphased.vcor1	376	2	10	rs13102278	0.24280846523654	rs13110335	1	-0.671883	0.451426765689
376	rs12642710	rs17004832	0	0	0.000839041841474375	0.992640445766242	0.00652051239140883	1	2	rs12642710	ENSG00000152784	eqtl_rs12642710_ENSG00000152784_B38.txt	rs12642710_ENSG00000152784_LD.unphased.vcor1	376	2	10	rs13102278	0.24280846523654	rs13110335	1	-0.665155	0.442431174025
376	rs13102278	rs17004832	0	0	0.000148318100353807	0.999847441539136	4.24036030010468e-06	2	2	rs12642710	ENSG00000152784	eqtl_rs12642710_ENSG00000152784_B38.txt	rs12642710_ENSG00000152784_LD.unphased.vcor1	376	2	10	rs13102278	0.24280846523654	rs13110335	1	-0.246206	0.060617394436
376	rs12642710	rs141241985	2.14138525854363e-29	2.5334297270837e-26	0.000844530671386236	0.999147194250651	8.27507796798186e-06	1	4	rs12642710	ENSG00000152784	eqtl_rs12642710_ENSG00000152784_B38.txt	rs12642710_ENSG00000152784_LD.unphased.vcor1	376	2	10	rs13102278	0.24280846523654	rs13110335	1	-0.0786828	0.00619098301584
376	rs13102278	rs141241985	3.76073752904955e-30	2.53520225761129e-26	0.000148317925401041	0.99984625977767	5.42229692508774e-06	2	4	rs12642710	ENSG00000152784	eqtl_rs12642710_ENSG00000152784_B38.txt	rs12642710_ENSG00000152784_LD.unphased.vcor1	376	2	10	rs13102278	0.24280846523654	rs13110335	1	0.157538	0.024818221444
376	rs12642710	rs72869605	3.51917475710618e-16	4.16346470532765e-13	0.000844521627877743	0.999136473598694	1.90047730120601e-05	1	8	rs12642710	ENSG00000152784	eqtl_rs12642710_ENSG00000152784_B38.txt	rs12642710_ENSG00000152784_LD.unphased.vcor1	376	2	10	rs13102278	0.24280846523654	rs13110335	1	-0.13312	0.0177209344
376	rs13102278	rs72869605	6.18050675251508e-17	4.16642601381385e-13	0.000148318057044586	0.999847148996705	4.53294583348701e-06	2	8	rs12642710	ENSG00000152784	eqtl_rs12642710_ENSG00000152784_B38.txt	rs12642710_ENSG00000152784_LD.unphased.vcor1	376	2	10	rs13102278	0.24280846523654	rs13110335	1	0.290389	0.084325771321
376	rs12642710	rs13151544	0	0	0.00084443747784018	0.999036717684522	0.000118844830006264	1	9	rs12642710	ENSG00000152784	eqtl_rs12642710_ENSG00000152784_B38.txt	rs12642710_ENSG00000152784_LD.unphased.vcor1	376	2	10	rs13102278	0.24280846523654	rs13110335	1	-0.0912845	0.00833285994025
376	rs13102278	rs13151544	0	0	0.000148318477446809	0.999849988690229	1.69282380409897e-06	2	9	rs12642710	ENSG00000152784	eqtl_rs12642710_ENSG00000152784_B38.txt	rs12642710_ENSG00000152784_LD.unphased.vcor1	376	2	10	rs13102278	0.24280846523654	rs13110335	1	0.19235	0.0369985225
376	rs12642710	rs13110335	0	0	0.000844530100028401	0.99914651693277	8.95296710038608e-06	1	10	rs12642710	ENSG00000152784	eqtl_rs12642710_ENSG00000152784_B38.txt	rs12642710_ENSG00000152784_LD.unphased.vcor1	376	2	10	rs13102278	0.24280846523654	rs13110335	1	-0.103808	0.010776100864
376	rs13102278	rs13110335	0	0	0.000148318287480691	0.999848705534703	2.97617769253631e-06	2	10	rs12642710	ENSG00000152784	eqtl_rs12642710_ENSG00000152784_B38.txt	rs12642710_ENSG00000152784_LD.unphased.vcor1	376	2	10	rs13102278	0.24280846523654	rs13110335	1	0.236969	0.056154306961
376	rs12642710	rs72655088	1.58103626719658e-97	1.8704921325728e-94	0.000804819286818673	0.952071224424446	0.0471239562887244	1	7	rs12642710	ENSG00000152784	eqtl_rs12642710_ENSG00000152784_B38.txt	rs12642710_ENSG00000152784_LD.unphased.vcor1	376	2	10	rs13102278	0.24280846523654	rs13110335	1	-0.706719	0.499451744961
376	rs13102278	rs72655088	2.91363715099123e-98	1.96415182553828e-94	0.000148317367701318	0.999842492656361	9.18997595058722e-06	2	7	rs12642710	ENSG00000152784	eqtl_rs12642710_ENSG00000152784_B38.txt	rs12642710_ENSG00000152784_LD.unphased.vcor1	376	2	10	rs13102278	0.24280846523654	rs13110335	1	-0.255498	0.065279228004
376	rs12642710	rs12506734	1.79670763224278e-26	2.12564857642559e-23	0.000844525692550927	0.999141292076672	1.41822307792395e-05	1	6	rs12642710	ENSG00000152784	eqtl_rs12642710_ENSG00000152784_B38.txt	rs12642710_ENSG00000152784_LD.unphased.vcor1	376	2	10	rs13102278	0.24280846523654	rs13110335	1	0.113517	0.012886109289
376	rs13102278	rs12506734	3.15543850546589e-27	2.12715584669704e-23	0.000148318448773103	0.999849795024267	1.88652696166293e-06	2	6	rs12642710	ENSG00000152784	eqtl_rs12642710_ENSG00000152784_B38.txt	rs12642710_ENSG00000152784_LD.unphased.vcor1	376	2	10	rs13102278	0.24280846523654	rs13110335	1	-0.254264	0.064650181696
411	rs12642710	rs62298615	0	0	0.000497676849950233	0.999495523914261	6.79914423640641e-06	1	1	rs12642710	ENSG00000163297	eqtl_rs12642710_ENSG00000163297_B38.txt	rs12642710_ENSG00000163297_LD.unphased.vcor1	411	2	8	rs13102278	0.19257741453366	rs10026615	1	0.241119	0.058138372161
411	rs13102278	rs62298615	0	0	0.392663460068915	0.559419038483869	0.0479175015408614	2	1	rs12642710	ENSG00000163297	eqtl_rs12642710_ENSG00000163297_B38.txt	rs12642710_ENSG00000163297_LD.unphased.vcor1	411	2	8	rs13102278	0.19257741453366	rs10026615	1	-0.486175	0.236366130625
411	rs12642710	rs4610280	0	0	0.000497623959216204	0.999389090060951	0.000113285837630922	1	2	rs12642710	ENSG00000163297	eqtl_rs12642710_ENSG00000163297_B38.txt	rs12642710_ENSG00000163297_LD.unphased.vcor1	411	2	8	rs13102278	0.19257741453366	rs10026615	1	0.161449	0.026065779601
411	rs13102278	rs4610280	0	0	0.41028479161987	0.584613697405439	0.00510151099486436	2	2	rs12642710	ENSG00000163297	eqtl_rs12642710_ENSG00000163297_B38.txt	rs12642710_ENSG00000163297_LD.unphased.vcor1	411	2	8	rs13102278	0.19257741453366	rs10026615	1	-0.394994	0.156020260036
411	rs12642710	rs62298634	0	0	0.000497677968950778	0.999497775649586	4.54638780465382e-06	1	4	rs12642710	ENSG00000163297	eqtl_rs12642710_ENSG00000163297_B38.txt	rs12642710_ENSG00000163297_LD.unphased.vcor1	411	2	8	rs13102278	0.19257741453366	rs10026615	1	0.218661	0.047812632921
411	rs13102278	rs62298634	0	0	0.379512957120588	0.540616689435652	0.0798703534692304	2	4	rs12642710	ENSG00000163297	eqtl_rs12642710_ENSG00000163297_B38.txt	rs12642710_ENSG00000163297_LD.unphased.vcor1	411	2	8	rs13102278	0.19257741453366	rs10026615	1	-0.398694	0.158956905636
411	rs12642710	rs62298606	0	0	0.000497677676019668	0.999497185720504	5.1364898066717e-06	1	5	rs12642710	ENSG00000163297	eqtl_rs12642710_ENSG00000163297_B38.txt	rs12642710_ENSG00000163297_LD.unphased.vcor1	411	2	8	rs13102278	0.19257741453366	rs10026615	1	-0.253363	0.064192809769
411	rs13102278	rs62298606	0	0	0.356266041317127	0.507378673471205	0.136355285415167	2	5	rs12642710	ENSG00000163297	eqtl_rs12642710_ENSG00000163297_B38.txt	rs12642710_ENSG00000163297_LD.unphased.vcor1	411	2	8	rs13102278	0.19257741453366	rs10026615	1	0.496705	0.246715857025
411	rs12642710	rs28534734	0	0	0.000497676911711304	0.99949564748497	6.67552843605467e-06	1	6	rs12642710	ENSG00000163297	eqtl_rs12642710_ENSG00000163297_B38.txt	rs12642710_ENSG00000163297_LD.unphased.vcor1	411	2	8	rs13102278	0.19257741453366	rs10026615	1	0.106925	0.011432955625
411	rs13102278	rs28534734	0	0	0.397808186927485	0.566774874893645	0.0354169381077729	2	6	rs12642710	ENSG00000163297	eqtl_rs12642710_ENSG00000163297_B38.txt	rs12642710_ENSG00000163297_LD.unphased.vcor1	411	2	8	rs13102278	0.19257741453366	rs10026615	1	-0.138317	0.019131592489
411	rs12642710	rs10026615	0	0	0.00049767728158264	0.999496392167535	5.93044902294582e-06	1	7	rs12642710	ENSG00000163297	eqtl_rs12642710_ENSG00000163297_B38.txt	rs12642710_ENSG00000163297_LD.unphased.vcor1	411	2	8	rs13102278	0.19257741453366	rs10026615	1	-0.113517	0.012886109289
411	rs13102278	rs10026615	0	0	0.409636011259987	0.583686082001348	0.00667790673047874	2	7	rs12642710	ENSG00000163297	eqtl_rs12642710_ENSG00000163297_B38.txt	rs12642710_ENSG00000163297_LD.unphased.vcor1	411	2	8	rs13102278	0.19257741453366	rs10026615	1	0.254264	0.064650181696
411	rs12642710	rs11098964	0	0	0.000497642504218832	0.999426407927951	7.59496958454236e-05	1	8	rs12642710	ENSG00000163297	eqtl_rs12642710_ENSG00000163297_B38.txt	rs12642710_ENSG00000163297_LD.unphased.vcor1	411	2	8	rs13102278	0.19257741453366	rs10026615	1	-0.177504	0.031507670016
411	rs13102278	rs11098964	0	0	0.410324694370407	0.584670748575529	0.00500455685164865	2	8	rs12642710	ENSG00000163297	eqtl_rs12642710_ENSG00000163297_B38.txt	rs12642710_ENSG00000163297_LD.unphased.vcor1	411	2	8	rs13102278	0.19257741453366	rs10026615	1	0.418132	0.174834369424
411	rs12642710	rs13151544	0	0	0.00049766018540172	0.999461988877738	4.03508585896725e-05	1	9	rs12642710	ENSG00000163297	eqtl_rs12642710_ENSG00000163297_B38.txt	rs12642710_ENSG00000163297_LD.unphased.vcor1	411	2	8	rs13102278	0.19257741453366	rs10026615	1	-0.0912845	0.00833285994025
411	rs13102278	rs13151544	0	0	0.409341602024145	0.583265141304238	0.00739325673752294	2	9	rs12642710	ENSG00000163297	eqtl_rs12642710_ENSG00000163297_B38.txt	rs12642710_ENSG00000163297_LD.unphased.vcor1	411	2	8	rs13102278	0.19257741453366	rs10026615	1	0.19235	0.0369985225
274	rs9304881	rs1637996	0	0	2.67519407602978e-05	0.999970260340196	2.98771889163588e-06	2	1	rs10411830	ENSG00000116017	eqtl_rs10411830_ENSG00000116017_B38.txt	rs10411830_ENSG00000116017_LD.unphased.vcor1	274	2	7	rs9304881	0.999977900908612	rs10404331	1	-0.175172	0.030685229584
274	rs10415976	rs1637996	0	0	1.4746613418358e-31	1	5.17872593945718e-25	1	1	rs10411830	ENSG00000116017	eqtl_rs10411830_ENSG00000116017_B38.txt	rs10411830_ENSG00000116017_LD.unphased.vcor1	274	2	7	rs9304881	0.999977900908612	rs10404331	1	-0.61092	0.3732232464
274	rs9304881	rs733989	0	0	2.67520110365816e-05	0.999972892488565	3.55500457036474e-07	2	2	rs10411830	ENSG00000116017	eqtl_rs10411830_ENSG00000116017_B38.txt	rs10411830_ENSG00000116017_LD.unphased.vcor1	274	2	7	rs9304881	0.999977900908612	rs10404331	1	-0.266261	0.070894920121
274	rs10415976	rs733989	0	0	3.51771198437995e-32	0.237017752940334	0.762982247059833	1	2	rs10411830	ENSG00000116017	eqtl_rs10411830_ENSG00000116017_B38.txt	rs10411830_ENSG00000116017_LD.unphased.vcor1	274	2	7	rs9304881	0.999977900908612	rs10404331	1	-0.949119	0.900826876161
274	rs9304881	rs10404331	0	0	2.67520092543497e-05	0.999972825736649	4.2225404848682e-07	2	3	rs10411830	ENSG00000116017	eqtl_rs10411830_ENSG00000116017_B38.txt	rs10411830_ENSG00000116017_LD.unphased.vcor1	274	2	7	rs9304881	0.999977900908612	rs10404331	1	-0.262244	0.068771915536
274	rs10415976	rs10404331	0	0	9.94263275744107e-32	0.673578757366285	0.326421242633514	1	3	rs10411830	ENSG00000116017	eqtl_rs10411830_ENSG00000116017_B38.txt	rs10411830_ENSG00000116017_LD.unphased.vcor1	274	2	7	rs9304881	0.999977900908612	rs10404331	1	-0.955027	0.912076570729
274	rs9304881	rs4438418	0	0	2.67519400035142e-05	0.999970231995728	3.01606482086777e-06	2	5	rs10411830	ENSG00000116017	eqtl_rs10411830_ENSG00000116017_B38.txt	rs10411830_ENSG00000116017_LD.unphased.vcor1	274	2	7	rs9304881	0.999977900908612	rs10404331	1	-0.17431	0.0303839761
274	rs10415976	rs4438418	0	0	1.4746613418358e-31	1	4.41604508059578e-25	1	5	rs10411830	ENSG00000116017	eqtl_rs10411830_ENSG00000116017_B38.txt	rs10411830_ENSG00000116017_LD.unphased.vcor1	274	2	7	rs9304881	0.999977900908612	rs10404331	1	-0.609749	0.371793843001
274	rs9304881	rs71335282	0	0	2.67519497283394e-05	0.999970596233486	2.6518168535475e-06	2	6	rs10411830	ENSG00000116017	eqtl_rs10411830_ENSG00000116017_B38.txt	rs10411830_ENSG00000116017_LD.unphased.vcor1	274	2	7	rs9304881	0.999977900908612	rs10404331	1	0.171434	0.029389616356
274	rs10415976	rs71335282	0	0	1.47466134183446e-31	1	8.10790855267756e-25	1	6	rs10411830	ENSG00000116017	eqtl_rs10411830_ENSG00000116017_B38.txt	rs10411830_ENSG00000116017_LD.unphased.vcor1	274	2	7	rs9304881	0.999977900908612	rs10404331	1	0.615765	0.379166535225
274	rs9304881	rs12232842	0	0	2.67519150188346e-05	0.999969296214456	3.9518706181712e-06	2	9	rs10411830	ENSG00000116017	eqtl_rs10411830_ENSG00000116017_B38.txt	rs10411830_ENSG00000116017_LD.unphased.vcor1	274	2	7	rs9304881	0.999977900908612	rs10404331	1	0.180595	0.032614554025
274	rs10415976	rs12232842	0	0	1.47466134183446e-31	1	4.48068960254839e-25	1	9	rs10411830	ENSG00000116017	eqtl_rs10411830_ENSG00000116017_B38.txt	rs10411830_ENSG00000116017_LD.unphased.vcor1	274	2	7	rs9304881	0.999977900908612	rs10404331	1	0.616305	0.379831853025
274	rs9304881	rs8111053	1.96882872877684e-26	7.35935461987233e-22	2.67517730908663e-05	0.999963980406792	9.26782011854405e-06	2	8	rs10411830	ENSG00000116017	eqtl_rs10411830_ENSG00000116017_B38.txt	rs10411830_ENSG00000116017_LD.unphased.vcor1	274	2	7	rs9304881	0.999977900908612	rs10404331	1	-0.202446	0.040984382916
274	rs10415976	rs8111053	1.08529464763269e-52	7.3596195739602e-22	1.47466134183438e-31	0.999999999999986	8.77950581996802e-15	1	8	rs10411830	ENSG00000116017	eqtl_rs10411830_ENSG00000116017_B38.txt	rs10411830_ENSG00000116017_LD.unphased.vcor1	274	2	7	rs9304881	0.999977900908612	rs10404331	1	-0.637629	0.406570741641
1163	rs9670479	rs4942853	0	0	0.00324120355011958	0.704116126234165	0.292642670525331	1	1	rs9670479	ENSG00000136144	eqtl_rs9670479_ENSG00000136144_B38.txt	rs9670479_ENSG00000136144_LD.unphased.vcor1	1163	1	10	rs9670479	0.112303496107735	rs4415919	1	0.710541	0.504868512681
1163	rs9670479	rs9805560	0	0	0.00452368863243626	0.983514973846012	0.0119613374476679	1	2	rs9670479	ENSG00000136144	eqtl_rs9670479_ENSG00000136144_B38.txt	rs9670479_ENSG00000136144_LD.unphased.vcor1	1163	1	10	rs9670479	0.112303496107735	rs4415919	1	0.329396	0.108501724816
1163	rs9670479	rs4941650	0	0	0.00457694756297118	0.995117824954518	0.000305227452215002	1	3	rs9670479	ENSG00000136144	eqtl_rs9670479_ENSG00000136144_B38.txt	rs9670479_ENSG00000136144_LD.unphased.vcor1	1163	1	10	rs9670479	0.112303496107735	rs4415919	1	0.265943	0.070725679249
1163	rs9670479	rs9596123	0	0	0.00457810375883055	0.99536971113518	5.21852222147019e-05	1	4	rs9670479	ENSG00000136144	eqtl_rs9670479_ENSG00000136144_B38.txt	rs9670479_ENSG00000136144_LD.unphased.vcor1	1163	1	10	rs9670479	0.112303496107735	rs4415919	1	-0.325668	0.106059646224
1163	rs9670479	rs9568269	0	0	0.00457811963577885	0.995373169584798	4.87107233921538e-05	1	5	rs9670479	ENSG00000136144	eqtl_rs9670479_ENSG00000136144_B38.txt	rs9670479_ENSG00000136144_LD.unphased.vcor1	1163	1	10	rs9670479	0.112303496107735	rs4415919	1	0.165376	0.027349221376
1163	rs9670479	rs4942835	0	0	0.00457803562974839	0.995354868384052	6.70959861768238e-05	1	6	rs9670479	ENSG00000136144	eqtl_rs9670479_ENSG00000136144_B38.txt	rs9670479_ENSG00000136144_LD.unphased.vcor1	1163	1	10	rs9670479	0.112303496107735	rs4415919	1	0.354589	0.125733358921
1163	rs9670479	rs7995979	0	0	0.000163835116809622	0.0336886823060899	0.966147482576683	1	7	rs9670479	ENSG00000136144	eqtl_rs9670479_ENSG00000136144_B38.txt	rs9670479_ENSG00000136144_LD.unphased.vcor1	1163	1	10	rs9670479	0.112303496107735	rs4415919	1	0.99293	0.9859099849
1163	rs9670479	rs61961440	0	0	0.00457813168183054	0.995375794195239	4.60742042431165e-05	1	8	rs9670479	ENSG00000136144	eqtl_rs9670479_ENSG00000136144_B38.txt	rs9670479_ENSG00000136144_LD.unphased.vcor1	1163	1	10	rs9670479	0.112303496107735	rs4415919	1	-0.155366	0.024138593956
1163	rs9670479	rs3794379	0	0	0.0045775742513162	0.995254353684704	0.000168072063817508	1	9	rs9670479	ENSG00000136144	eqtl_rs9670479_ENSG00000136144_B38.txt	rs9670479_ENSG00000136144_LD.unphased.vcor1	1163	1	10	rs9670479	0.112303496107735	rs4415919	1	-0.132817	0.017640355489
1163	rs9670479	rs4415919	0	0	0.00456751520151402	0.993062916228916	0.00236956888828911	1	10	rs9670479	ENSG00000136144	eqtl_rs9670479_ENSG00000136144_B38.txt	rs9670479_ENSG00000136144_LD.unphased.vcor1	1163	1	10	rs9670479	0.112303496107735	rs4415919	1	-0.503952	0.253967618304
788	rs9670479	rs9568281	1.22739889644989e-67	1.83960937734446e-65	0.0066270668963447	0.993255865578441	0.000117067525222947	1	1	rs9670479	ENSG00000152213	eqtl_rs9670479_ENSG00000152213_B38.txt	rs9670479_ENSG00000152213_LD.unphased.vcor1	788	1	10	rs9670479	0.121062163025762	rs61959865	1	0.200038	0.040015201444
788	rs9670479	rs61959868	0	0	0.00662740320605781	0.993306372922741	6.62238690653304e-05	1	9	rs9670479	ENSG00000152213	eqtl_rs9670479_ENSG00000152213_B38.txt	rs9670479_ENSG00000152213_LD.unphased.vcor1	788	1	10	rs9670479	0.121062163025762	rs61959865	1	0.158752	0.025202197504
788	rs9670479	rs9316474	0	0	0.00662736446223313	0.993300554341774	7.20811906379637e-05	1	10	rs9670479	ENSG00000152213	eqtl_rs9670479_ENSG00000152213_B38.txt	rs9670479_ENSG00000152213_LD.unphased.vcor1	788	1	10	rs9670479	0.121062163025762	rs61959865	1	0.198164	0.039268970896
788	rs9670479	rs41284802	1.33961377544757e-18	2.00779556708176e-16	0.00662735817860186	0.993299610654058	7.30311673402032e-05	1	2	rs9670479	ENSG00000152213	eqtl_rs9670479_ENSG00000152213_B38.txt	rs9670479_ENSG00000152213_LD.unphased.vcor1	788	1	10	rs9670479	0.121062163025762	rs61959865	1	0.194655	0.037890569025
788	rs9670479	rs9568269	3.17175323652552e-47	4.7537821757958e-45	0.0066273862691053	0.9933038293154	6.87844154927649e-05	1	3	rs9670479	ENSG00000152213	eqtl_rs9670479_ENSG00000152213_B38.txt	rs9670479_ENSG00000152213_LD.unphased.vcor1	788	1	10	rs9670479	0.121062163025762	rs61959865	1	0.165376	0.027349221376
788	rs9670479	rs7994062	0	0	0.00655491379599628	0.982419837171133	0.0110252490121873	1	4	rs9670479	ENSG00000152213	eqtl_rs9670479_ENSG00000152213_B38.txt	rs9670479_ENSG00000152213_LD.unphased.vcor1	788	1	10	rs9670479	0.121062163025762	rs61959865	1	0.462564	0.213965454096
788	rs9670479	rs9535306	0	0	0.00659264393594782	0.988086189260969	0.00532116680471717	1	5	rs9670479	ENSG00000152213	eqtl_rs9670479_ENSG00000152213_B38.txt	rs9670479_ENSG00000152213_LD.unphased.vcor1	788	1	10	rs9670479	0.121062163025762	rs61959865	1	0.368495	0.135788565025
788	rs9670479	rs61959865	0	0	0.00662739824786213	0.993305628291704	6.69734625565001e-05	1	6	rs9670479	ENSG00000152213	eqtl_rs9670479_ENSG00000152213_B38.txt	rs9670479_ENSG00000152213_LD.unphased.vcor1	788	1	10	rs9670479	0.121062163025762	rs61959865	1	0.155134	0.024066557956
788	rs9670479	rs9526566	1.75880193636949e-15	2.63606928798389e-13	0.00662738847480699	0.993304160569985	6.84509549435749e-05	1	8	rs9670479	ENSG00000152213	eqtl_rs9670479_ENSG00000152213_B38.txt	rs9670479_ENSG00000152213_LD.unphased.vcor1	788	1	10	rs9670479	0.121062163025762	rs61959865	1	0.31254	0.0976812516
788	rs9670479	rs7336188	6.68882150608339e-12	1.00251179967364e-09	0.00662741081771824	0.993307516053904	6.50721191760349e-05	1	7	rs9670479	ENSG00000152213	eqtl_rs9670479_ENSG00000152213_B38.txt	rs9670479_ENSG00000152213_LD.unphased.vcor1	788	1	10	rs9670479	0.121062163025762	rs61959865	1	0.013199	0.000174213601
201	rs12274090	rs60355221	0	0	2.66534392749381e-63	1	9.9697249224533e-60	1	1	rs12274090	ENSG00000168010	eqtl_rs12274090_ENSG00000168010_B38.txt	rs12274090_ENSG00000168010_LD.unphased.vcor1	201	4	10	rs3862794	0.903800134841158	rs10431173	1	-0.335945	0.112859043025
201	rs10793055	rs60355221	0	0	1.9789507451867e-32	1	6.50936936828436e-15	2	1	rs12274090	ENSG00000168010	eqtl_rs12274090_ENSG00000168010_B38.txt	rs12274090_ENSG00000168010_LD.unphased.vcor1	201	4	10	rs3862794	0.903800134841158	rs10431173	1	-0.702787	0.493909567369
201	rs3862794	rs60355221	0	0	1.46354509308653e-16	1	4.79451638453811e-13	3	1	rs12274090	ENSG00000168010	eqtl_rs12274090_ENSG00000168010_B38.txt	rs12274090_ENSG00000168010_LD.unphased.vcor1	201	4	10	rs3862794	0.903800134841158	rs10431173	1	0.597222	0.356674117284
201	rs34360064	rs60355221	0	0	0.741745734602469	0.249118949818318	0.00913531557906081	5	1	rs12274090	ENSG00000168010	eqtl_rs12274090_ENSG00000168010_B38.txt	rs12274090_ENSG00000168010_LD.unphased.vcor1	201	4	10	rs3862794	0.903800134841158	rs10431173	1	0.155828	0.024282365584
201	rs12274090	rs10431173	0	0	2.39638480749687e-65	0.00700491258561944	0.992995087409828	1	2	rs12274090	ENSG00000168010	eqtl_rs12274090_ENSG00000168010_B38.txt	rs12274090_ENSG00000168010_LD.unphased.vcor1	201	4	10	rs3862794	0.903800134841158	rs10431173	1	-1	1
201	rs10793055	rs10431173	0	0	1.97895074516151e-32	1	5.26194277494815e-27	2	2	rs12274090	ENSG00000168010	eqtl_rs12274090_ENSG00000168010_B38.txt	rs12274090_ENSG00000168010_LD.unphased.vcor1	201	4	10	rs3862794	0.903800134841158	rs10431173	1	-0.47211	0.2228878521
201	rs3862794	rs10431173	0	0	1.46354509306523e-16	1	1.52211072925714e-17	3	2	rs12274090	ENSG00000168010	eqtl_rs12274090_ENSG00000168010_B38.txt	rs12274090_ENSG00000168010_LD.unphased.vcor1	201	4	10	rs3862794	0.903800134841158	rs10431173	1	-0.258807	0.066981063249
201	rs34360064	rs10431173	0	0	0.741355910096112	0.248986972140627	0.00965711777013777	5	2	rs12274090	ENSG00000168010	eqtl_rs12274090_ENSG00000168010_B38.txt	rs12274090_ENSG00000168010_LD.unphased.vcor1	201	4	10	rs3862794	0.903800134841158	rs10431173	1	-0.127661	0.016297330921
201	rs12274090	rs7926133	0	0	2.66534392749381e-63	1	1.38244090171228e-62	1	3	rs12274090	ENSG00000168010	eqtl_rs12274090_ENSG00000168010_B38.txt	rs12274090_ENSG00000168010_LD.unphased.vcor1	201	4	10	rs3862794	0.903800134841158	rs10431173	1	0.287663	0.082750001569
201	rs10793055	rs7926133	0	0	1.97895074508591e-32	0.999999999949068	5.10185190468885e-11	2	3	rs12274090	ENSG00000168010	eqtl_rs12274090_ENSG00000168010_B38.txt	rs12274090_ENSG00000168010_LD.unphased.vcor1	201	4	10	rs3862794	0.903800134841158	rs10431173	1	0.722984	0.522705864256
201	rs3862794	rs7926133	0	0	1.46354509308653e-16	1	7.55297682621802e-19	3	3	rs12274090	ENSG00000168010	eqtl_rs12274090_ENSG00000168010_B38.txt	rs12274090_ENSG00000168010_LD.unphased.vcor1	201	4	10	rs3862794	0.903800134841158	rs10431173	1	-0.137092	0.018794216464
201	rs34360064	rs7926133	0	0	0.7410607331779	0.24888703802476	0.0100522287979554	5	3	rs12274090	ENSG00000168010	eqtl_rs12274090_ENSG00000168010_B38.txt	rs12274090_ENSG00000168010_LD.unphased.vcor1	201	4	10	rs3862794	0.903800134841158	rs10431173	1	-0.189834	0.036036947556
201	rs12274090	rs11605166	0	0	2.66534392749138e-63	1	6.38601274943865e-58	1	4	rs12274090	ENSG00000168010	eqtl_rs12274090_ENSG00000168010_B38.txt	rs12274090_ENSG00000168010_LD.unphased.vcor1	201	4	10	rs3862794	0.903800134841158	rs10431173	1	0.257623	0.066369610129
201	rs10793055	rs11605166	0	0	1.9789507451849e-32	1	1.74950836185355e-31	2	4	rs12274090	ENSG00000168010	eqtl_rs12274090_ENSG00000168010_B38.txt	rs12274090_ENSG00000168010_LD.unphased.vcor1	201	4	10	rs3862794	0.903800134841158	rs10431173	1	0.425567	0.181107271489
201	rs3862794	rs11605166	0	0	1.4635450930852e-16	1	5.60767106813817e-15	3	4	rs12274090	ENSG00000168010	eqtl_rs12274090_ENSG00000168010_B38.txt	rs12274090_ENSG00000168010_LD.unphased.vcor1	201	4	10	rs3862794	0.903800134841158	rs10431173	1	-0.280585	0.078727942225
201	rs34360064	rs11605166	0	0	0.724455822816398	0.243265335048113	0.0322788421355672	5	4	rs12274090	ENSG00000168010	eqtl_rs12274090_ENSG00000168010_B38.txt	rs12274090_ENSG00000168010_LD.unphased.vcor1	201	4	10	rs3862794	0.903800134841158	rs10431173	1	-0.00107695	1.1598213025e-06
201	rs12274090	rs10898879	0	0	2.66534392746472e-63	1	3.91518226314291e-36	1	5	rs12274090	ENSG00000168010	eqtl_rs12274090_ENSG00000168010_B38.txt	rs12274090_ENSG00000168010_LD.unphased.vcor1	201	4	10	rs3862794	0.903800134841158	rs10431173	1	-0.613908	0.376883032464
201	rs10793055	rs10898879	0	0	1.97895074516151e-32	1	1.06010737961847e-34	2	5	rs12274090	ENSG00000168010	eqtl_rs12274090_ENSG00000168010_B38.txt	rs12274090_ENSG00000168010_LD.unphased.vcor1	201	4	10	rs3862794	0.903800134841158	rs10431173	1	-0.0103895	0.00010794171025
201	rs3862794	rs10898879	0	0	1.46354509306523e-16	1	8.09789997181145e-16	3	5	rs12274090	ENSG00000168010	eqtl_rs12274090_ENSG00000168010_B38.txt	rs12274090_ENSG00000168010_LD.unphased.vcor1	201	4	10	rs3862794	0.903800134841158	rs10431173	1	-0.485428	0.235640343184
201	rs34360064	rs10898879	0	0	0.741754591116389	0.249121948255164	0.00912346063457704	5	5	rs12274090	ENSG00000168010	eqtl_rs12274090_ENSG00000168010_B38.txt	rs12274090_ENSG00000168010_LD.unphased.vcor1	201	4	10	rs3862794	0.903800134841158	rs10431173	1	-0.276841	0.076640939281
201	rs12274090	rs6592500	0	0	2.66534392749381e-63	1	6.59948516042739e-62	1	6	rs12274090	ENSG00000168010	eqtl_rs12274090_ENSG00000168010_B38.txt	rs12274090_ENSG00000168010_LD.unphased.vcor1	201	4	10	rs3862794	0.903800134841158	rs10431173	1	0.251742	0.063374034564
201	rs10793055	rs6592500	0	0	1.9789507451867e-32	1	5.96991462153285e-32	2	6	rs12274090	ENSG00000168010	eqtl_rs12274090_ENSG00000168010_B38.txt	rs12274090_ENSG00000168010_LD.unphased.vcor1	201	4	10	rs3862794	0.903800134841158	rs10431173	1	-0.297864	0.088722962496
201	rs3862794	rs6592500	0	0	6.62911621734903e-18	0.0433816862872671	0.956618313712756	3	6	rs12274090	ENSG00000168010	eqtl_rs12274090_ENSG00000168010_B38.txt	rs12274090_ENSG00000168010_LD.unphased.vcor1	201	4	10	rs3862794	0.903800134841158	rs10431173	1	0.962854	0.927087825316
201	rs34360064	rs6592500	0	0	0.738023791204791	0.247858861096336	0.0141173476997781	5	6	rs12274090	ENSG00000168010	eqtl_rs12274090_ENSG00000168010_B38.txt	rs12274090_ENSG00000168010_LD.unphased.vcor1	201	4	10	rs3862794	0.903800134841158	rs10431173	1	0.205554	0.042252446916
201	rs12274090	rs4944816	0	0	2.6653439275035e-63	1	6.33779258399263e-60	1	7	rs12274090	ENSG00000168010	eqtl_rs12274090_ENSG00000168010_B38.txt	rs12274090_ENSG00000168010_LD.unphased.vcor1	201	4	10	rs3862794	0.903800134841158	rs10431173	1	-0.327054	0.106964318916
201	rs10793055	rs4944816	0	0	1.9789507451903e-32	1	3.22666145722711e-15	2	7	rs12274090	ENSG00000168010	eqtl_rs12274090_ENSG00000168010_B38.txt	rs12274090_ENSG00000168010_LD.unphased.vcor1	201	4	10	rs3862794	0.903800134841158	rs10431173	1	-0.70252	0.4935343504
201	rs3862794	rs4944816	0	0	1.46354509309718e-16	1	9.14686245930949e-13	3	7	rs12274090	ENSG00000168010	eqtl_rs12274090_ENSG00000168010_B38.txt	rs12274090_ENSG00000168010_LD.unphased.vcor1	201	4	10	rs3862794	0.903800134841158	rs10431173	1	0.602568	0.363088194624
201	rs34360064	rs4944816	0	0	0.741709634015122	0.24910672772448	0.00918363826091281	5	7	rs12274090	ENSG00000168010	eqtl_rs12274090_ENSG00000168010_B38.txt	rs12274090_ENSG00000168010_LD.unphased.vcor1	201	4	10	rs3862794	0.903800134841158	rs10431173	1	0.154209	0.023780415681
201	rs12274090	rs11235597	0	0	2.6653439275035e-63	1	5.12121592085136e-58	1	8	rs12274090	ENSG00000168010	eqtl_rs12274090_ENSG00000168010_B38.txt	rs12274090_ENSG00000168010_LD.unphased.vcor1	201	4	10	rs3862794	0.903800134841158	rs10431173	1	-0.440069	0.193660724761
201	rs10793055	rs11235597	0	0	1.9789507451903e-32	1	3.99584248936575e-19	2	8	rs12274090	ENSG00000168010	eqtl_rs12274090_ENSG00000168010_B38.txt	rs12274090_ENSG00000168010_LD.unphased.vcor1	201	4	10	rs3862794	0.903800134841158	rs10431173	1	-0.528577	0.279393644929
201	rs3862794	rs11235597	0	0	1.46354509309718e-16	1	9.99636139627614e-19	3	8	rs12274090	ENSG00000168010	eqtl_rs12274090_ENSG00000168010_B38.txt	rs12274090_ENSG00000168010_LD.unphased.vcor1	201	4	10	rs3862794	0.903800134841158	rs10431173	1	0.258902	0.067030245604
201	rs34360064	rs11235597	0	0	0.736736282020665	0.24742296628777	0.0158407516941204	5	8	rs12274090	ENSG00000168010	eqtl_rs12274090_ENSG00000168010_B38.txt	rs12274090_ENSG00000168010_LD.unphased.vcor1	201	4	10	rs3862794	0.903800134841158	rs10431173	1	0.169013	0.028565394169
201	rs12274090	rs77884652	0	0	2.66534392749138e-63	1	3.18389657154891e-50	1	9	rs12274090	ENSG00000168010	eqtl_rs12274090_ENSG00000168010_B38.txt	rs12274090_ENSG00000168010_LD.unphased.vcor1	201	4	10	rs3862794	0.903800134841158	rs10431173	1	0.403081	0.162474292561
201	rs10793055	rs77884652	0	0	1.9789507451849e-32	1	6.89432735726739e-34	2	9	rs12274090	ENSG00000168010	eqtl_rs12274090_ENSG00000168010_B38.txt	rs12274090_ENSG00000168010_LD.unphased.vcor1	201	4	10	rs3862794	0.903800134841158	rs10431173	1	0.272516	0.074264970256
201	rs3862794	rs77884652	0	0	1.4635450930852e-16	1	8.73740022169824e-19	3	9	rs12274090	ENSG00000168010	eqtl_rs12274090_ENSG00000168010_B38.txt	rs12274090_ENSG00000168010_LD.unphased.vcor1	201	4	10	rs3862794	0.903800134841158	rs10431173	1	0.20332	0.0413390224
201	rs34360064	rs77884652	0	0	0.733433388341333	0.246304749639356	0.0202618620196437	5	9	rs12274090	ENSG00000168010	eqtl_rs12274090_ENSG00000168010_B38.txt	rs12274090_ENSG00000168010_LD.unphased.vcor1	201	4	10	rs3862794	0.903800134841158	rs10431173	1	0.0419298	0.00175810812804
201	rs12274090	rs10898885	0	0	2.66534392749381e-63	1	1.72633604386816e-53	1	10	rs12274090	ENSG00000168010	eqtl_rs12274090_ENSG00000168010_B38.txt	rs12274090_ENSG00000168010_LD.unphased.vcor1	201	4	10	rs3862794	0.903800134841158	rs10431173	1	-0.397318	0.157861593124
201	rs10793055	rs10898885	0	0	1.9789507451867e-32	1	2.21243590413112e-26	2	10	rs12274090	ENSG00000168010	eqtl_rs12274090_ENSG00000168010_B38.txt	rs12274090_ENSG00000168010_LD.unphased.vcor1	201	4	10	rs3862794	0.903800134841158	rs10431173	1	0.44232	0.1956469824
201	rs3862794	rs10898885	0	0	1.46354229757592e-16	0.999998086077552	1.91392320931469e-06	3	10	rs12274090	ENSG00000168010	eqtl_rs12274090_ENSG00000168010_B38.txt	rs12274090_ENSG00000168010_LD.unphased.vcor1	201	4	10	rs3862794	0.903800134841158	rs10431173	1	-0.840163	0.705873866569
201	rs34360064	rs10898885	0	0	0.740895974509626	0.248831257880077	0.010272767609806	5	10	rs12274090	ENSG00000168010	eqtl_rs12274090_ENSG00000168010_B38.txt	rs12274090_ENSG00000168010_LD.unphased.vcor1	201	4	10	rs3862794	0.903800134841158	rs10431173	1	-0.275532	0.075917883024
587	rs12274090	rs12795307	0	0	9.01880836998971e-63	1	8.28028310400877e-51	1	1	rs12274090	ENSG00000214530	eqtl_rs12274090_ENSG00000214530_B38.txt	rs12274090_ENSG00000214530_LD.unphased.vcor1	587	3	5	rs3862794	0.896783581055256	rs10898879	1	-0.469336	0.220276280896
587	rs3862794	rs12795307	0	0	1.20193831508762e-16	0.99999988649143	1.13508676193999e-07	3	1	rs12274090	ENSG00000214530	eqtl_rs12274090_ENSG00000214530_B38.txt	rs12274090_ENSG00000214530_LD.unphased.vcor1	587	3	5	rs3862794	0.896783581055256	rs10898879	1	-0.744498	0.554277272004
587	rs10793055	rs12795307	0	0	2.30649926776609e-32	1	1.61255311080393e-31	2	1	rs12274090	ENSG00000214530	eqtl_rs12274090_ENSG00000214530_B38.txt	rs12274090_ENSG00000214530_LD.unphased.vcor1	587	3	5	rs3862794	0.896783581055256	rs10898879	1	0.303019	0.091820514361
587	rs12274090	rs6592507	0	0	9.01880836999792e-63	1	1.43543009885984e-61	1	2	rs12274090	ENSG00000214530	eqtl_rs12274090_ENSG00000214530_B38.txt	rs12274090_ENSG00000214530_LD.unphased.vcor1	587	3	5	rs3862794	0.896783581055256	rs10898879	1	-0.242904	0.059002353216
587	rs3862794	rs6592507	0	0	6.14919893438639e-18	0.0492591991136282	0.950740800886954	3	2	rs12274090	ENSG00000214530	eqtl_rs12274090_ENSG00000214530_B38.txt	rs12274090_ENSG00000214530_LD.unphased.vcor1	587	3	5	rs3862794	0.896783581055256	rs10898879	1	-0.968745	0.938466875025
587	rs10793055	rs6592507	0	0	2.30649926776714e-32	1	3.284078956196e-32	2	2	rs12274090	ENSG00000214530	eqtl_rs12274090_ENSG00000214530_B38.txt	rs12274090_ENSG00000214530_LD.unphased.vcor1	587	3	5	rs3862794	0.896783581055256	rs10898879	1	0.274883	0.075560663689
587	rs12274090	rs3862794	0	0	9.01880836998971e-63	1	3.34893353517063e-61	1	3	rs12274090	ENSG00000214530	eqtl_rs12274090_ENSG00000214530_B38.txt	rs12274090_ENSG00000214530_LD.unphased.vcor1	587	3	5	rs3862794	0.896783581055256	rs10898879	1	0.258807	0.066981063249
587	rs3862794	rs3862794	0	0	2.68300372460948e-19	0.000232695937316924	0.99976730406294	3	3	rs12274090	ENSG00000214530	eqtl_rs12274090_ENSG00000214530_B38.txt	rs12274090_ENSG00000214530_LD.unphased.vcor1	587	3	5	rs3862794	0.896783581055256	rs10898879	1	1	1
587	rs10793055	rs3862794	0	0	2.30649926776504e-32	1	4.88764235800441e-32	2	3	rs12274090	ENSG00000214530	eqtl_rs12274090_ENSG00000214530_B38.txt	rs12274090_ENSG00000214530_LD.unphased.vcor1	587	3	5	rs3862794	0.896783581055256	rs10898879	1	-0.291614	0.085038724996
587	rs12274090	rs10898879	0	0	9.01880836999074e-63	1	4.53792956351877e-35	1	4	rs12274090	ENSG00000214530	eqtl_rs12274090_ENSG00000214530_B38.txt	rs12274090_ENSG00000214530_LD.unphased.vcor1	587	3	5	rs3862794	0.896783581055256	rs10898879	1	-0.613908	0.376883032464
587	rs3862794	rs10898879	0	0	1.20193845124519e-16	1	3.96108889202607e-16	3	4	rs12274090	ENSG00000214530	eqtl_rs12274090_ENSG00000214530_B38.txt	rs12274090_ENSG00000214530_LD.unphased.vcor1	587	3	5	rs3862794	0.896783581055256	rs10898879	1	-0.485428	0.235640343184
587	rs10793055	rs10898879	0	0	2.30649926776583e-32	1	1.41700393170162e-34	2	4	rs12274090	ENSG00000214530	eqtl_rs12274090_ENSG00000214530_B38.txt	rs12274090_ENSG00000214530_LD.unphased.vcor1	587	3	5	rs3862794	0.896783581055256	rs10898879	1	-0.0103895	0.00010794171025
587	rs12274090	rs6592500	0	0	9.01880836999792e-63	1	2.02860672514171e-61	1	8	rs12274090	ENSG00000214530	eqtl_rs12274090_ENSG00000214530_B38.txt	rs12274090_ENSG00000214530_LD.unphased.vcor1	587	3	5	rs3862794	0.896783581055256	rs10898879	1	0.251742	0.063374034564
587	rs3862794	rs6592500	0	0	5.11126788376933e-18	0.0406064176698144	0.959393582330086	3	8	rs12274090	ENSG00000214530	eqtl_rs12274090_ENSG00000214530_B38.txt	rs12274090_ENSG00000214530_LD.unphased.vcor1	587	3	5	rs3862794	0.896783581055256	rs10898879	1	0.962854	0.927087825316
587	rs10793055	rs6592500	0	0	2.30649926776714e-32	1	6.65789341672882e-32	2	8	rs12274090	ENSG00000214530	eqtl_rs12274090_ENSG00000214530_B38.txt	rs12274090_ENSG00000214530_LD.unphased.vcor1	587	3	5	rs3862794	0.896783581055256	rs10898879	1	-0.297864	0.088722962496
288	rs548234	rs34622269	1.0166734693945e-104	0.0912461155024473	1.0123522544939e-103	0.90858253591109	0.000171348586451257	1	1	rs548234	ENSG00000057657	eqtl_rs548234_ENSG00000057657_B38.txt	rs548234_ENSG00000057657_LD.unphased.vcor1	288	10	1	rs1883230	1	rs34622269	0.997998017081832	0.253839	0.064434237921
288	rs1883230	rs34622269	1.04741016457882e-22	0.0909528826985736	1.04295830806197e-21	0.905656232210666	0.00339088509075919	4	1	rs548234	ENSG00000057657	eqtl_rs548234_ENSG00000057657_B38.txt	rs548234_ENSG00000057657_LD.unphased.vcor1	288	10	1	rs1883230	1	rs34622269	0.997998017081832	-0.0141081	0.00019903848561
288	rs9398068	rs34622269	8.74593751171367e-38	0.0912457006147655	8.70876424356693e-37	0.908578395557981	0.000175903827247564	5	1	rs548234	ENSG00000057657	eqtl_rs548234_ENSG00000057657_B38.txt	rs548234_ENSG00000057657_LD.unphased.vcor1	288	10	1	rs1883230	1	rs34622269	0.997998017081832	-0.269975	0.072886500625
288	rs1040411	rs34622269	2.87985931538844e-61	0.091205956485618	2.86761891435515e-60	0.908181770792045	0.000612272722335373	6	1	rs548234	ENSG00000057657	eqtl_rs548234_ENSG00000057657_B38.txt	rs548234_ENSG00000057657_LD.unphased.vcor1	288	10	1	rs1883230	1	rs34622269	0.997998017081832	0.167156	0.027941128336
288	rs4946725	rs34622269	1.66856061389634e-11	0.0912373804796899	1.66146865251011e-10	0.908495365141078	0.000267254196399154	7	1	rs548234	ENSG00000057657	eqtl_rs548234_ENSG00000057657_B38.txt	rs548234_ENSG00000057657_LD.unphased.vcor1	288	10	1	rs1883230	1	rs34622269	0.997998017081832	0.0906517	0.00821773071289
288	rs9486290	rs34622269	2.23348511387036e-28	0.0912450157901787	2.22399202740268e-27	0.908571561381522	0.000183422828297987	8	1	rs548234	ENSG00000057657	eqtl_rs548234_ENSG00000057657_B38.txt	rs548234_ENSG00000057657_LD.unphased.vcor1	288	10	1	rs1883230	1	rs34622269	0.997998017081832	-0.100512	0.010102662144
288	rs55859785	rs34622269	8.50221437751969e-05	0.0900867131933136	0.000846607701723407	0.897014199221242	0.0119674577399465	9	1	rs548234	ENSG00000057657	eqtl_rs548234_ENSG00000057657_B38.txt	rs548234_ENSG00000057657_LD.unphased.vcor1	288	10	1	rs1883230	1	rs34622269	0.997998017081832	-0.100475	0.010095225625
288	rs6923608	rs34622269	1.85730626164321e-35	0.0912252890773015	1.84941206578345e-34	0.908374699529358	0.000400011393338721	2	1	rs548234	ENSG00000057657	eqtl_rs548234_ENSG00000057657_B38.txt	rs548234_ENSG00000057657_LD.unphased.vcor1	288	10	1	rs1883230	1	rs34622269	0.997998017081832	0.0528471	0.00279281597841
288	rs530239	rs34622269	0.0203608837015538	0.0697327674776236	0.202743428831993	0.694338140716358	0.0128247792724718	10	1	rs548234	ENSG00000057657	eqtl_rs548234_ENSG00000057657_B38.txt	rs548234_ENSG00000057657_LD.unphased.vcor1	288	10	1	rs1883230	1	rs34622269	0.997998017081832	0.299637	0.089782331769
288	rs6924580	rs34622269	1.12116188601744e-09	0.0912454396873726	1.11639655910206e-08	0.908575791669302	0.000178756358196859	3	1	rs548234	ENSG00000057657	eqtl_rs548234_ENSG00000057657_B38.txt	rs548234_ENSG00000057657_LD.unphased.vcor1	288	10	1	rs1883230	1	rs34622269	0.997998017081832	-0.0187198	0.00035043091204
362	rs548234	rs74525730	4.69234320672749e-137	0.0187049581933438	2.46133513225394e-135	0.981154949095633	0.000140092711014362	1	1	rs548234	ENSG00000057663	eqtl_rs548234_ENSG00000057663_B38.txt	rs548234_ENSG00000057663_LD.unphased.vcor1	362	9	1	rs9398068	1	rs75311326	0.814213342343656	-0.0907778	0.00824060897284
362	rs9398068	rs74525730	4.33352899252443e-61	0.0187068858321582	2.27312169763058e-59	0.981256268507631	3.68456601980156e-05	4	1	rs548234	ENSG00000057663	eqtl_rs548234_ENSG00000057663_B38.txt	rs548234_ENSG00000057663_LD.unphased.vcor1	362	9	1	rs9398068	1	rs75311326	0.814213342343656	0.0448558	0.00201204279364
362	rs1040411	rs74525730	1.45391559837734e-49	0.0187068358678956	7.62641048184113e-48	0.981253642315619	3.95218164798512e-05	5	1	rs548234	ENSG00000057663	eqtl_rs548234_ENSG00000057663_B38.txt	rs548234_ENSG00000057663_LD.unphased.vcor1	362	9	1	rs9398068	1	rs75311326	0.814213342343656	0.0885078	0.00783363066084
362	rs9486290	rs74525730	1.0973625246411e-16	0.0187066261600397	5.75613678651135e-15	0.981242619775214	5.07540647418353e-05	6	1	rs548234	ENSG00000057663	eqtl_rs548234_ENSG00000057663_B38.txt	rs548234_ENSG00000057663_LD.unphased.vcor1	362	9	1	rs9398068	1	rs75311326	0.814213342343656	-0.019043	0.000362635849
362	rs9480642	rs74525730	1.69710718386295e-32	0.0187063120940381	8.90205458299317e-31	0.981226112023678	6.75758822834331e-05	8	1	rs548234	ENSG00000057663	eqtl_rs548234_ENSG00000057663_B38.txt	rs548234_ENSG00000057663_LD.unphased.vcor1	362	9	1	rs9398068	1	rs75311326	0.814213342343656	-0.0577185	0.00333142524225
362	rs6568429	rs74525730	8.77780997358031e-27	0.0187055178903805	4.60433756022941e-25	0.981184367560438	0.00011011454918251	9	1	rs548234	ENSG00000057663	eqtl_rs548234_ENSG00000057663_B38.txt	rs548234_ENSG00000057663_LD.unphased.vcor1	362	9	1	rs9398068	1	rs75311326	0.814213342343656	0.065725	0.004319775625
362	rs6923608	rs74525730	6.33470138238826e-28	0.018705409678883	3.32282238913298e-26	0.981178679811654	0.000115910509459159	2	1	rs548234	ENSG00000057663	eqtl_rs548234_ENSG00000057663_B38.txt	rs548234_ENSG00000057663_LD.unphased.vcor1	362	9	1	rs9398068	1	rs75311326	0.814213342343656	-0.00739266	5.46514218756e-05
362	rs4946725	rs74525730	2.07090287330994e-07	0.0187061278237291	1.08627731881496e-05	0.981216448700697	6.63536120984318e-05	7	1	rs548234	ENSG00000057663	eqtl_rs548234_ENSG00000057663_B38.txt	rs548234_ENSG00000057663_LD.unphased.vcor1	362	9	1	rs9398068	1	rs75311326	0.814213342343656	0.0445138	0.00198147839044
362	rs6924580	rs74525730	1.75306853119332e-09	0.0187066414618598	9.19559583554908e-08	0.981243424248244	4.98405808689596e-05	3	1	rs548234	ENSG00000057663	eqtl_rs548234_ENSG00000057663_B38.txt	rs548234_ENSG00000057663_LD.unphased.vcor1	362	9	1	rs9398068	1	rs75311326	0.814213342343656	-0.213118	0.045419281924
130	rs7382170	rs475395	2.43638258342734e-10	1.82076793917637e-05	1.33806446737798e-05	0.999968107572446	3.03859851943946e-07	1	2	rs2206255	ENSG00000229931	eqtl_rs2206255_ENSG00000229931_B38.txt	rs2206255_ENSG00000229931_LD.unphased.vcor1	130	1	4	rs7382170	0.999341720066947	rs475395	0.999999715547597	-0.00589553	3.47572739809e-05
130	rs7382170	rs589461	3.60243004207584e-12	2.69218355456738e-07	1.33808844506669e-05	0.999986026643398	3.23250193301805e-07	1	4	rs2206255	ENSG00000229931	eqtl_rs2206255_ENSG00000229931_B38.txt	rs2206255_ENSG00000229931_LD.unphased.vcor1	130	1	4	rs7382170	0.999341720066947	rs475395	0.999999715547597	-0.0215154	0.00046291243716
130	rs7382170	rs9383207	1.78668265168884e-16	1.33523138435071e-11	1.33808908275055e-05	0.999986503615588	1.15480230903485e-07	1	3	rs2206255	ENSG00000229931	eqtl_rs2206255_ENSG00000229931_B38.txt	rs2206255_ENSG00000229931_LD.unphased.vcor1	130	1	4	rs7382170	0.999341720066947	rs475395	0.999999715547597	-0.0220853	0.00048776047609
130	rs7382170	rs16878970	2.04039123542479e-06	0.152483397726961	1.13335074368454e-05	0.846979517938289	0.000523710436077578	1	5	rs2206255	ENSG00000229931	eqtl_rs2206255_ENSG00000229931_B38.txt	rs2206255_ENSG00000229931_LD.unphased.vcor1	130	1	4	rs7382170	0.999341720066947	rs475395	0.999999715547597	0.0255494	0.00065277184036
										rs11065979	ENSG00000089234	eqtl_rs11065979_ENSG00000089234_B38.txt	rs11065979_ENSG00000089234_LD.unphased.vcor1	25	1	0	rs3809272	0.530783646349906	rs112158477	0.398162220705751		
354	rs9451330	rs11754356	0	1.12798478978797e-56	0	1	6.06020964571676e-49	2	9	rs3757247	ENSG00000112182	eqtl_rs3757247_ENSG00000112182_B38.txt	rs3757247_ENSG00000112182_LD.unphased.vcor1	354	7	10	rs10806421	1	rs285617	1	-0.38253	0.1463292009
354	rs4707590	rs11754356	1.81474542368034e-247	1.12798478979265e-56	1.60883855890827e-191	1	2.68506763095486e-49	3	9	rs3757247	ENSG00000112182	eqtl_rs3757247_ENSG00000112182_B38.txt	rs3757247_ENSG00000112182_LD.unphased.vcor1	354	7	10	rs10806421	1	rs285617	1	-0.390757	0.152691033049
354	rs10806421	rs11754356	0	1.12798478978797e-56	0	1	2.63245627350984e-50	4	9	rs3757247	ENSG00000112182	eqtl_rs3757247_ENSG00000112182_B38.txt	rs3757247_ENSG00000112182_LD.unphased.vcor1	354	7	10	rs10806421	1	rs285617	1	0.378053	0.142924070809
354	rs9444734	rs11754356	0	1.12798478978797e-56	0	1	1.3358227157083e-48	5	9	rs3757247	ENSG00000112182	eqtl_rs3757247_ENSG00000112182_B38.txt	rs3757247_ENSG00000112182_LD.unphased.vcor1	354	7	10	rs10806421	1	rs285617	1	0.380436	0.144731550096
354	rs7774104	rs11754356	0	1.12798478979617e-56	0	1	8.14858109146314e-49	7	9	rs3757247	ENSG00000112182	eqtl_rs3757247_ENSG00000112182_B38.txt	rs3757247_ENSG00000112182_LD.unphased.vcor1	354	7	10	rs10806421	1	rs285617	1	0.380346	0.144663079716
354	rs9362713	rs11754356	0	1.12798478979412e-56	0	1	2.50755242989841e-51	9	9	rs3757247	ENSG00000112182	eqtl_rs3757247_ENSG00000112182_B38.txt	rs3757247_ENSG00000112182_LD.unphased.vcor1	354	7	10	rs10806421	1	rs285617	1	-0.376359	0.141646096881
354	rs6919512	rs11754356	4.2243287729775e-65	1.12798477429539e-56	3.74502281520506e-09	0.999999986241107	1.00138612642892e-08	1	9	rs3757247	ENSG00000112182	eqtl_rs3757247_ENSG00000112182_B38.txt	rs3757247_ENSG00000112182_LD.unphased.vcor1	354	7	10	rs10806421	1	rs285617	1	0.428926	0.183977513476
354	rs9451330	rs72928038	0	1.11509734243453e-70	0	1	3.86731000894259e-64	2	1	rs3757247	ENSG00000112182	eqtl_rs3757247_ENSG00000112182_B38.txt	rs3757247_ENSG00000112182_LD.unphased.vcor1	354	7	10	rs10806421	1	rs285617	1	-0.321412	0.103305673744
354	rs4707590	rs72928038	1.79401160144848e-261	1.11509734243688e-70	1.60883855890818e-191	1	3.04892720911846e-64	3	1	rs3757247	ENSG00000112182	eqtl_rs3757247_ENSG00000112182_B38.txt	rs3757247_ENSG00000112182_LD.unphased.vcor1	354	7	10	rs10806421	1	rs285617	1	-0.333188	0.111014243344
354	rs10806421	rs72928038	0	1.11509734243453e-70	0	1	1.56438677896378e-65	4	1	rs3757247	ENSG00000112182	eqtl_rs3757247_ENSG00000112182_B38.txt	rs3757247_ENSG00000112182_LD.unphased.vcor1	354	7	10	rs10806421	1	rs285617	1	0.315069	0.099268474761
354	rs9444734	rs72928038	0	1.11509734243453e-70	0	1	7.09733728140026e-64	5	1	rs3757247	ENSG00000112182	eqtl_rs3757247_ENSG00000112182_B38.txt	rs3757247_ENSG00000112182_LD.unphased.vcor1	354	7	10	rs10806421	1	rs285617	1	0.318421	0.101391933241
354	rs7774104	rs72928038	0	1.11509734243859e-70	0	1	5.23797873873867e-64	7	1	rs3757247	ENSG00000112182	eqtl_rs3757247_ENSG00000112182_B38.txt	rs3757247_ENSG00000112182_LD.unphased.vcor1	354	7	10	rs10806421	1	rs285617	1	0.319653	0.102178040409
354	rs9362713	rs72928038	0	1.11509734243859e-70	0	1	1.82274480694574e-66	9	1	rs3757247	ENSG00000112182	eqtl_rs3757247_ENSG00000112182_B38.txt	rs3757247_ENSG00000112182_LD.unphased.vcor1	354	7	10	rs10806421	1	rs285617	1	-0.313909	0.098538860281
354	rs6919512	rs72928038	4.17380685726091e-79	1.11449435847807e-70	3.74299776209644e-09	0.999458170769351	0.000541825487637766	1	1	rs3757247	ENSG00000112182	eqtl_rs3757247_ENSG00000112182_B38.txt	rs3757247_ENSG00000112182_LD.unphased.vcor1	354	7	10	rs10806421	1	rs285617	1	0.715345	0.511718469025
354	rs9451330	rs285616	0	0	0	1	0	2	3	rs3757247	ENSG00000112182	eqtl_rs3757247_ENSG00000112182_B38.txt	rs3757247_ENSG00000112182_LD.unphased.vcor1	354	7	10	rs10806421	1	rs285617	1	0.287422	0.082611406084
354	rs4707590	rs285616	0	0	1.60883855891046e-191	1	1.69175726451048e-177	3	3	rs3757247	ENSG00000112182	eqtl_rs3757247_ENSG00000112182_B38.txt	rs3757247_ENSG00000112182_LD.unphased.vcor1	354	7	10	rs10806421	1	rs285617	1	0.318281	0.101302794961
354	rs10806421	rs285616	0	0	0	1	0	4	3	rs3757247	ENSG00000112182	eqtl_rs3757247_ENSG00000112182_B38.txt	rs3757247_ENSG00000112182_LD.unphased.vcor1	354	7	10	rs10806421	1	rs285617	1	-0.288684	0.083338451856
354	rs9444734	rs285616	0	0	0	1	0	5	3	rs3757247	ENSG00000112182	eqtl_rs3757247_ENSG00000112182_B38.txt	rs3757247_ENSG00000112182_LD.unphased.vcor1	354	7	10	rs10806421	1	rs285617	1	-0.289783	0.083974187089
354	rs7774104	rs285616	0	0	0	1	0	7	3	rs3757247	ENSG00000112182	eqtl_rs3757247_ENSG00000112182_B38.txt	rs3757247_ENSG00000112182_LD.unphased.vcor1	354	7	10	rs10806421	1	rs285617	1	-0.286235	0.081930475225
354	rs9362713	rs285616	0	0	0	1	0	9	3	rs3757247	ENSG00000112182	eqtl_rs3757247_ENSG00000112182_B38.txt	rs3757247_ENSG00000112182_LD.unphased.vcor1	354	7	10	rs10806421	1	rs285617	1	0.286446	0.082051310916
354	rs6919512	rs285616	0	0	3.74502285245947e-09	0.999999996207407	4.72195242222977e-11	1	3	rs3757247	ENSG00000112182	eqtl_rs3757247_ENSG00000112182_B38.txt	rs3757247_ENSG00000112182_LD.unphased.vcor1	354	7	10	rs10806421	1	rs285617	1	0.0558108	0.00311484539664
354	rs9451330	rs2064960	0	0	0	1	0	2	5	rs3757247	ENSG00000112182	eqtl_rs3757247_ENSG00000112182_B38.txt	rs3757247_ENSG00000112182_LD.unphased.vcor1	354	7	10	rs10806421	1	rs285617	1	-0.41106	0.1689703236
354	rs4707590	rs2064960	0	0	1.60883855891046e-191	1	2.58975780078274e-158	3	5	rs3757247	ENSG00000112182	eqtl_rs3757247_ENSG00000112182_B38.txt	rs3757247_ENSG00000112182_LD.unphased.vcor1	354	7	10	rs10806421	1	rs285617	1	-0.441489	0.194912537121
354	rs10806421	rs2064960	0	0	0	1	0	4	5	rs3757247	ENSG00000112182	eqtl_rs3757247_ENSG00000112182_B38.txt	rs3757247_ENSG00000112182_LD.unphased.vcor1	354	7	10	rs10806421	1	rs285617	1	0.410416	0.168441293056
354	rs9444734	rs2064960	0	0	0	1	0	5	5	rs3757247	ENSG00000112182	eqtl_rs3757247_ENSG00000112182_B38.txt	rs3757247_ENSG00000112182_LD.unphased.vcor1	354	7	10	rs10806421	1	rs285617	1	0.412735	0.170350180225
354	rs7774104	rs2064960	0	0	0	1	0	7	5	rs3757247	ENSG00000112182	eqtl_rs3757247_ENSG00000112182_B38.txt	rs3757247_ENSG00000112182_LD.unphased.vcor1	354	7	10	rs10806421	1	rs285617	1	0.409371	0.167584615641
354	rs9362713	rs2064960	0	0	0	1	0	9	5	rs3757247	ENSG00000112182	eqtl_rs3757247_ENSG00000112182_B38.txt	rs3757247_ENSG00000112182_LD.unphased.vcor1	354	7	10	rs10806421	1	rs285617	1	-0.409089	0.167353809921
354	rs6919512	rs2064960	0	0	3.74502285132184e-09	0.999999995903636	3.50994160553025e-10	1	5	rs3757247	ENSG00000112182	eqtl_rs3757247_ENSG00000112182_B38.txt	rs3757247_ENSG00000112182_LD.unphased.vcor1	354	7	10	rs10806421	1	rs285617	1	0.365476	0.133572706576
354	rs9451330	rs285617	0	0	0	1	0	2	6	rs3757247	ENSG00000112182	eqtl_rs3757247_ENSG00000112182_B38.txt	rs3757247_ENSG00000112182_LD.unphased.vcor1	354	7	10	rs10806421	1	rs285617	1	-0.264726	0.070079855076
354	rs4707590	rs285617	0	0	1.60883855890754e-191	1	2.81917552406703e-181	3	6	rs3757247	ENSG00000112182	eqtl_rs3757247_ENSG00000112182_B38.txt	rs3757247_ENSG00000112182_LD.unphased.vcor1	354	7	10	rs10806421	1	rs285617	1	-0.266881	0.071225468161
354	rs10806421	rs285617	0	0	0	1	0	4	6	rs3757247	ENSG00000112182	eqtl_rs3757247_ENSG00000112182_B38.txt	rs3757247_ENSG00000112182_LD.unphased.vcor1	354	7	10	rs10806421	1	rs285617	1	0.26185	0.0685654225
354	rs9444734	rs285617	0	0	0	1	0	5	6	rs3757247	ENSG00000112182	eqtl_rs3757247_ENSG00000112182_B38.txt	rs3757247_ENSG00000112182_LD.unphased.vcor1	354	7	10	rs10806421	1	rs285617	1	0.26405	0.0697224025
354	rs7774104	rs285617	0	0	0	1	0	7	6	rs3757247	ENSG00000112182	eqtl_rs3757247_ENSG00000112182_B38.txt	rs3757247_ENSG00000112182_LD.unphased.vcor1	354	7	10	rs10806421	1	rs285617	1	0.263668	0.069520814224
354	rs9362713	rs285617	0	0	0	1	0	9	6	rs3757247	ENSG00000112182	eqtl_rs3757247_ENSG00000112182_B38.txt	rs3757247_ENSG00000112182_LD.unphased.vcor1	354	7	10	rs10806421	1	rs285617	1	-0.262909	0.069121142281
354	rs6919512	rs285617	0	0	3.74501629638752e-09	0.999998242091987	1.75416274605708e-06	1	6	rs3757247	ENSG00000112182	eqtl_rs3757247_ENSG00000112182_B38.txt	rs3757247_ENSG00000112182_LD.unphased.vcor1	354	7	10	rs10806421	1	rs285617	1	0.683186	0.466743110596
354	rs9451330	rs12212737	0	1.95024204400387e-220	0	1	1.37761979541219e-189	2	8	rs3757247	ENSG00000112182	eqtl_rs3757247_ENSG00000112182_B38.txt	rs3757247_ENSG00000112182_LD.unphased.vcor1	354	7	10	rs10806421	1	rs285617	1	-0.403925	0.163155405625
354	rs4707590	rs12212737	0	1.9502420440073e-220	1.60883855890818e-191	1	5.62417825743959e-158	3	8	rs3757247	ENSG00000112182	eqtl_rs3757247_ENSG00000112182_B38.txt	rs3757247_ENSG00000112182_LD.unphased.vcor1	354	7	10	rs10806421	1	rs285617	1	-0.407997	0.166461552009
354	rs10806421	rs12212737	0	1.95024204400387e-220	0	1	2.79455343097318e-188	4	8	rs3757247	ENSG00000112182	eqtl_rs3757247_ENSG00000112182_B38.txt	rs3757247_ENSG00000112182_LD.unphased.vcor1	354	7	10	rs10806421	1	rs285617	1	0.39916	0.1593287056
354	rs9444734	rs12212737	0	1.95024204400387e-220	0	1	2.34253315794072e-190	5	8	rs3757247	ENSG00000112182	eqtl_rs3757247_ENSG00000112182_B38.txt	rs3757247_ENSG00000112182_LD.unphased.vcor1	354	7	10	rs10806421	1	rs285617	1	0.404069	0.163271756761
354	rs7774104	rs12212737	0	1.95024204401096e-220	0	1	1.90072976756664e-190	7	8	rs3757247	ENSG00000112182	eqtl_rs3757247_ENSG00000112182_B38.txt	rs3757247_ENSG00000112182_LD.unphased.vcor1	354	7	10	rs10806421	1	rs285617	1	0.401396	0.161118748816
354	rs9362713	rs12212737	0	1.95024204401096e-220	0	1	1.26376394030879e-186	9	8	rs3757247	ENSG00000112182	eqtl_rs3757247_ENSG00000112182_B38.txt	rs3757247_ENSG00000112182_LD.unphased.vcor1	354	7	10	rs10806421	1	rs285617	1	-0.397557	0.158051568249
354	rs6919512	rs12212737	7.30370021814706e-229	1.95024182179859e-220	3.74502243995295e-09	0.999999885840118	1.10414833956624e-07	1	8	rs3757247	ENSG00000112182	eqtl_rs3757247_ENSG00000112182_B38.txt	rs3757247_ENSG00000112182_LD.unphased.vcor1	354	7	10	rs10806421	1	rs285617	1	0.473157	0.223877546649
354	rs9451330	rs85706	0	8.24240767477442e-05	0	0.999917259028619	3.16896189575555e-07	2	10	rs3757247	ENSG00000112182	eqtl_rs3757247_ENSG00000112182_B38.txt	rs3757247_ENSG00000112182_LD.unphased.vcor1	354	7	10	rs10806421	1	rs285617	1	-0.273311	0.074698902721
354	rs4707590	rs85706	1.32607042298718e-195	8.24240826181535e-05	1.60870555763403e-191	0.999917330385082	2.45532320030025e-07	3	10	rs3757247	ENSG00000112182	eqtl_rs3757247_ENSG00000112182_B38.txt	rs3757247_ENSG00000112182_LD.unphased.vcor1	354	7	10	rs10806421	1	rs285617	1	-0.194486	0.037824804196
354	rs10806421	rs85706	0	8.24240569059061e-05	0	0.99991701783606	5.58108694864037e-07	4	10	rs3757247	ENSG00000112182	eqtl_rs3757247_ENSG00000112182_B38.txt	rs3757247_ENSG00000112182_LD.unphased.vcor1	354	7	10	rs10806421	1	rs285617	1	0.275031	0.075642050961
354	rs9444734	rs85706	0	8.24240809607358e-05	0	0.999917310239849	2.65680086696863e-07	5	10	rs3757247	ENSG00000112182	eqtl_rs3757247_ENSG00000112182_B38.txt	rs3757247_ENSG00000112182_LD.unphased.vcor1	354	7	10	rs10806421	1	rs285617	1	0.271906	0.073932872836
354	rs7774104	rs85706	0	8.24240791067196e-05	0	0.999917287700796	2.88218651311468e-07	7	10	rs3757247	ENSG00000112182	eqtl_rs3757247_ENSG00000112182_B38.txt	rs3757247_ENSG00000112182_LD.unphased.vcor1	354	7	10	rs10806421	1	rs285617	1	0.272822	0.074431843684
354	rs9362713	rs85706	0	8.24240213638668e-05	0	0.999916585794722	9.90183992941002e-07	9	10	rs3757247	ENSG00000112182	eqtl_rs3757247_ENSG00000112182_B38.txt	rs3757247_ENSG00000112182_LD.unphased.vcor1	354	7	10	rs10806421	1	rs285617	1	-0.271224	0.073562458176
354	rs6919512	rs85706	3.08679833558344e-13	8.24240183702429e-05	3.74471034996955e-09	0.999916549415077	1.02282153371157e-06	1	10	rs3757247	ENSG00000112182	eqtl_rs3757247_ENSG00000112182_B38.txt	rs3757247_ENSG00000112182_LD.unphased.vcor1	354	7	10	rs10806421	1	rs285617	1	0.0559966	0.00313561921156
354	rs9451330	rs4997561	0	6.70234097250622e-76	0	1	1.20719565417753e-64	2	7	rs3757247	ENSG00000112182	eqtl_rs3757247_ENSG00000112182_B38.txt	rs3757247_ENSG00000112182_LD.unphased.vcor1	354	7	10	rs10806421	1	rs285617	1	-0.388307	0.150782326249
354	rs4707590	rs4997561	1.07829845915383e-266	6.70234097251879e-76	1.60883855890818e-191	1	4.77194481968316e-69	3	7	rs3757247	ENSG00000112182	eqtl_rs3757247_ENSG00000112182_B38.txt	rs3757247_ENSG00000112182_LD.unphased.vcor1	354	7	10	rs10806421	1	rs285617	1	-0.329772	0.108749571984
354	rs10806421	rs4997561	0	6.70234097250622e-76	0	1	3.0113669538038e-66	4	7	rs3757247	ENSG00000112182	eqtl_rs3757247_ENSG00000112182_B38.txt	rs3757247_ENSG00000112182_LD.unphased.vcor1	354	7	10	rs10806421	1	rs285617	1	0.38409	0.1475251281
354	rs9444734	rs4997561	0	6.70234097250622e-76	0	1	2.6275580260033e-64	5	7	rs3757247	ENSG00000112182	eqtl_rs3757247_ENSG00000112182_B38.txt	rs3757247_ENSG00000112182_LD.unphased.vcor1	354	7	10	rs10806421	1	rs285617	1	0.38562	0.1487027844
354	rs7774104	rs4997561	0	6.7023409725306e-76	0	1	1.34124315253795e-64	7	7	rs3757247	ENSG00000112182	eqtl_rs3757247_ENSG00000112182_B38.txt	rs3757247_ENSG00000112182_LD.unphased.vcor1	354	7	10	rs10806421	1	rs285617	1	0.384877	0.148130305129
354	rs9362713	rs4997561	0	6.7023409725306e-76	0	1	1.4512710420825e-67	9	7	rs3757247	ENSG00000112182	eqtl_rs3757247_ENSG00000112182_B38.txt	rs3757247_ENSG00000112182_LD.unphased.vcor1	354	7	10	rs10806421	1	rs285617	1	-0.3803	0.14462809
354	rs6919512	rs4997561	2.51004201051285e-84	6.70234094659397e-76	3.74502285217155e-09	0.99999999613172	1.23264957181216e-10	1	7	rs3757247	ENSG00000112182	eqtl_rs3757247_ENSG00000112182_B38.txt	rs3757247_ENSG00000112182_LD.unphased.vcor1	354	7	10	rs10806421	1	rs285617	1	0.436872	0.190857144384
354	rs9451330	rs661713	0	4.78353885805474e-23	0	1	9.883788782232e-25	2	2	rs3757247	ENSG00000112182	eqtl_rs3757247_ENSG00000112182_B38.txt	rs3757247_ENSG00000112182_LD.unphased.vcor1	354	7	10	rs10806421	1	rs285617	1	-0.147228	0.021676083984
354	rs4707590	rs661713	7.69594176290072e-214	4.78353885807132e-23	1.60883855890808e-191	1	1.26953557088731e-24	3	2	rs3757247	ENSG00000112182	eqtl_rs3757247_ENSG00000112182_B38.txt	rs3757247_ENSG00000112182_LD.unphased.vcor1	354	7	10	rs10806421	1	rs285617	1	-0.181477	0.032933901529
354	rs10806421	rs661713	0	4.78353885805474e-23	0	1	4.34080979226779e-25	4	2	rs3757247	ENSG00000112182	eqtl_rs3757247_ENSG00000112182_B38.txt	rs3757247_ENSG00000112182_LD.unphased.vcor1	354	7	10	rs10806421	1	rs285617	1	0.145273	0.021104244529
354	rs9444734	rs661713	0	4.78353885805474e-23	0	1	1.33806146291866e-24	5	2	rs3757247	ENSG00000112182	eqtl_rs3757247_ENSG00000112182_B38.txt	rs3757247_ENSG00000112182_LD.unphased.vcor1	354	7	10	rs10806421	1	rs285617	1	0.145998	0.021315416004
354	rs7774104	rs661713	0	4.78353885808954e-23	0	1	1.19243201636553e-24	7	2	rs3757247	ENSG00000112182	eqtl_rs3757247_ENSG00000112182_B38.txt	rs3757247_ENSG00000112182_LD.unphased.vcor1	354	7	10	rs10806421	1	rs285617	1	0.147669	0.021806133561
354	rs9362713	rs661713	0	4.78353885808084e-23	0	1	2.48496807250703e-25	9	2	rs3757247	ENSG00000112182	eqtl_rs3757247_ENSG00000112182_B38.txt	rs3757247_ENSG00000112182_LD.unphased.vcor1	354	7	10	rs10806421	1	rs285617	1	-0.144835	0.020977177225
354	rs6919512	rs661713	1.69938956111767e-31	4.53772813044124e-23	3.55257814672127e-09	0.948510226095646	0.0514897703517708	1	2	rs3757247	ENSG00000112182	eqtl_rs3757247_ENSG00000112182_B38.txt	rs3757247_ENSG00000112182_LD.unphased.vcor1	354	7	10	rs10806421	1	rs285617	1	0.181546	0.032958950116
354	rs9451330	rs10806432	0	0.000124648061716745	0	0.999875095037707	2.56899645680582e-07	2	4	rs3757247	ENSG00000112182	eqtl_rs3757247_ENSG00000112182_B38.txt	rs3757247_ENSG00000112182_LD.unphased.vcor1	354	7	10	rs10806421	1	rs285617	1	0.1557	0.02424249
354	rs4707590	rs10806432	2.00538599614657e-195	0.000124648056515224	1.60863754068324e-191	0.99987505322715	2.98716355646836e-07	3	4	rs3757247	ENSG00000112182	eqtl_rs3757247_ENSG00000112182_B38.txt	rs3757247_ENSG00000112182_LD.unphased.vcor1	354	7	10	rs10806421	1	rs285617	1	0.157446	0.024789242916
354	rs10806421	rs10806432	0	0.000124648052704089	0	0.999875022596411	3.2934916336544e-07	4	4	rs3757247	ENSG00000112182	eqtl_rs3757247_ENSG00000112182_B38.txt	rs3757247_ENSG00000112182_LD.unphased.vcor1	354	7	10	rs10806421	1	rs285617	1	-0.155456	0.024166567936
354	rs9444734	rs10806432	0	0.000124648063316577	0	0.999875107896356	2.44039435387967e-07	5	4	rs3757247	ENSG00000112182	eqtl_rs3757247_ENSG00000112182_B38.txt	rs3757247_ENSG00000112182_LD.unphased.vcor1	354	7	10	rs10806421	1	rs285617	1	-0.157976	0.024956416576
354	rs7774104	rs10806432	0	0.000124648062611435	0	0.999875102221818	2.49712567697914e-07	7	4	rs3757247	ENSG00000112182	eqtl_rs3757247_ENSG00000112182_B38.txt	rs3757247_ENSG00000112182_LD.unphased.vcor1	354	7	10	rs10806421	1	rs285617	1	-0.157094	0.024678524836
354	rs9362713	rs10806432	0	0.000124648036470879	0	0.999874892114791	4.59849225349122e-07	9	4	rs3757247	ENSG00000112182	eqtl_rs3757247_ENSG00000112182_B38.txt	rs3757247_ENSG00000112182_LD.unphased.vcor1	354	7	10	rs10806421	1	rs285617	1	0.154066	0.023736332356
354	rs6919512	rs10806432	4.66809820311978e-13	0.000124648056082134	3.74455492736256e-09	0.999875049753559	2.98445336608656e-07	1	4	rs3757247	ENSG00000112182	eqtl_rs3757247_ENSG00000112182_B38.txt	rs3757247_ENSG00000112182_LD.unphased.vcor1	354	7	10	rs10806421	1	rs285617	1	-0.089234	0.007962706756
225	rs1125271	rs11930376	0	0	1.08694141421819e-34	1	5.54908280563101e-25	2	1	rs13136297	ENSG00000153064	eqtl_rs13136297_ENSG00000153064_B38.txt	rs13136297_ENSG00000153064_LD.unphased.vcor1	225	3	3	rs1125271	0.280769264323448	rs111541987	1	0.635763	0.404194592169
225	rs6833249	rs11930376	0	0	0.0927069701198969	0.902054089995037	0.00523893978184093	1	1	rs13136297	ENSG00000153064	eqtl_rs13136297_ENSG00000153064_B38.txt	rs13136297_ENSG00000153064_LD.unphased.vcor1	225	3	3	rs1125271	0.280769264323448	rs111541987	1	-0.209833	0.044029887889
225	rs13121706	rs11930376	0	0	0.0104419057675248	0.987863454738065	0.00169463943884676	4	1	rs13136297	ENSG00000153064	eqtl_rs13136297_ENSG00000153064_B38.txt	rs13136297_ENSG00000153064_LD.unphased.vcor1	225	3	3	rs1125271	0.280769264323448	rs111541987	1	-0.306164	0.093736394896
225	rs1125271	rs111541987	0	0	1.08694141421819e-34	1	3.7913822547875e-25	2	3	rs13136297	ENSG00000153064	eqtl_rs13136297_ENSG00000153064_B38.txt	rs13136297_ENSG00000153064_LD.unphased.vcor1	225	3	3	rs1125271	0.280769264323448	rs111541987	1	0.635763	0.404194592169
225	rs6833249	rs111541987	0	0	0.0926592387571528	0.901588624228304	0.00575213693844953	1	3	rs13136297	ENSG00000153064	eqtl_rs13136297_ENSG00000153064_B38.txt	rs13136297_ENSG00000153064_LD.unphased.vcor1	225	3	3	rs1125271	0.280769264323448	rs111541987	1	-0.209833	0.044029887889
225	rs13121706	rs111541987	0	0	0.0104396366388535	0.987648347003196	0.00191201645464049	4	3	rs13136297	ENSG00000153064	eqtl_rs13136297_ENSG00000153064_B38.txt	rs13136297_ENSG00000153064_LD.unphased.vcor1	225	3	3	rs1125271	0.280769264323448	rs111541987	1	-0.306164	0.093736394896
225	rs1125271	rs4698973	1.1096994902881e-41	1.02093772072936e-07	1.08694130306945e-34	0.999999897479716	4.26504997814863e-10	2	2	rs13136297	ENSG00000153064	eqtl_rs13136297_ENSG00000153064_B38.txt	rs13136297_ENSG00000153064_LD.unphased.vcor1	225	3	3	rs1125271	0.280769264323448	rs111541987	1	0.189044	0.035737633936
225	rs6833249	rs4698973	9.50260503270878e-09	9.24629862307847e-08	0.0930772158336784	0.905664645342121	0.00125803685860847	1	2	rs13136297	ENSG00000153064	eqtl_rs13136297_ENSG00000153064_B38.txt	rs13136297_ENSG00000153064_LD.unphased.vcor1	225	3	3	rs1125271	0.280769264323448	rs111541987	1	-0.0763843	0.00583456128649
225	rs13121706	rs4698973	1.06770031281192e-09	1.01010846264449e-07	0.0104580346251592	0.989392431544298	0.000149431751995235	4	2	rs13136297	ENSG00000153064	eqtl_rs13136297_ENSG00000153064_B38.txt	rs13136297_ENSG00000153064_LD.unphased.vcor1	225	3	3	rs1125271	0.280769264323448	rs111541987	1	-0.041967	0.001761229089
62	rs149386066	rs12907597	0.0627734962636751	0.00382294459497254	0.868238615030159	0.0528516399378696	0.0123133041733233	2	1	rs72736584	ENSG00000086666	eqtl_rs72736584_ENSG00000086666_B38.txt	rs72736584_ENSG00000086666_LD.unphased.vcor1	62	2	1	rs149386066	0.400633859359996	rs74025941	0.793103606504443	0.00673753	4.53943105009e-05
62	rs67144933	rs12907597	3.81914425381864e-07	0.0016298950054897	5.28237029144847e-06	0.020588002388573	0.97777643832122	1	1	rs72736584	ENSG00000086666	eqtl_rs72736584_ENSG00000086666_B38.txt	rs72736584_ENSG00000086666_LD.unphased.vcor1	62	2	1	rs149386066	0.400633859359996	rs74025941	0.793103606504443	0.993858	0.987753724164
363	rs67144933	rs8026908	0	0	6.35407873860957e-05	0.999935913941914	5.45269987212812e-07	1	1	rs72736584	ENSG00000140379	eqtl_rs72736584_ENSG00000140379_B38.txt	rs72736584_ENSG00000140379_LD.unphased.vcor1	363	1	10	rs149386066	0.294914041878214	rs11852590	1	0.05877	0.0034539129
363	rs67144933	rs11852590	0	0	6.35407676135938e-05	0.999935602158057	8.57074355442765e-07	1	2	rs72736584	ENSG00000140379	eqtl_rs72736584_ENSG00000140379_B38.txt	rs72736584_ENSG00000140379_LD.unphased.vcor1	363	1	10	rs149386066	0.294914041878214	rs11852590	1	-0.244863	0.059957888769
363	rs67144933	rs2461645	3.35605603214916e-41	5.28139656033269e-37	6.35407825280366e-05	0.999935837340926	6.21876541719876e-07	1	3	rs72736584	ENSG00000140379	eqtl_rs72736584_ENSG00000140379_B38.txt	rs72736584_ENSG00000140379_LD.unphased.vcor1	363	1	10	rs149386066	0.294914041878214	rs11852590	1	0.0362241	0.00131218542081
363	rs67144933	rs2733100	0	0	6.35407888558113e-05	0.999935937128905	5.22075223912502e-07	1	4	rs72736584	ENSG00000140379	eqtl_rs72736584_ENSG00000140379_B38.txt	rs72736584_ENSG00000140379_LD.unphased.vcor1	363	1	10	rs149386066	0.294914041878214	rs11852590	1	0.176073	0.031001701329
363	rs67144933	rs2586163	2.32052226659843e-12	3.65178596530766e-08	6.35407862246883e-05	0.999935895704581	5.26989014048645e-07	1	5	rs72736584	ENSG00000140379	eqtl_rs72736584_ENSG00000140379_B38.txt	rs72736584_ENSG00000140379_LD.unphased.vcor1	363	1	10	rs149386066	0.294914041878214	rs11852590	1	-0.0188855	0.00035666211025
363	rs67144933	rs939971	1.28825790524374e-08	0.00020273204035925	6.35223774749075e-05	0.999646024427416	8.77082721729801e-05	1	6	rs72736584	ENSG00000140379	eqtl_rs72736584_ENSG00000140379_B38.txt	rs72736584_ENSG00000140379_LD.unphased.vcor1	363	1	10	rs149386066	0.294914041878214	rs11852590	1	0.376101	0.141451962201
363	rs67144933	rs12904257	0	0	6.35407778525942e-05	0.999935763615724	6.95609382677219e-07	1	7	rs72736584	ENSG00000140379	eqtl_rs72736584_ENSG00000140379_B38.txt	rs72736584_ENSG00000140379_LD.unphased.vcor1	363	1	10	rs149386066	0.294914041878214	rs11852590	1	0.0613832	0.00376789724224
363	rs67144933	rs2163005	0	0	6.35407886130932e-05	0.999935933287446	5.25925599215167e-07	1	8	rs72736584	ENSG00000140379	eqtl_rs72736584_ENSG00000140379_B38.txt	rs72736584_ENSG00000140379_LD.unphased.vcor1	363	1	10	rs149386066	0.294914041878214	rs11852590	1	-0.0368554	0.00135832050916
363	rs67144933	rs8039962	0	0	6.35407555817187e-05	0.999935412435147	1.04680662133503e-06	1	9	rs72736584	ENSG00000140379	eqtl_rs72736584_ENSG00000140379_B38.txt	rs72736584_ENSG00000140379_LD.unphased.vcor1	363	1	10	rs149386066	0.294914041878214	rs11852590	1	0.00667038	4.44939693444e-05
363	rs67144933	rs2733099	0	0	6.35407889861855e-05	0.999935939173318	5.20039156470779e-07	1	10	rs72736584	ENSG00000140379	eqtl_rs72736584_ENSG00000140379_B38.txt	rs72736584_ENSG00000140379_LD.unphased.vcor1	363	1	10	rs149386066	0.294914041878214	rs11852590	1	0.128617	0.016542332689
305	rs72837816	rs72837850	0	0	0.461702391688289	0.4266821739077	0.111615434404027	3	6	rs75543804	ENSG00000153094	eqtl_rs75543804_ENSG00000153094_B38.txt	rs75543804_ENSG00000153094_LD.unphased.vcor1	305	3	9	rs75543804	0.722112235944471	rs185241389	1	0.856629	0.733813243641
305	rs7573181	rs72837850	0	0	0.00354992160286808	0.996344422472906	0.000105655924203353	2	6	rs75543804	ENSG00000153094	eqtl_rs75543804_ENSG00000153094_B38.txt	rs75543804_ENSG00000153094_LD.unphased.vcor1	305	3	9	rs75543804	0.722112235944471	rs185241389	1	-0.171722	0.029488445284
305	rs75543804	rs72837850	0	0	8.1497419641749e-05	0.999917854162206	6.48418136084979e-07	1	6	rs75543804	ENSG00000153094	eqtl_rs75543804_ENSG00000153094_B38.txt	rs75543804_ENSG00000153094_LD.unphased.vcor1	305	3	9	rs75543804	0.722112235944471	rs185241389	1	0.0946775	0.00896382900625
305	rs72837816	rs72837868	0	0	0.443506378961076	0.409787352995644	0.146706268043572	3	1	rs75543804	ENSG00000153094	eqtl_rs75543804_ENSG00000153094_B38.txt	rs75543804_ENSG00000153094_LD.unphased.vcor1	305	3	9	rs75543804	0.722112235944471	rs185241389	1	0.847452	0.718174892304
305	rs7573181	rs72837868	0	0	0.00355000110816529	0.996366781836396	8.32170551805294e-05	2	1	rs75543804	ENSG00000153094	eqtl_rs75543804_ENSG00000153094_B38.txt	rs75543804_ENSG00000153094_LD.unphased.vcor1	305	3	9	rs75543804	0.722112235944471	rs185241389	1	-0.172936	0.029906860096
305	rs75543804	rs72837868	0	0	8.14974198398943e-05	0.999917856598314	6.45981917308906e-07	1	1	rs75543804	ENSG00000153094	eqtl_rs75543804_ENSG00000153094_B38.txt	rs75543804_ENSG00000153094_LD.unphased.vcor1	305	3	9	rs75543804	0.722112235944471	rs185241389	1	0.0953468	0.00909101227024
305	rs72837816	rs6734942	0	0	0.512431512063312	0.473783668977657	0.0137848189591112	3	2	rs75543804	ENSG00000153094	eqtl_rs75543804_ENSG00000153094_B38.txt	rs75543804_ENSG00000153094_LD.unphased.vcor1	305	3	9	rs75543804	0.722112235944471	rs185241389	1	0.227543	0.051775816849
305	rs7573181	rs6734942	0	0	0.00354768129957721	0.995714379467967	0.000737939232417738	2	2	rs75543804	ENSG00000153094	eqtl_rs75543804_ENSG00000153094_B38.txt	rs75543804_ENSG00000153094_LD.unphased.vcor1	305	3	9	rs75543804	0.722112235944471	rs185241389	1	-0.531677	0.282680432329
305	rs75543804	rs6734942	0	0	8.14973986542942e-05	0.999917596144327	9.064569211606e-07	1	2	rs75543804	ENSG00000153094	eqtl_rs75543804_ENSG00000153094_B38.txt	rs75543804_ENSG00000153094_LD.unphased.vcor1	305	3	9	rs75543804	0.722112235944471	rs185241389	1	-0.20824	0.0433638976
305	rs72837816	rs185241389	0	0	0.426195575455747	0.393714440239831	0.180089984304467	3	4	rs75543804	ENSG00000153094	eqtl_rs75543804_ENSG00000153094_B38.txt	rs75543804_ENSG00000153094_LD.unphased.vcor1	305	3	9	rs75543804	0.722112235944471	rs185241389	1	-0.838392	0.702901145664
305	rs7573181	rs185241389	0	0	0.00355004530308784	0.996379210824191	7.07438731199954e-05	2	4	rs75543804	ENSG00000153094	eqtl_rs75543804_ENSG00000153094_B38.txt	rs75543804_ENSG00000153094_LD.unphased.vcor1	305	3	9	rs75543804	0.722112235944471	rs185241389	1	0.174773	0.030545601529
305	rs75543804	rs185241389	0	0	8.14974189942424e-05	0.999917846201825	6.56379407743934e-07	1	4	rs75543804	ENSG00000153094	eqtl_rs75543804_ENSG00000153094_B38.txt	rs75543804_ENSG00000153094_LD.unphased.vcor1	305	3	9	rs75543804	0.722112235944471	rs185241389	1	-0.0939413	0.00882496784569
305	rs72837816	rs10194898	4.62830992600155e-06	4.27948946758951e-06	0.515625738823555	0.476749495321039	0.00761585805601276	3	7	rs75543804	ENSG00000153094	eqtl_rs75543804_ENSG00000153094_B38.txt	rs75543804_ENSG00000153094_LD.unphased.vcor1	305	3	9	rs75543804	0.722112235944471	rs185241389	1	0.104524	0.010925266576
305	rs7573181	rs10194898	3.1865140640821e-08	8.94348254243951e-06	0.00354999707200557	0.996365664729718	7.53628505914774e-05	2	7	rs75543804	ENSG00000153094	eqtl_rs75543804_ENSG00000153094_B38.txt	rs75543804_ENSG00000153094_LD.unphased.vcor1	305	3	9	rs75543804	0.722112235944471	rs185241389	1	-0.0611709	0.00374187900681
305	rs75543804	rs10194898	7.31513875525174e-10	8.97517723713288e-06	8.14957054643932e-05	0.999896798209581	1.27301762032605e-05	1	7	rs75543804	ENSG00000153094	eqtl_rs75543804_ENSG00000153094_B38.txt	rs75543804_ENSG00000153094_LD.unphased.vcor1	305	3	9	rs75543804	0.722112235944471	rs185241389	1	0.229405	0.052626654025
305	rs72837816	rs3789068	0	0	0.513641239910301	0.474906889522446	0.0114518705672644	3	8	rs75543804	ENSG00000153094	eqtl_rs75543804_ENSG00000153094_B38.txt	rs75543804_ENSG00000153094_LD.unphased.vcor1	305	3	9	rs75543804	0.722112235944471	rs185241389	1	0.262963	0.069149539369
305	rs7573181	rs3789068	0	0	0.00354666112767337	0.995427475380126	0.0010258634921538	2	8	rs75543804	ENSG00000153094	eqtl_rs75543804_ENSG00000153094_B38.txt	rs75543804_ENSG00000153094_LD.unphased.vcor1	305	3	9	rs75543804	0.722112235944471	rs185241389	1	0.442763	0.196039074169
305	rs75543804	rs3789068	0	0	8.14972524162189e-05	0.999915798306753	2.70444086772079e-06	1	8	rs75543804	ENSG00000153094	eqtl_rs75543804_ENSG00000153094_B38.txt	rs75543804_ENSG00000153094_LD.unphased.vcor1	305	3	9	rs75543804	0.722112235944471	rs185241389	1	0.251778	0.063392161284
305	rs72837816	rs7564385	0.0811595740948407	0.0750428445989952	0.321091935985888	0.296439763728931	0.226265881591346	3	3	rs75543804	ENSG00000153094	eqtl_rs75543804_ENSG00000153094_B38.txt	rs75543804_ENSG00000153094_LD.unphased.vcor1	305	3	9	rs75543804	0.722112235944471	rs185241389	1	0.0671808	0.00451325988864
305	rs7573181	rs7564385	0.000715395758901975	0.200787737069603	0.0028303229998903	0.794374714854104	0.00129182931750116	2	3	rs75543804	ENSG00000153094	eqtl_rs75543804_ENSG00000153094_B38.txt	rs75543804_ENSG00000153094_LD.unphased.vcor1	305	3	9	rs75543804	0.722112235944471	rs185241389	1	-0.079232	0.006277709824
305	rs75543804	rs7564385	1.63997615009764e-05	0.201213908638847	6.48824396725126e-05	0.796058069255875	0.00264673990410425	1	3	rs75543804	ENSG00000153094	eqtl_rs75543804_ENSG00000153094_B38.txt	rs75543804_ENSG00000153094_LD.unphased.vcor1	305	3	9	rs75543804	0.722112235944471	rs185241389	1	0.112337	0.012619601569
305	rs72837816	rs75543804	1.10464939757158e-20	1.02139561478561e-20	0.515294532515858	0.476441955633088	0.00826351185105426	3	5	rs75543804	ENSG00000153094	eqtl_rs75543804_ENSG00000153094_B38.txt	rs75543804_ENSG00000153094_LD.unphased.vcor1	305	3	9	rs75543804	0.722112235944471	rs185241389	1	0.0930673	0.00866152232929
305	rs7573181	rs75543804	7.61049462267018e-23	2.136012094357e-20	0.00355012755850361	0.996402343607128	4.75288343718016e-05	2	5	rs75543804	ENSG00000153094	eqtl_rs75543804_ENSG00000153094_B38.txt	rs75543804_ENSG00000153094_LD.unphased.vcor1	305	3	9	rs75543804	0.722112235944471	rs185241389	1	0.0968842	0.00938654820964
305	rs75543804	rs75543804	5.27880452148469e-27	6.47673376618994e-23	2.46244565390693e-07	0.00102330026675846	0.998976453488679	1	5	rs75543804	ENSG00000153094	eqtl_rs75543804_ENSG00000153094_B38.txt	rs75543804_ENSG00000153094_LD.unphased.vcor1	305	3	9	rs75543804	0.722112235944471	rs185241389	1	1	1
305	rs72837816	rs6758181	3.88526085511571e-07	3.59244155515525e-07	0.51617937706449	0.477263526692404	0.00655634847286523	3	9	rs75543804	ENSG00000153094	eqtl_rs75543804_ENSG00000153094_B38.txt	rs75543804_ENSG00000153094_LD.unphased.vcor1	305	3	9	rs75543804	0.722112235944471	rs185241389	1	-0.208835	0.043612057225
305	rs7573181	rs6758181	2.6720221916707e-09	7.49947539651034e-07	0.00354993603217923	0.996348481952541	0.000100829395717165	2	9	rs75543804	ENSG00000153094	eqtl_rs75543804_ENSG00000153094_B38.txt	rs75543804_ENSG00000153094_LD.unphased.vcor1	305	3	9	rs75543804	0.722112235944471	rs185241389	1	-0.361416	0.130621525056
305	rs75543804	rs6758181	6.13423607952563e-11	7.52629005001875e-07	8.14968743765793e-05	0.999911152230255	6.59820502278358e-06	1	9	rs75543804	ENSG00000153094	eqtl_rs75543804_ENSG00000153094_B38.txt	rs75543804_ENSG00000153094_LD.unphased.vcor1	305	3	9	rs75543804	0.722112235944471	rs185241389	1	0.232339	0.053981410921
1206	rs2618473	rs998683	0	0	0	1	1.13020572277905e-192	1	1	rs2736332	ENSG00000136573	eqtl_rs2736332_ENSG00000136573_B38.txt	rs2736332_ENSG00000136573_LD.unphased.vcor1	1206	10	10	rs11773929	1	rs11782893	1	0.966472	0.934068126784
1206	rs2736342	rs998683	0	0	0	1	0	2	1	rs2736332	ENSG00000136573	eqtl_rs2736332_ENSG00000136573_B38.txt	rs2736332_ENSG00000136573_LD.unphased.vcor1	1206	10	10	rs11773929	1	rs11782893	1	0.67008	0.4490072064
1206	rs2618476	rs998683	0	0	0	1	1.4280811372081e-26	3	1	rs2736332	ENSG00000136573	eqtl_rs2736332_ENSG00000136573_B38.txt	rs2736332_ENSG00000136573_LD.unphased.vcor1	1206	10	10	rs11773929	1	rs11782893	1	-0.993723	0.987485400729
1206	rs11773929	rs998683	0	0	0	1	0	4	1	rs2736332	ENSG00000136573	eqtl_rs2736332_ENSG00000136573_B38.txt	rs2736332_ENSG00000136573_LD.unphased.vcor1	1206	10	10	rs11773929	1	rs11782893	1	0.659267	0.434632977289
1206	rs4841540	rs998683	0	0	1.90237132497458e-251	1	2.28631303455745e-253	5	1	rs2736332	ENSG00000136573	eqtl_rs2736332_ENSG00000136573_B38.txt	rs2736332_ENSG00000136573_LD.unphased.vcor1	1206	10	10	rs11773929	1	rs11782893	1	-0.0172469	0.00029745555961
1206	rs922483	rs998683	0	0	0	1	0	6	1	rs2736332	ENSG00000136573	eqtl_rs2736332_ENSG00000136573_B38.txt	rs2736332_ENSG00000136573_LD.unphased.vcor1	1206	10	10	rs11773929	1	rs11782893	1	0.938129	0.880086020641
1206	rs998682	rs998683	0	0	0	1	0	7	1	rs2736332	ENSG00000136573	eqtl_rs2736332_ENSG00000136573_B38.txt	rs2736332_ENSG00000136573_LD.unphased.vcor1	1206	10	10	rs11773929	1	rs11782893	1	-0.384677	0.147976394329
1206	rs13248746	rs998683	0	0	0	1	9.08020121807e-237	9	1	rs2736332	ENSG00000136573	eqtl_rs2736332_ENSG00000136573_B38.txt	rs2736332_ENSG00000136573_LD.unphased.vcor1	1206	10	10	rs11773929	1	rs11782893	1	-0.679464	0.461671327296
1206	rs1531576	rs998683	0	0	0	1	0	10	1	rs2736332	ENSG00000136573	eqtl_rs2736332_ENSG00000136573_B38.txt	rs2736332_ENSG00000136573_LD.unphased.vcor1	1206	10	10	rs11773929	1	rs11782893	1	0.70597	0.4983936409
1206	rs2409773	rs998683	0	0	2.16573775546063e-161	1	2.76521959739597e-61	8	1	rs2736332	ENSG00000136573	eqtl_rs2736332_ENSG00000136573_B38.txt	rs2736332_ENSG00000136573_LD.unphased.vcor1	1206	10	10	rs11773929	1	rs11782893	1	-0.692033	0.478909673089
1206	rs2618473	rs75243080	0	5.51475581044216e-63	0	1	3.58180065782454e-65	1	2	rs2736332	ENSG00000136573	eqtl_rs2736332_ENSG00000136573_B38.txt	rs2736332_ENSG00000136573_LD.unphased.vcor1	1206	10	10	rs11773929	1	rs11782893	1	0.188941	0.035698701481
1206	rs2736342	rs75243080	0	5.5147558104221e-63	0	1	2.55087315591661e-58	2	2	rs2736332	ENSG00000136573	eqtl_rs2736332_ENSG00000136573_B38.txt	rs2736332_ENSG00000136573_LD.unphased.vcor1	1206	10	10	rs11773929	1	rs11782893	1	0.245232	0.060138733824
1206	rs2618476	rs75243080	0	5.51475581043589e-63	0	1	2.99920079026232e-64	3	2	rs2736332	ENSG00000136573	eqtl_rs2736332_ENSG00000136573_B38.txt	rs2736332_ENSG00000136573_LD.unphased.vcor1	1206	10	10	rs11773929	1	rs11782893	1	-0.182634	0.033355177956
1206	rs11773929	rs75243080	0	5.51475581043463e-63	0	1	1.00414063287366e-62	4	2	rs2736332	ENSG00000136573	eqtl_rs2736332_ENSG00000136573_B38.txt	rs2736332_ENSG00000136573_LD.unphased.vcor1	1206	10	10	rs11773929	1	rs11782893	1	0.14598	0.0213101604
1206	rs4841540	rs75243080	1.11254217481026e-308	5.51475581043651e-63	1.90237132497371e-251	1	3.01935274443318e-56	5	2	rs2736332	ENSG00000136573	eqtl_rs2736332_ENSG00000136573_B38.txt	rs2736332_ENSG00000136573_LD.unphased.vcor1	1206	10	10	rs11773929	1	rs11782893	1	0.0884318	0.00782018325124
1206	rs922483	rs75243080	0	5.5147558104221e-63	0	1	6.83172588017829e-64	6	2	rs2736332	ENSG00000136573	eqtl_rs2736332_ENSG00000136573_B38.txt	rs2736332_ENSG00000136573_LD.unphased.vcor1	1206	10	10	rs11773929	1	rs11782893	1	0.186297	0.034706572209
1206	rs998682	rs75243080	0	5.51475581046222e-63	0	1	5.18305816293141e-64	7	2	rs2736332	ENSG00000136573	eqtl_rs2736332_ENSG00000136573_B38.txt	rs2736332_ENSG00000136573_LD.unphased.vcor1	1206	10	10	rs11773929	1	rs11782893	1	0.0648544	0.00420609319936
1206	rs13248746	rs75243080	0	5.51475581043714e-63	0	1	7.02908883194046e-61	9	2	rs2736332	ENSG00000136573	eqtl_rs2736332_ENSG00000136573_B38.txt	rs2736332_ENSG00000136573_LD.unphased.vcor1	1206	10	10	rs11773929	1	rs11782893	1	-0.14635	0.0214183225
1206	rs1531576	rs75243080	0	5.51475581044216e-63	0	1	2.1045626200875e-57	10	2	rs2736332	ENSG00000136573	eqtl_rs2736332_ENSG00000136573_B38.txt	rs2736332_ENSG00000136573_LD.unphased.vcor1	1206	10	10	rs11773929	1	rs11782893	1	0.238086	0.056684943396
1206	rs2409773	rs75243080	1.19435148708001e-223	5.51475581043589e-63	2.1657377554594e-161	1	5.38646994557649e-44	8	2	rs2736332	ENSG00000136573	eqtl_rs2736332_ENSG00000136573_B38.txt	rs2736332_ENSG00000136573_LD.unphased.vcor1	1206	10	10	rs11773929	1	rs11782893	1	-0.133973	0.017948764729
1206	rs2618473	rs28448403	0	0	0	1	0	1	3	rs2736332	ENSG00000136573	eqtl_rs2736332_ENSG00000136573_B38.txt	rs2736332_ENSG00000136573_LD.unphased.vcor1	1206	10	10	rs11773929	1	rs11782893	1	-0.50144	0.2514420736
1206	rs2736342	rs28448403	0	0	0	1	0	2	3	rs2736332	ENSG00000136573	eqtl_rs2736332_ENSG00000136573_B38.txt	rs2736332_ENSG00000136573_LD.unphased.vcor1	1206	10	10	rs11773929	1	rs11782893	1	-0.699832	0.489764828224
1206	rs2618476	rs28448403	0	0	0	1	0	3	3	rs2736332	ENSG00000136573	eqtl_rs2736332_ENSG00000136573_B38.txt	rs2736332_ENSG00000136573_LD.unphased.vcor1	1206	10	10	rs11773929	1	rs11782893	1	0.508592	0.258665822464
1206	rs11773929	rs28448403	0	0	0	1	0	4	3	rs2736332	ENSG00000136573	eqtl_rs2736332_ENSG00000136573_B38.txt	rs2736332_ENSG00000136573_LD.unphased.vcor1	1206	10	10	rs11773929	1	rs11782893	1	-0.505889	0.255923680321
1206	rs4841540	rs28448403	0	0	1.90237132497371e-251	1	5.46308599760669e-243	5	3	rs2736332	ENSG00000136573	eqtl_rs2736332_ENSG00000136573_B38.txt	rs2736332_ENSG00000136573_LD.unphased.vcor1	1206	10	10	rs11773929	1	rs11782893	1	-0.272686	0.074357654596
1206	rs922483	rs28448403	0	0	0	1	0	6	3	rs2736332	ENSG00000136573	eqtl_rs2736332_ENSG00000136573_B38.txt	rs2736332_ENSG00000136573_LD.unphased.vcor1	1206	10	10	rs11773929	1	rs11782893	1	-0.505933	0.255968200489
1206	rs998682	rs28448403	0	0	0	1	0	7	3	rs2736332	ENSG00000136573	eqtl_rs2736332_ENSG00000136573_B38.txt	rs2736332_ENSG00000136573_LD.unphased.vcor1	1206	10	10	rs11773929	1	rs11782893	1	-0.223151	0.049796368801
1206	rs13248746	rs28448403	0	0	0	1	3.00105558049079e-266	9	3	rs2736332	ENSG00000136573	eqtl_rs2736332_ENSG00000136573_B38.txt	rs2736332_ENSG00000136573_LD.unphased.vcor1	1206	10	10	rs11773929	1	rs11782893	1	0.503705	0.253718727025
1206	rs1531576	rs28448403	0	0	0	1	0	10	3	rs2736332	ENSG00000136573	eqtl_rs2736332_ENSG00000136573_B38.txt	rs2736332_ENSG00000136573_LD.unphased.vcor1	1206	10	10	rs11773929	1	rs11782893	1	-0.678112	0.459835884544
1206	rs2409773	rs28448403	0	0	2.16573775545965e-161	1	1.69912647706147e-134	8	3	rs2736332	ENSG00000136573	eqtl_rs2736332_ENSG00000136573_B38.txt	rs2736332_ENSG00000136573_LD.unphased.vcor1	1206	10	10	rs11773929	1	rs11782893	1	0.501554	0.251556414916
1206	rs2618473	rs7008205	0	0	0	1	0	1	4	rs2736332	ENSG00000136573	eqtl_rs2736332_ENSG00000136573_B38.txt	rs2736332_ENSG00000136573_LD.unphased.vcor1	1206	10	10	rs11773929	1	rs11782893	1	-0.394629	0.155732047641
1206	rs2736342	rs7008205	0	0	0	1	0	2	4	rs2736332	ENSG00000136573	eqtl_rs2736332_ENSG00000136573_B38.txt	rs2736332_ENSG00000136573_LD.unphased.vcor1	1206	10	10	rs11773929	1	rs11782893	1	-0.5902	0.34833604
1206	rs2618476	rs7008205	0	0	0	1	0	3	4	rs2736332	ENSG00000136573	eqtl_rs2736332_ENSG00000136573_B38.txt	rs2736332_ENSG00000136573_LD.unphased.vcor1	1206	10	10	rs11773929	1	rs11782893	1	0.41545	0.1725987025
1206	rs11773929	rs7008205	0	0	0	1	0	4	4	rs2736332	ENSG00000136573	eqtl_rs2736332_ENSG00000136573_B38.txt	rs2736332_ENSG00000136573_LD.unphased.vcor1	1206	10	10	rs11773929	1	rs11782893	1	-0.388534	0.150958669156
1206	rs4841540	rs7008205	0	0	1.90237132452127e-251	1	5.38150948611943e-240	5	4	rs2736332	ENSG00000136573	eqtl_rs2736332_ENSG00000136573_B38.txt	rs2736332_ENSG00000136573_LD.unphased.vcor1	1206	10	10	rs11773929	1	rs11782893	1	-0.225653	0.050919276409
1206	rs922483	rs7008205	0	0	0	1	0	6	4	rs2736332	ENSG00000136573	eqtl_rs2736332_ENSG00000136573_B38.txt	rs2736332_ENSG00000136573_LD.unphased.vcor1	1206	10	10	rs11773929	1	rs11782893	1	-0.4191	0.17564481
1206	rs998682	rs7008205	0	0	0	1	0	7	4	rs2736332	ENSG00000136573	eqtl_rs2736332_ENSG00000136573_B38.txt	rs2736332_ENSG00000136573_LD.unphased.vcor1	1206	10	10	rs11773929	1	rs11782893	1	-0.202193	0.040882009249
1206	rs13248746	rs7008205	0	0	0	1	0	9	4	rs2736332	ENSG00000136573	eqtl_rs2736332_ENSG00000136573_B38.txt	rs2736332_ENSG00000136573_LD.unphased.vcor1	1206	10	10	rs11773929	1	rs11782893	1	0.396103	0.156897586609
1206	rs1531576	rs7008205	0	0	0	1	0	10	4	rs2736332	ENSG00000136573	eqtl_rs2736332_ENSG00000136573_B38.txt	rs2736332_ENSG00000136573_LD.unphased.vcor1	1206	10	10	rs11773929	1	rs11782893	1	-0.547333	0.299573412889
1206	rs2409773	rs7008205	0	0	2.1657377551573e-161	1	6.41365849126658e-133	8	4	rs2736332	ENSG00000136573	eqtl_rs2736332_ENSG00000136573_B38.txt	rs2736332_ENSG00000136573_LD.unphased.vcor1	1206	10	10	rs11773929	1	rs11782893	1	0.421192	0.177402700864
1206	rs2618473	rs11782893	0	0	0	1	0	1	5	rs2736332	ENSG00000136573	eqtl_rs2736332_ENSG00000136573_B38.txt	rs2736332_ENSG00000136573_LD.unphased.vcor1	1206	10	10	rs11773929	1	rs11782893	1	-0.607266	0.368771994756
1206	rs2736342	rs11782893	0	0	0	1	0	2	5	rs2736332	ENSG00000136573	eqtl_rs2736332_ENSG00000136573_B38.txt	rs2736332_ENSG00000136573_LD.unphased.vcor1	1206	10	10	rs11773929	1	rs11782893	1	-0.789978	0.624065240484
1206	rs2618476	rs11782893	0	0	0	1	0	3	5	rs2736332	ENSG00000136573	eqtl_rs2736332_ENSG00000136573_B38.txt	rs2736332_ENSG00000136573_LD.unphased.vcor1	1206	10	10	rs11773929	1	rs11782893	1	0.614848	0.378038063104
1206	rs11773929	rs11782893	0	0	0	1	0	4	5	rs2736332	ENSG00000136573	eqtl_rs2736332_ENSG00000136573_B38.txt	rs2736332_ENSG00000136573_LD.unphased.vcor1	1206	10	10	rs11773929	1	rs11782893	1	-0.510611	0.260723593321
1206	rs4841540	rs11782893	0	0	1.90237132497804e-251	1	2.74264300420369e-219	5	5	rs2736332	ENSG00000136573	eqtl_rs2736332_ENSG00000136573_B38.txt	rs2736332_ENSG00000136573_LD.unphased.vcor1	1206	10	10	rs11773929	1	rs11782893	1	-0.316482	0.100160856324
1206	rs922483	rs11782893	0	0	0	1	0	6	5	rs2736332	ENSG00000136573	eqtl_rs2736332_ENSG00000136573_B38.txt	rs2736332_ENSG00000136573_LD.unphased.vcor1	1206	10	10	rs11773929	1	rs11782893	1	-0.573722	0.329156933284
1206	rs998682	rs11782893	0	0	0	1	0	7	5	rs2736332	ENSG00000136573	eqtl_rs2736332_ENSG00000136573_B38.txt	rs2736332_ENSG00000136573_LD.unphased.vcor1	1206	10	10	rs11773929	1	rs11782893	1	-0.256056	0.065564675136
1206	rs13248746	rs11782893	0	0	0	1	6.34287858582671e-287	9	5	rs2736332	ENSG00000136573	eqtl_rs2736332_ENSG00000136573_B38.txt	rs2736332_ENSG00000136573_LD.unphased.vcor1	1206	10	10	rs11773929	1	rs11782893	1	0.547527	0.299785815729
1206	rs1531576	rs11782893	0	0	0	1	0	10	5	rs2736332	ENSG00000136573	eqtl_rs2736332_ENSG00000136573_B38.txt	rs2736332_ENSG00000136573_LD.unphased.vcor1	1206	10	10	rs11773929	1	rs11782893	1	-0.809331	0.655016667561
1206	rs2409773	rs11782893	0	0	2.16573775547245e-161	1	5.44960102934224e-98	8	5	rs2736332	ENSG00000136573	eqtl_rs2736332_ENSG00000136573_B38.txt	rs2736332_ENSG00000136573_LD.unphased.vcor1	1206	10	10	rs11773929	1	rs11782893	1	0.565962	0.320312985444
1206	rs2618473	rs1806283	0	0	0	1	0	1	6	rs2736332	ENSG00000136573	eqtl_rs2736332_ENSG00000136573_B38.txt	rs2736332_ENSG00000136573_LD.unphased.vcor1	1206	10	10	rs11773929	1	rs11782893	1	0.601154	0.361386131716
1206	rs2736342	rs1806283	0	0	0	1	0	2	6	rs2736332	ENSG00000136573	eqtl_rs2736332_ENSG00000136573_B38.txt	rs2736332_ENSG00000136573_LD.unphased.vcor1	1206	10	10	rs11773929	1	rs11782893	1	0.779666	0.607879071556
1206	rs2618476	rs1806283	0	0	0	1	0	3	6	rs2736332	ENSG00000136573	eqtl_rs2736332_ENSG00000136573_B38.txt	rs2736332_ENSG00000136573_LD.unphased.vcor1	1206	10	10	rs11773929	1	rs11782893	1	-0.608316	0.370048355856
1206	rs11773929	rs1806283	0	0	0	1	0	4	6	rs2736332	ENSG00000136573	eqtl_rs2736332_ENSG00000136573_B38.txt	rs2736332_ENSG00000136573_LD.unphased.vcor1	1206	10	10	rs11773929	1	rs11782893	1	0.501768	0.251771125824
1206	rs4841540	rs1806283	0	0	1.90237132497804e-251	1	1.37752331186118e-216	5	6	rs2736332	ENSG00000136573	eqtl_rs2736332_ENSG00000136573_B38.txt	rs2736332_ENSG00000136573_LD.unphased.vcor1	1206	10	10	rs11773929	1	rs11782893	1	0.323312	0.104530649344
1206	rs922483	rs1806283	0	0	0	1	0	6	6	rs2736332	ENSG00000136573	eqtl_rs2736332_ENSG00000136573_B38.txt	rs2736332_ENSG00000136573_LD.unphased.vcor1	1206	10	10	rs11773929	1	rs11782893	1	0.563742	0.317805042564
1206	rs998682	rs1806283	0	0	0	1	0	7	6	rs2736332	ENSG00000136573	eqtl_rs2736332_ENSG00000136573_B38.txt	rs2736332_ENSG00000136573_LD.unphased.vcor1	1206	10	10	rs11773929	1	rs11782893	1	0.255726	0.065395787076
1206	rs13248746	rs1806283	0	0	0	1	3.56044342627188e-292	9	6	rs2736332	ENSG00000136573	eqtl_rs2736332_ENSG00000136573_B38.txt	rs2736332_ENSG00000136573_LD.unphased.vcor1	1206	10	10	rs11773929	1	rs11782893	1	-0.539689	0.291264216721
1206	rs1531576	rs1806283	0	0	0	1	0	10	6	rs2736332	ENSG00000136573	eqtl_rs2736332_ENSG00000136573_B38.txt	rs2736332_ENSG00000136573_LD.unphased.vcor1	1206	10	10	rs11773929	1	rs11782893	1	0.802551	0.644088107601
1206	rs2409773	rs1806283	0	0	2.16573775547245e-161	1	1.85503739487629e-99	8	6	rs2736332	ENSG00000136573	eqtl_rs2736332_ENSG00000136573_B38.txt	rs2736332_ENSG00000136573_LD.unphased.vcor1	1206	10	10	rs11773929	1	rs11782893	1	-0.549893	0.302382311449
1206	rs2618473	rs1478887	0	0	0	1	0	1	8	rs2736332	ENSG00000136573	eqtl_rs2736332_ENSG00000136573_B38.txt	rs2736332_ENSG00000136573_LD.unphased.vcor1	1206	10	10	rs11773929	1	rs11782893	1	0.354527	0.125689393729
1206	rs2736342	rs1478887	0	0	0	1	0	2	8	rs2736332	ENSG00000136573	eqtl_rs2736332_ENSG00000136573_B38.txt	rs2736332_ENSG00000136573_LD.unphased.vcor1	1206	10	10	rs11773929	1	rs11782893	1	-0.329309	0.108444417481
1206	rs2618476	rs1478887	0	0	0	1	0	3	8	rs2736332	ENSG00000136573	eqtl_rs2736332_ENSG00000136573_B38.txt	rs2736332_ENSG00000136573_LD.unphased.vcor1	1206	10	10	rs11773929	1	rs11782893	1	-0.36207	0.1310946849
1206	rs11773929	rs1478887	0	0	0	1	0	4	8	rs2736332	ENSG00000136573	eqtl_rs2736332_ENSG00000136573_B38.txt	rs2736332_ENSG00000136573_LD.unphased.vcor1	1206	10	10	rs11773929	1	rs11782893	1	0.0937519	0.00878941875361
1206	rs4841540	rs1478887	0	0	1.90237132497285e-251	1	2.0741816637983e-235	5	8	rs2736332	ENSG00000136573	eqtl_rs2736332_ENSG00000136573_B38.txt	rs2736332_ENSG00000136573_LD.unphased.vcor1	1206	10	10	rs11773929	1	rs11782893	1	-0.416055	0.173101763025
1206	rs922483	rs1478887	0	0	0	1	0	6	8	rs2736332	ENSG00000136573	eqtl_rs2736332_ENSG00000136573_B38.txt	rs2736332_ENSG00000136573_LD.unphased.vcor1	1206	10	10	rs11773929	1	rs11782893	1	0.298803	0.089283232809
1206	rs998682	rs1478887	0	0	0	1	0	7	8	rs2736332	ENSG00000136573	eqtl_rs2736332_ENSG00000136573_B38.txt	rs2736332_ENSG00000136573_LD.unphased.vcor1	1206	10	10	rs11773929	1	rs11782893	1	-0.824038	0.679038625444
1206	rs13248746	rs1478887	0	0	0	1	0	9	8	rs2736332	ENSG00000136573	eqtl_rs2736332_ENSG00000136573_B38.txt	rs2736332_ENSG00000136573_LD.unphased.vcor1	1206	10	10	rs11773929	1	rs11782893	1	-0.13281	0.0176384961
1206	rs1531576	rs1478887	0	0	0	1	0	10	8	rs2736332	ENSG00000136573	eqtl_rs2736332_ENSG00000136573_B38.txt	rs2736332_ENSG00000136573_LD.unphased.vcor1	1206	10	10	rs11773929	1	rs11782893	1	-0.241447	0.058296653809
1206	rs2409773	rs1478887	0	0	2.16573775545866e-161	1	2.16097740835744e-152	8	8	rs2736332	ENSG00000136573	eqtl_rs2736332_ENSG00000136573_B38.txt	rs2736332_ENSG00000136573_LD.unphased.vcor1	1206	10	10	rs11773929	1	rs11782893	1	-0.0861849	0.00742783698801
1206	rs2618473	rs6601581	0	0	0	1	0	1	9	rs2736332	ENSG00000136573	eqtl_rs2736332_ENSG00000136573_B38.txt	rs2736332_ENSG00000136573_LD.unphased.vcor1	1206	10	10	rs11773929	1	rs11782893	1	-0.395053	0.156066872809
1206	rs2736342	rs6601581	0	0	0	1	0	2	9	rs2736332	ENSG00000136573	eqtl_rs2736332_ENSG00000136573_B38.txt	rs2736332_ENSG00000136573_LD.unphased.vcor1	1206	10	10	rs11773929	1	rs11782893	1	-0.58917	0.3471212889
1206	rs2618476	rs6601581	0	0	0	1	0	3	9	rs2736332	ENSG00000136573	eqtl_rs2736332_ENSG00000136573_B38.txt	rs2736332_ENSG00000136573_LD.unphased.vcor1	1206	10	10	rs11773929	1	rs11782893	1	0.415942	0.173007747364
1206	rs11773929	rs6601581	0	0	0	1	0	4	9	rs2736332	ENSG00000136573	eqtl_rs2736332_ENSG00000136573_B38.txt	rs2736332_ENSG00000136573_LD.unphased.vcor1	1206	10	10	rs11773929	1	rs11782893	1	-0.388873	0.151222210129
1206	rs4841540	rs6601581	0	0	1.90237132452127e-251	1	3.36652110291081e-240	5	9	rs2736332	ENSG00000136573	eqtl_rs2736332_ENSG00000136573_B38.txt	rs2736332_ENSG00000136573_LD.unphased.vcor1	1206	10	10	rs11773929	1	rs11782893	1	-0.223852	0.050109717904
1206	rs922483	rs6601581	0	0	0	1	0	6	9	rs2736332	ENSG00000136573	eqtl_rs2736332_ENSG00000136573_B38.txt	rs2736332_ENSG00000136573_LD.unphased.vcor1	1206	10	10	rs11773929	1	rs11782893	1	-0.419424	0.175916491776
1206	rs998682	rs6601581	0	0	0	1	0	7	9	rs2736332	ENSG00000136573	eqtl_rs2736332_ENSG00000136573_B38.txt	rs2736332_ENSG00000136573_LD.unphased.vcor1	1206	10	10	rs11773929	1	rs11782893	1	-0.200445	0.040178198025
1206	rs13248746	rs6601581	0	0	0	1	0	9	9	rs2736332	ENSG00000136573	eqtl_rs2736332_ENSG00000136573_B38.txt	rs2736332_ENSG00000136573_LD.unphased.vcor1	1206	10	10	rs11773929	1	rs11782893	1	0.396502	0.157213836004
1206	rs1531576	rs6601581	0	0	0	1	0	10	9	rs2736332	ENSG00000136573	eqtl_rs2736332_ENSG00000136573_B38.txt	rs2736332_ENSG00000136573_LD.unphased.vcor1	1206	10	10	rs11773929	1	rs11782893	1	-0.546472	0.298631646784
1206	rs2409773	rs6601581	0	0	2.1657377551573e-161	1	7.73819106305831e-133	8	9	rs2736332	ENSG00000136573	eqtl_rs2736332_ENSG00000136573_B38.txt	rs2736332_ENSG00000136573_LD.unphased.vcor1	1206	10	10	rs11773929	1	rs11782893	1	0.421624	0.177766797376
1206	rs2618473	rs2736346	0	0	0	1	1.19906580488331e-100	1	10	rs2736332	ENSG00000136573	eqtl_rs2736332_ENSG00000136573_B38.txt	rs2736332_ENSG00000136573_LD.unphased.vcor1	1206	10	10	rs11773929	1	rs11782893	1	0.830557	0.689824930249
1206	rs2736342	rs2736346	0	0	0	1	2.37497598501768e-268	2	10	rs2736332	ENSG00000136573	eqtl_rs2736332_ENSG00000136573_B38.txt	rs2736332_ENSG00000136573_LD.unphased.vcor1	1206	10	10	rs11773929	1	rs11782893	1	0.632143	0.399604772449
1206	rs2618476	rs2736346	0	0	0	1	1.76154121262901e-106	3	10	rs2736332	ENSG00000136573	eqtl_rs2736332_ENSG00000136573_B38.txt	rs2736332_ENSG00000136573_LD.unphased.vcor1	1206	10	10	rs11773929	1	rs11782893	1	-0.848241	0.719512794081
1206	rs11773929	rs2736346	0	0	0	1	1.9962815452952e-203	4	10	rs2736332	ENSG00000136573	eqtl_rs2736332_ENSG00000136573_B38.txt	rs2736332_ENSG00000136573_LD.unphased.vcor1	1206	10	10	rs11773929	1	rs11782893	1	0.572682	0.327964673124
1206	rs4841540	rs2736346	0	0	1.9023713249735e-251	1	1.23591354096829e-252	5	10	rs2736332	ENSG00000136573	eqtl_rs2736332_ENSG00000136573_B38.txt	rs2736332_ENSG00000136573_LD.unphased.vcor1	1206	10	10	rs11773929	1	rs11782893	1	0.060478	0.003657588484
1206	rs922483	rs2736346	0	0	0	1	4.93798966159271e-127	6	10	rs2736332	ENSG00000136573	eqtl_rs2736332_ENSG00000136573_B38.txt	rs2736332_ENSG00000136573_LD.unphased.vcor1	1206	10	10	rs11773929	1	rs11782893	1	0.824659	0.680062466281
1206	rs998682	rs2736346	0	0	0	1	0	7	10	rs2736332	ENSG00000136573	eqtl_rs2736332_ENSG00000136573_B38.txt	rs2736332_ENSG00000136573_LD.unphased.vcor1	1206	10	10	rs11773929	1	rs11782893	1	-0.284717	0.081063770089
1206	rs13248746	rs2736346	0	0	0	1	1.78469425932021e-153	9	10	rs2736332	ENSG00000136573	eqtl_rs2736332_ENSG00000136573_B38.txt	rs2736332_ENSG00000136573_LD.unphased.vcor1	1206	10	10	rs11773929	1	rs11782893	1	-0.597621	0.357150859641
1206	rs1531576	rs2736346	0	0	0	1	5.58204537732874e-269	10	10	rs2736332	ENSG00000136573	eqtl_rs2736332_ENSG00000136573_B38.txt	rs2736332_ENSG00000136573_LD.unphased.vcor1	1206	10	10	rs11773929	1	rs11782893	1	0.641333	0.411308016889
1206	rs2409773	rs2736346	0	0	2.1657377554594e-161	1	1.45111575446697e-93	8	10	rs2736332	ENSG00000136573	eqtl_rs2736332_ENSG00000136573_B38.txt	rs2736332_ENSG00000136573_LD.unphased.vcor1	1206	10	10	rs11773929	1	rs11782893	1	-0.598523	0.358229781529
1206	rs2618473	rs11775779	0	0	0	1	0	1	7	rs2736332	ENSG00000136573	eqtl_rs2736332_ENSG00000136573_B38.txt	rs2736332_ENSG00000136573_LD.unphased.vcor1	1206	10	10	rs11773929	1	rs11782893	1	0.438573	0.192346276329
1206	rs2736342	rs11775779	0	0	0	1	0	2	7	rs2736332	ENSG00000136573	eqtl_rs2736332_ENSG00000136573_B38.txt	rs2736332_ENSG00000136573_LD.unphased.vcor1	1206	10	10	rs11773929	1	rs11782893	1	0.646201	0.417575732401
1206	rs2618476	rs11775779	0	0	0	1	0	3	7	rs2736332	ENSG00000136573	eqtl_rs2736332_ENSG00000136573_B38.txt	rs2736332_ENSG00000136573_LD.unphased.vcor1	1206	10	10	rs11773929	1	rs11782893	1	-0.46105	0.2125671025
1206	rs11773929	rs11775779	0	0	0	1	0	4	7	rs2736332	ENSG00000136573	eqtl_rs2736332_ENSG00000136573_B38.txt	rs2736332_ENSG00000136573_LD.unphased.vcor1	1206	10	10	rs11773929	1	rs11782893	1	0.378004	0.142887024016
1206	rs4841540	rs11775779	0	0	1.90237132497371e-251	1	2.51096970016324e-230	5	7	rs2736332	ENSG00000136573	eqtl_rs2736332_ENSG00000136573_B38.txt	rs2736332_ENSG00000136573_LD.unphased.vcor1	1206	10	10	rs11773929	1	rs11782893	1	0.252116	0.063562477456
1206	rs922483	rs11775779	0	0	0	1	0	6	7	rs2736332	ENSG00000136573	eqtl_rs2736332_ENSG00000136573_B38.txt	rs2736332_ENSG00000136573_LD.unphased.vcor1	1206	10	10	rs11773929	1	rs11782893	1	0.467679	0.218723647041
1206	rs998682	rs11775779	0	0	0	1	0	7	7	rs2736332	ENSG00000136573	eqtl_rs2736332_ENSG00000136573_B38.txt	rs2736332_ENSG00000136573_LD.unphased.vcor1	1206	10	10	rs11773929	1	rs11782893	1	0.211915	0.044907967225
1206	rs13248746	rs11775779	0	0	0	1	0	9	7	rs2736332	ENSG00000136573	eqtl_rs2736332_ENSG00000136573_B38.txt	rs2736332_ENSG00000136573_LD.unphased.vcor1	1206	10	10	rs11773929	1	rs11782893	1	-0.370355	0.137162826025
1206	rs1531576	rs11775779	0	0	0	1	0	10	7	rs2736332	ENSG00000136573	eqtl_rs2736332_ENSG00000136573_B38.txt	rs2736332_ENSG00000136573_LD.unphased.vcor1	1206	10	10	rs11773929	1	rs11782893	1	0.603591	0.364322095281
1206	rs2409773	rs11775779	0	0	2.16573775545965e-161	1	1.72181674035069e-119	8	7	rs2736332	ENSG00000136573	eqtl_rs2736332_ENSG00000136573_B38.txt	rs2736332_ENSG00000136573_LD.unphased.vcor1	1206	10	10	rs11773929	1	rs11782893	1	-0.45169	0.2040238561
1209	rs2618473	rs998683	0	0	0	1	1.47118919412054e-150	1	1	rs2736332	ENSG00000154319	eqtl_rs2736332_ENSG00000154319_B38.txt	rs2736332_ENSG00000154319_LD.unphased.vcor1	1209	10	10	rs11773929	1	rs115826830	1	0.966472	0.934068126784
1209	rs2736342	rs998683	0	0	0	1	0	2	1	rs2736332	ENSG00000154319	eqtl_rs2736332_ENSG00000154319_B38.txt	rs2736332_ENSG00000154319_LD.unphased.vcor1	1209	10	10	rs11773929	1	rs115826830	1	0.67008	0.4490072064
1209	rs2618476	rs998683	0	0	0	1	8.70828953821815e-65	3	1	rs2736332	ENSG00000154319	eqtl_rs2736332_ENSG00000154319_B38.txt	rs2736332_ENSG00000154319_LD.unphased.vcor1	1209	10	10	rs11773929	1	rs115826830	1	-0.993723	0.987485400729
1209	rs11773929	rs998683	0	0	0	1	0	4	1	rs2736332	ENSG00000154319	eqtl_rs2736332_ENSG00000154319_B38.txt	rs2736332_ENSG00000154319_LD.unphased.vcor1	1209	10	10	rs11773929	1	rs115826830	1	0.659267	0.434632977289
1209	rs4841540	rs998683	0	0	1.90232276953566e-251	1	2.28625194768994e-253	5	1	rs2736332	ENSG00000154319	eqtl_rs2736332_ENSG00000154319_B38.txt	rs2736332_ENSG00000154319_LD.unphased.vcor1	1209	10	10	rs11773929	1	rs115826830	1	-0.0172469	0.00029745555961
1209	rs922483	rs998683	0	0	0	1	0	6	1	rs2736332	ENSG00000154319	eqtl_rs2736332_ENSG00000154319_B38.txt	rs2736332_ENSG00000154319_LD.unphased.vcor1	1209	10	10	rs11773929	1	rs115826830	1	0.938129	0.880086020641
1209	rs998682	rs998683	0	0	0	1	0	7	1	rs2736332	ENSG00000154319	eqtl_rs2736332_ENSG00000154319_B38.txt	rs2736332_ENSG00000154319_LD.unphased.vcor1	1209	10	10	rs11773929	1	rs115826830	1	-0.384677	0.147976394329
1209	rs13248746	rs998683	0	0	0	1	3.60509909422512e-238	9	1	rs2736332	ENSG00000154319	eqtl_rs2736332_ENSG00000154319_B38.txt	rs2736332_ENSG00000154319_LD.unphased.vcor1	1209	10	10	rs11773929	1	rs115826830	1	-0.679464	0.461671327296
1209	rs1531576	rs998683	0	0	0	1	0	10	1	rs2736332	ENSG00000154319	eqtl_rs2736332_ENSG00000154319_B38.txt	rs2736332_ENSG00000154319_LD.unphased.vcor1	1209	10	10	rs11773929	1	rs115826830	1	0.70597	0.4983936409
1209	rs2409773	rs998683	0	0	2.16578494956059e-161	1	2.76527886219431e-61	8	1	rs2736332	ENSG00000154319	eqtl_rs2736332_ENSG00000154319_B38.txt	rs2736332_ENSG00000154319_LD.unphased.vcor1	1209	10	10	rs11773929	1	rs115826830	1	-0.692033	0.478909673089
1209	rs2618473	rs115826830	0	0	0	1	0	1	2	rs2736332	ENSG00000154319	eqtl_rs2736332_ENSG00000154319_B38.txt	rs2736332_ENSG00000154319_LD.unphased.vcor1	1209	10	10	rs11773929	1	rs115826830	1	0.299833	0.089899827889
1209	rs2736342	rs115826830	0	0	0	1	0	2	2	rs2736332	ENSG00000154319	eqtl_rs2736332_ENSG00000154319_B38.txt	rs2736332_ENSG00000154319_LD.unphased.vcor1	1209	10	10	rs11773929	1	rs115826830	1	0.383187	0.146832276969
1209	rs2618476	rs115826830	0	0	0	1	0	3	2	rs2736332	ENSG00000154319	eqtl_rs2736332_ENSG00000154319_B38.txt	rs2736332_ENSG00000154319_LD.unphased.vcor1	1209	10	10	rs11773929	1	rs115826830	1	-0.29489	0.0869601121
1209	rs11773929	rs115826830	0	0	0	1	0	4	2	rs2736332	ENSG00000154319	eqtl_rs2736332_ENSG00000154319_B38.txt	rs2736332_ENSG00000154319_LD.unphased.vcor1	1209	10	10	rs11773929	1	rs115826830	1	0.289868	0.084023457424
1209	rs4841540	rs115826830	0	0	1.90232276953739e-251	1	7.12324035062515e-251	5	2	rs2736332	ENSG00000154319	eqtl_rs2736332_ENSG00000154319_B38.txt	rs2736332_ENSG00000154319_LD.unphased.vcor1	1209	10	10	rs11773929	1	rs115826830	1	0.143491	0.020589667081
1209	rs922483	rs115826830	0	0	0	1	0	6	2	rs2736332	ENSG00000154319	eqtl_rs2736332_ENSG00000154319_B38.txt	rs2736332_ENSG00000154319_LD.unphased.vcor1	1209	10	10	rs11773929	1	rs115826830	1	0.287128	0.082442488384
1209	rs998682	rs115826830	0	0	0	1	0	7	2	rs2736332	ENSG00000154319	eqtl_rs2736332_ENSG00000154319_B38.txt	rs2736332_ENSG00000154319_LD.unphased.vcor1	1209	10	10	rs11773929	1	rs115826830	1	0.104518	0.010924012324
1209	rs13248746	rs115826830	0	0	0	1	0	9	2	rs2736332	ENSG00000154319	eqtl_rs2736332_ENSG00000154319_B38.txt	rs2736332_ENSG00000154319_LD.unphased.vcor1	1209	10	10	rs11773929	1	rs115826830	1	-0.278171	0.077379105241
1209	rs1531576	rs115826830	0	0	0	1	0	10	2	rs2736332	ENSG00000154319	eqtl_rs2736332_ENSG00000154319_B38.txt	rs2736332_ENSG00000154319_LD.unphased.vcor1	1209	10	10	rs11773929	1	rs115826830	1	0.386785	0.149602636225
1209	rs2409773	rs115826830	0	0	2.16578494956256e-161	1	9.82108606672052e-155	8	2	rs2736332	ENSG00000154319	eqtl_rs2736332_ENSG00000154319_B38.txt	rs2736332_ENSG00000154319_LD.unphased.vcor1	1209	10	10	rs11773929	1	rs115826830	1	-0.274741	0.075482617081
1209	rs2618473	rs1478887	0	0	0	1	0	1	3	rs2736332	ENSG00000154319	eqtl_rs2736332_ENSG00000154319_B38.txt	rs2736332_ENSG00000154319_LD.unphased.vcor1	1209	10	10	rs11773929	1	rs115826830	1	0.354527	0.125689393729
1209	rs2736342	rs1478887	0	0	0	1	0	2	3	rs2736332	ENSG00000154319	eqtl_rs2736332_ENSG00000154319_B38.txt	rs2736332_ENSG00000154319_LD.unphased.vcor1	1209	10	10	rs11773929	1	rs115826830	1	-0.329309	0.108444417481
1209	rs2618476	rs1478887	0	0	0	1	0	3	3	rs2736332	ENSG00000154319	eqtl_rs2736332_ENSG00000154319_B38.txt	rs2736332_ENSG00000154319_LD.unphased.vcor1	1209	10	10	rs11773929	1	rs115826830	1	-0.36207	0.1310946849
1209	rs11773929	rs1478887	0	0	0	1	0	4	3	rs2736332	ENSG00000154319	eqtl_rs2736332_ENSG00000154319_B38.txt	rs2736332_ENSG00000154319_LD.unphased.vcor1	1209	10	10	rs11773929	1	rs115826830	1	0.0937519	0.00878941875361
1209	rs4841540	rs1478887	0	0	1.90232276953566e-251	1	2.07414007156284e-235	5	3	rs2736332	ENSG00000154319	eqtl_rs2736332_ENSG00000154319_B38.txt	rs2736332_ENSG00000154319_LD.unphased.vcor1	1209	10	10	rs11773929	1	rs115826830	1	-0.416055	0.173101763025
1209	rs922483	rs1478887	0	0	0	1	0	6	3	rs2736332	ENSG00000154319	eqtl_rs2736332_ENSG00000154319_B38.txt	rs2736332_ENSG00000154319_LD.unphased.vcor1	1209	10	10	rs11773929	1	rs115826830	1	0.298803	0.089283232809
1209	rs998682	rs1478887	0	0	0	1	0	7	3	rs2736332	ENSG00000154319	eqtl_rs2736332_ENSG00000154319_B38.txt	rs2736332_ENSG00000154319_LD.unphased.vcor1	1209	10	10	rs11773929	1	rs115826830	1	-0.824038	0.679038625444
1209	rs13248746	rs1478887	0	0	0	1	0	9	3	rs2736332	ENSG00000154319	eqtl_rs2736332_ENSG00000154319_B38.txt	rs2736332_ENSG00000154319_LD.unphased.vcor1	1209	10	10	rs11773929	1	rs115826830	1	-0.13281	0.0176384961
1209	rs1531576	rs1478887	0	0	0	1	0	10	3	rs2736332	ENSG00000154319	eqtl_rs2736332_ENSG00000154319_B38.txt	rs2736332_ENSG00000154319_LD.unphased.vcor1	1209	10	10	rs11773929	1	rs115826830	1	-0.241447	0.058296653809
1209	rs2409773	rs1478887	0	0	2.16578494956059e-161	1	2.16101703704442e-152	8	3	rs2736332	ENSG00000154319	eqtl_rs2736332_ENSG00000154319_B38.txt	rs2736332_ENSG00000154319_LD.unphased.vcor1	1209	10	10	rs11773929	1	rs115826830	1	-0.0861849	0.00742783698801
1209	rs2618473	rs922483	0	0	0	1	0	1	4	rs2736332	ENSG00000154319	eqtl_rs2736332_ENSG00000154319_B38.txt	rs2736332_ENSG00000154319_LD.unphased.vcor1	1209	10	10	rs11773929	1	rs115826830	1	0.918833	0.844254081889
1209	rs2736342	rs922483	0	0	0	1	0	2	4	rs2736332	ENSG00000154319	eqtl_rs2736332_ENSG00000154319_B38.txt	rs2736332_ENSG00000154319_LD.unphased.vcor1	1209	10	10	rs11773929	1	rs115826830	1	0.714477	0.510477383529
1209	rs2618476	rs922483	0	0	0	1	1.31494918417914e-80	3	4	rs2736332	ENSG00000154319	eqtl_rs2736332_ENSG00000154319_B38.txt	rs2736332_ENSG00000154319_LD.unphased.vcor1	1209	10	10	rs11773929	1	rs115826830	1	-0.933039	0.870561775521
1209	rs11773929	rs922483	0	0	0	1	0	4	4	rs2736332	ENSG00000154319	eqtl_rs2736332_ENSG00000154319_B38.txt	rs2736332_ENSG00000154319_LD.unphased.vcor1	1209	10	10	rs11773929	1	rs115826830	1	0.682813	0.466233592969
1209	rs4841540	rs922483	0	0	1.90232276953566e-251	1	7.22706089712817e-254	5	4	rs2736332	ENSG00000154319	eqtl_rs2736332_ENSG00000154319_B38.txt	rs2736332_ENSG00000154319_LD.unphased.vcor1	1209	10	10	rs11773929	1	rs115826830	1	-0.03966	0.0015729156
1209	rs922483	rs922483	0	0	0	0	1	6	4	rs2736332	ENSG00000154319	eqtl_rs2736332_ENSG00000154319_B38.txt	rs2736332_ENSG00000154319_LD.unphased.vcor1	1209	10	10	rs11773929	1	rs115826830	1	1	1
1209	rs998682	rs922483	0	0	0	1	0	7	4	rs2736332	ENSG00000154319	eqtl_rs2736332_ENSG00000154319_B38.txt	rs2736332_ENSG00000154319_LD.unphased.vcor1	1209	10	10	rs11773929	1	rs115826830	1	-0.411028	0.168944016784
1209	rs13248746	rs922483	0	0	0	1	2.97615767318878e-213	9	4	rs2736332	ENSG00000154319	eqtl_rs2736332_ENSG00000154319_B38.txt	rs2736332_ENSG00000154319_LD.unphased.vcor1	1209	10	10	rs11773929	1	rs115826830	1	-0.666412	0.444104953744
1209	rs1531576	rs922483	0	0	0	1	0	10	4	rs2736332	ENSG00000154319	eqtl_rs2736332_ENSG00000154319_B38.txt	rs2736332_ENSG00000154319_LD.unphased.vcor1	1209	10	10	rs11773929	1	rs115826830	1	0.64137	0.4113554769
1209	rs2409773	rs922483	0	0	2.16578494956059e-161	1	6.3974451775671e-89	8	4	rs2736332	ENSG00000154319	eqtl_rs2736332_ENSG00000154319_B38.txt	rs2736332_ENSG00000154319_LD.unphased.vcor1	1209	10	10	rs11773929	1	rs115826830	1	-0.674727	0.455256524529
1209	rs2618473	rs11782893	0	0	0	1	0	1	5	rs2736332	ENSG00000154319	eqtl_rs2736332_ENSG00000154319_B38.txt	rs2736332_ENSG00000154319_LD.unphased.vcor1	1209	10	10	rs11773929	1	rs115826830	1	-0.607266	0.368771994756
1209	rs2736342	rs11782893	0	0	0	1	0	2	5	rs2736332	ENSG00000154319	eqtl_rs2736332_ENSG00000154319_B38.txt	rs2736332_ENSG00000154319_LD.unphased.vcor1	1209	10	10	rs11773929	1	rs115826830	1	-0.789978	0.624065240484
1209	rs2618476	rs11782893	0	0	0	1	0	3	5	rs2736332	ENSG00000154319	eqtl_rs2736332_ENSG00000154319_B38.txt	rs2736332_ENSG00000154319_LD.unphased.vcor1	1209	10	10	rs11773929	1	rs115826830	1	0.614848	0.378038063104
1209	rs11773929	rs11782893	0	0	0	1	0	4	5	rs2736332	ENSG00000154319	eqtl_rs2736332_ENSG00000154319_B38.txt	rs2736332_ENSG00000154319_LD.unphased.vcor1	1209	10	10	rs11773929	1	rs115826830	1	-0.510611	0.260723593321
1209	rs4841540	rs11782893	0	0	1.90232276951144e-251	1	2.74254076576978e-219	5	5	rs2736332	ENSG00000154319	eqtl_rs2736332_ENSG00000154319_B38.txt	rs2736332_ENSG00000154319_LD.unphased.vcor1	1209	10	10	rs11773929	1	rs115826830	1	-0.316482	0.100160856324
1209	rs922483	rs11782893	0	0	0	1	0	6	5	rs2736332	ENSG00000154319	eqtl_rs2736332_ENSG00000154319_B38.txt	rs2736332_ENSG00000154319_LD.unphased.vcor1	1209	10	10	rs11773929	1	rs115826830	1	-0.573722	0.329156933284
1209	rs998682	rs11782893	0	0	0	1	0	7	5	rs2736332	ENSG00000154319	eqtl_rs2736332_ENSG00000154319_B38.txt	rs2736332_ENSG00000154319_LD.unphased.vcor1	1209	10	10	rs11773929	1	rs115826830	1	-0.256056	0.065564675136
1209	rs13248746	rs11782893	0	0	0	1	6.34546059227856e-287	9	5	rs2736332	ENSG00000154319	eqtl_rs2736332_ENSG00000154319_B38.txt	rs2736332_ENSG00000154319_LD.unphased.vcor1	1209	10	10	rs11773929	1	rs115826830	1	0.547527	0.299785815729
1209	rs1531576	rs11782893	0	0	0	1	0	10	5	rs2736332	ENSG00000154319	eqtl_rs2736332_ENSG00000154319_B38.txt	rs2736332_ENSG00000154319_LD.unphased.vcor1	1209	10	10	rs11773929	1	rs115826830	1	-0.809331	0.655016667561
1209	rs2409773	rs11782893	0	0	2.16578494954286e-161	1	5.44966490100196e-98	8	5	rs2736332	ENSG00000154319	eqtl_rs2736332_ENSG00000154319_B38.txt	rs2736332_ENSG00000154319_LD.unphased.vcor1	1209	10	10	rs11773929	1	rs115826830	1	0.565962	0.320312985444
1209	rs2618473	rs1806283	0	0	0	1	0	1	6	rs2736332	ENSG00000154319	eqtl_rs2736332_ENSG00000154319_B38.txt	rs2736332_ENSG00000154319_LD.unphased.vcor1	1209	10	10	rs11773929	1	rs115826830	1	0.601154	0.361386131716
1209	rs2736342	rs1806283	0	0	0	1	0	2	6	rs2736332	ENSG00000154319	eqtl_rs2736332_ENSG00000154319_B38.txt	rs2736332_ENSG00000154319_LD.unphased.vcor1	1209	10	10	rs11773929	1	rs115826830	1	0.779666	0.607879071556
1209	rs2618476	rs1806283	0	0	0	1	0	3	6	rs2736332	ENSG00000154319	eqtl_rs2736332_ENSG00000154319_B38.txt	rs2736332_ENSG00000154319_LD.unphased.vcor1	1209	10	10	rs11773929	1	rs115826830	1	-0.608316	0.370048355856
1209	rs11773929	rs1806283	0	0	0	1	0	4	6	rs2736332	ENSG00000154319	eqtl_rs2736332_ENSG00000154319_B38.txt	rs2736332_ENSG00000154319_LD.unphased.vcor1	1209	10	10	rs11773929	1	rs115826830	1	0.501768	0.251771125824
1209	rs4841540	rs1806283	0	0	1.90232276951144e-251	1	1.37747155120929e-216	5	6	rs2736332	ENSG00000154319	eqtl_rs2736332_ENSG00000154319_B38.txt	rs2736332_ENSG00000154319_LD.unphased.vcor1	1209	10	10	rs11773929	1	rs115826830	1	0.323312	0.104530649344
1209	rs922483	rs1806283	0	0	0	1	0	6	6	rs2736332	ENSG00000154319	eqtl_rs2736332_ENSG00000154319_B38.txt	rs2736332_ENSG00000154319_LD.unphased.vcor1	1209	10	10	rs11773929	1	rs115826830	1	0.563742	0.317805042564
1209	rs998682	rs1806283	0	0	0	1	0	7	6	rs2736332	ENSG00000154319	eqtl_rs2736332_ENSG00000154319_B38.txt	rs2736332_ENSG00000154319_LD.unphased.vcor1	1209	10	10	rs11773929	1	rs115826830	1	0.255726	0.065395787076
1209	rs13248746	rs1806283	0	0	0	1	3.56191663911559e-292	9	6	rs2736332	ENSG00000154319	eqtl_rs2736332_ENSG00000154319_B38.txt	rs2736332_ENSG00000154319_LD.unphased.vcor1	1209	10	10	rs11773929	1	rs115826830	1	-0.539689	0.291264216721
1209	rs1531576	rs1806283	0	0	0	1	0	10	6	rs2736332	ENSG00000154319	eqtl_rs2736332_ENSG00000154319_B38.txt	rs2736332_ENSG00000154319_LD.unphased.vcor1	1209	10	10	rs11773929	1	rs115826830	1	0.802551	0.644088107601
1209	rs2409773	rs1806283	0	0	2.16578494954286e-161	1	1.85505932707598e-99	8	6	rs2736332	ENSG00000154319	eqtl_rs2736332_ENSG00000154319_B38.txt	rs2736332_ENSG00000154319_LD.unphased.vcor1	1209	10	10	rs11773929	1	rs115826830	1	-0.549893	0.302382311449
1209	rs2618473	rs11775779	0	0	0	1	0	1	7	rs2736332	ENSG00000154319	eqtl_rs2736332_ENSG00000154319_B38.txt	rs2736332_ENSG00000154319_LD.unphased.vcor1	1209	10	10	rs11773929	1	rs115826830	1	0.438573	0.192346276329
1209	rs2736342	rs11775779	0	0	0	1	0	2	7	rs2736332	ENSG00000154319	eqtl_rs2736332_ENSG00000154319_B38.txt	rs2736332_ENSG00000154319_LD.unphased.vcor1	1209	10	10	rs11773929	1	rs115826830	1	0.646201	0.417575732401
1209	rs2618476	rs11775779	0	0	0	1	0	3	7	rs2736332	ENSG00000154319	eqtl_rs2736332_ENSG00000154319_B38.txt	rs2736332_ENSG00000154319_LD.unphased.vcor1	1209	10	10	rs11773929	1	rs115826830	1	-0.46105	0.2125671025
1209	rs11773929	rs11775779	0	0	0	1	0	4	7	rs2736332	ENSG00000154319	eqtl_rs2736332_ENSG00000154319_B38.txt	rs2736332_ENSG00000154319_LD.unphased.vcor1	1209	10	10	rs11773929	1	rs115826830	1	0.378004	0.142887024016
1209	rs4841540	rs11775779	0	0	1.90232276953912e-251	1	2.75169907391128e-230	5	7	rs2736332	ENSG00000154319	eqtl_rs2736332_ENSG00000154319_B38.txt	rs2736332_ENSG00000154319_LD.unphased.vcor1	1209	10	10	rs11773929	1	rs115826830	1	0.252116	0.063562477456
1209	rs922483	rs11775779	0	0	0	1	0	6	7	rs2736332	ENSG00000154319	eqtl_rs2736332_ENSG00000154319_B38.txt	rs2736332_ENSG00000154319_LD.unphased.vcor1	1209	10	10	rs11773929	1	rs115826830	1	0.467679	0.218723647041
1209	rs998682	rs11775779	0	0	0	1	0	7	7	rs2736332	ENSG00000154319	eqtl_rs2736332_ENSG00000154319_B38.txt	rs2736332_ENSG00000154319_LD.unphased.vcor1	1209	10	10	rs11773929	1	rs115826830	1	0.211915	0.044907967225
1209	rs13248746	rs11775779	0	0	0	1	0	9	7	rs2736332	ENSG00000154319	eqtl_rs2736332_ENSG00000154319_B38.txt	rs2736332_ENSG00000154319_LD.unphased.vcor1	1209	10	10	rs11773929	1	rs115826830	1	-0.370355	0.137162826025
1209	rs1531576	rs11775779	0	0	0	1	0	10	7	rs2736332	ENSG00000154319	eqtl_rs2736332_ENSG00000154319_B38.txt	rs2736332_ENSG00000154319_LD.unphased.vcor1	1209	10	10	rs11773929	1	rs115826830	1	0.603591	0.364322095281
1209	rs2409773	rs11775779	0	0	2.1657849495665e-161	1	1.82007886382992e-119	8	7	rs2736332	ENSG00000154319	eqtl_rs2736332_ENSG00000154319_B38.txt	rs2736332_ENSG00000154319_LD.unphased.vcor1	1209	10	10	rs11773929	1	rs115826830	1	-0.45169	0.2040238561
1209	rs2618473	rs2736335	0	0	0	1	0	1	8	rs2736332	ENSG00000154319	eqtl_rs2736332_ENSG00000154319_B38.txt	rs2736332_ENSG00000154319_LD.unphased.vcor1	1209	10	10	rs11773929	1	rs115826830	1	-0.389472	0.151688438784
1209	rs2736342	rs2736335	0	0	0	1	0	2	8	rs2736332	ENSG00000154319	eqtl_rs2736332_ENSG00000154319_B38.txt	rs2736332_ENSG00000154319_LD.unphased.vcor1	1209	10	10	rs11773929	1	rs115826830	1	0.324589	0.105358018921
1209	rs2618476	rs2736335	0	0	0	1	0	3	8	rs2736332	ENSG00000154319	eqtl_rs2736332_ENSG00000154319_B38.txt	rs2736332_ENSG00000154319_LD.unphased.vcor1	1209	10	10	rs11773929	1	rs115826830	1	0.379675	0.144153105625
1209	rs11773929	rs2736335	0	0	0	1	0	4	8	rs2736332	ENSG00000154319	eqtl_rs2736332_ENSG00000154319_B38.txt	rs2736332_ENSG00000154319_LD.unphased.vcor1	1209	10	10	rs11773929	1	rs115826830	1	-0.195626	0.038269531876
1209	rs4841540	rs2736335	0	0	1.90232276953566e-251	1	3.40373784917871e-174	5	8	rs2736332	ENSG00000154319	eqtl_rs2736332_ENSG00000154319_B38.txt	rs2736332_ENSG00000154319_LD.unphased.vcor1	1209	10	10	rs11773929	1	rs115826830	1	0.532389	0.283438047321
1209	rs922483	rs2736335	0	0	0	1	0	6	8	rs2736332	ENSG00000154319	eqtl_rs2736332_ENSG00000154319_B38.txt	rs2736332_ENSG00000154319_LD.unphased.vcor1	1209	10	10	rs11773929	1	rs115826830	1	-0.390076	0.152159285776
1209	rs998682	rs2736335	0	0	0	1	3.22749060191961e-23	7	8	rs2736332	ENSG00000154319	eqtl_rs2736332_ENSG00000154319_B38.txt	rs2736332_ENSG00000154319_LD.unphased.vcor1	1209	10	10	rs11773929	1	rs115826830	1	0.943179	0.889586626041
1209	rs13248746	rs2736335	0	0	0	1	0	9	8	rs2736332	ENSG00000154319	eqtl_rs2736332_ENSG00000154319_B38.txt	rs2736332_ENSG00000154319_LD.unphased.vcor1	1209	10	10	rs11773929	1	rs115826830	1	0.187	0.034969
1209	rs1531576	rs2736335	0	0	0	1	0	10	8	rs2736332	ENSG00000154319	eqtl_rs2736332_ENSG00000154319_B38.txt	rs2736332_ENSG00000154319_LD.unphased.vcor1	1209	10	10	rs11773929	1	rs115826830	1	0.316049	0.099886970401
1209	rs2409773	rs2736335	0	0	2.16578494956059e-161	1	2.47250190542435e-151	8	8	rs2736332	ENSG00000154319	eqtl_rs2736332_ENSG00000154319_B38.txt	rs2736332_ENSG00000154319_LD.unphased.vcor1	1209	10	10	rs11773929	1	rs115826830	1	0.152341	0.023207780281
1209	rs2618473	rs77865852	0	0	0	1	0	1	9	rs2736332	ENSG00000154319	eqtl_rs2736332_ENSG00000154319_B38.txt	rs2736332_ENSG00000154319_LD.unphased.vcor1	1209	10	10	rs11773929	1	rs115826830	1	0.398445	0.158758418025
1209	rs2736342	rs77865852	0	0	0	1	0	2	9	rs2736332	ENSG00000154319	eqtl_rs2736332_ENSG00000154319_B38.txt	rs2736332_ENSG00000154319_LD.unphased.vcor1	1209	10	10	rs11773929	1	rs115826830	1	0.565209	0.319461213681
1209	rs2618476	rs77865852	0	0	0	1	0	3	9	rs2736332	ENSG00000154319	eqtl_rs2736332_ENSG00000154319_B38.txt	rs2736332_ENSG00000154319_LD.unphased.vcor1	1209	10	10	rs11773929	1	rs115826830	1	-0.40727	0.1658688529
1209	rs11773929	rs77865852	0	0	0	1	0	4	9	rs2736332	ENSG00000154319	eqtl_rs2736332_ENSG00000154319_B38.txt	rs2736332_ENSG00000154319_LD.unphased.vcor1	1209	10	10	rs11773929	1	rs115826830	1	0.407276	0.165873740176
1209	rs4841540	rs77865852	0	0	1.90232276953912e-251	1	6.52777943002779e-247	5	9	rs2736332	ENSG00000154319	eqtl_rs2736332_ENSG00000154319_B38.txt	rs2736332_ENSG00000154319_LD.unphased.vcor1	1209	10	10	rs11773929	1	rs115826830	1	0.222045	0.049303982025
1209	rs922483	rs77865852	0	0	0	1	0	6	9	rs2736332	ENSG00000154319	eqtl_rs2736332_ENSG00000154319_B38.txt	rs2736332_ENSG00000154319_LD.unphased.vcor1	1209	10	10	rs11773929	1	rs115826830	1	0.406085	0.164905027225
1209	rs998682	rs77865852	0	0	0	1	0	7	9	rs2736332	ENSG00000154319	eqtl_rs2736332_ENSG00000154319_B38.txt	rs2736332_ENSG00000154319_LD.unphased.vcor1	1209	10	10	rs11773929	1	rs115826830	1	0.186291	0.034704336681
1209	rs13248746	rs77865852	0	0	0	1	1.40831739302594e-308	9	9	rs2736332	ENSG00000154319	eqtl_rs2736332_ENSG00000154319_B38.txt	rs2736332_ENSG00000154319_LD.unphased.vcor1	1209	10	10	rs11773929	1	rs115826830	1	-0.401249	0.161000760001
1209	rs1531576	rs77865852	0	0	0	1	0	10	9	rs2736332	ENSG00000154319	eqtl_rs2736332_ENSG00000154319_B38.txt	rs2736332_ENSG00000154319_LD.unphased.vcor1	1209	10	10	rs11773929	1	rs115826830	1	0.543806	0.295724965636
1209	rs2409773	rs77865852	0	0	2.1657849495665e-161	1	5.39383257062324e-146	8	9	rs2736332	ENSG00000154319	eqtl_rs2736332_ENSG00000154319_B38.txt	rs2736332_ENSG00000154319_LD.unphased.vcor1	1209	10	10	rs11773929	1	rs115826830	1	-0.395545	0.156455847025
1209	rs2618473	rs2618444	0	0	0	1	7.96615730342121e-143	1	10	rs2736332	ENSG00000154319	eqtl_rs2736332_ENSG00000154319_B38.txt	rs2736332_ENSG00000154319_LD.unphased.vcor1	1209	10	10	rs11773929	1	rs115826830	1	-0.976851	0.954237876201
1209	rs2736342	rs2618444	0	0	0	1	0	2	10	rs2736332	ENSG00000154319	eqtl_rs2736332_ENSG00000154319_B38.txt	rs2736332_ENSG00000154319_LD.unphased.vcor1	1209	10	10	rs11773929	1	rs115826830	1	-0.693029	0.480289194841
1209	rs2618476	rs2618444	0	0	0	1	2.43974191405549e-22	3	10	rs2736332	ENSG00000154319	eqtl_rs2736332_ENSG00000154319_B38.txt	rs2736332_ENSG00000154319_LD.unphased.vcor1	1209	10	10	rs11773929	1	rs115826830	1	0.980603	0.961582243609
1209	rs11773929	rs2618444	0	0	0	1	0	4	10	rs2736332	ENSG00000154319	eqtl_rs2736332_ENSG00000154319_B38.txt	rs2736332_ENSG00000154319_LD.unphased.vcor1	1209	10	10	rs11773929	1	rs115826830	1	-0.652908	0.426288856464
1209	rs4841540	rs2618444	0	0	1.90232276953912e-251	1	2.76764252869519e-254	5	10	rs2736332	ENSG00000154319	eqtl_rs2736332_ENSG00000154319_B38.txt	rs2736332_ENSG00000154319_LD.unphased.vcor1	1209	10	10	rs11773929	1	rs115826830	1	-0.00201755	4.0705080025e-06
1209	rs922483	rs2618444	0	0	0	1	0	6	10	rs2736332	ENSG00000154319	eqtl_rs2736332_ENSG00000154319_B38.txt	rs2736332_ENSG00000154319_LD.unphased.vcor1	1209	10	10	rs11773929	1	rs115826830	1	-0.92669	0.8587543561
1209	rs998682	rs2618444	0	0	0	1	0	7	10	rs2736332	ENSG00000154319	eqtl_rs2736332_ENSG00000154319_B38.txt	rs2736332_ENSG00000154319_LD.unphased.vcor1	1209	10	10	rs11773929	1	rs115826830	1	0.356025	0.126753800625
1209	rs13248746	rs2618444	0	0	0	1	3.28449633133954e-209	9	10	rs2736332	ENSG00000154319	eqtl_rs2736332_ENSG00000154319_B38.txt	rs2736332_ENSG00000154319_LD.unphased.vcor1	1209	10	10	rs11773929	1	rs115826830	1	0.67316	0.4531443856
1209	rs1531576	rs2618444	0	0	0	1	0	10	10	rs2736332	ENSG00000154319	eqtl_rs2736332_ENSG00000154319_B38.txt	rs2736332_ENSG00000154319_LD.unphased.vcor1	1209	10	10	rs11773929	1	rs115826830	1	-0.728793	0.531139236849
1209	rs2409773	rs2618444	0	0	2.1657849495665e-161	1	5.50048165784334e-74	8	10	rs2736332	ENSG00000154319	eqtl_rs2736332_ENSG00000154319_B38.txt	rs2736332_ENSG00000154319_LD.unphased.vcor1	1209	10	10	rs11773929	1	rs115826830	1	0.685467	0.469865008089
264	rs78382932	rs28579738	0	0	3.64415203373885e-09	0.361613838763452	0.638386157591475	1	1	rs78382932	ENSG00000138756	eqtl_rs78382932_ENSG00000138756_B38.txt	rs78382932_ENSG00000138756_LD.unphased.vcor1	264	1	10	rs6858740	0.20865509978062	rs10008069	1	-0.941338	0.886117230244
264	rs78382932	rs11724233	0	0	1.00419905140242e-08	0.99999781144755	2.17851068568975e-06	1	2	rs78382932	ENSG00000138756	eqtl_rs78382932_ENSG00000138756_B38.txt	rs78382932_ENSG00000138756_LD.unphased.vcor1	264	1	10	rs6858740	0.20865509978062	rs10008069	1	-0.450616	0.203054779456
264	rs78382932	rs151155280	1.48906863587674e-149	1.48283886683626e-141	1.00420123456033e-08	0.999999989828439	1.29538605617914e-10	1	3	rs78382932	ENSG00000138756	eqtl_rs78382932_ENSG00000138756_B38.txt	rs78382932_ENSG00000138756_LD.unphased.vcor1	264	1	10	rs6858740	0.20865509978062	rs10008069	1	0.131549	0.017305139401
264	rs78382932	rs11930371	0	0	1.00420123326833e-08	0.999999988547643	1.40533106879901e-09	1	4	rs78382932	ENSG00000138756	eqtl_rs78382932_ENSG00000138756_B38.txt	rs78382932_ENSG00000138756_LD.unphased.vcor1	264	1	10	rs6858740	0.20865509978062	rs10008069	1	-0.398412	0.158732121744
264	rs78382932	rs10008069	0	0	1.00420116457238e-08	0.999999919993573	6.99677546804651e-08	1	5	rs78382932	ENSG00000138756	eqtl_rs78382932_ENSG00000138756_B38.txt	rs78382932_ENSG00000138756_LD.unphased.vcor1	264	1	10	rs6858740	0.20865509978062	rs10008069	1	-0.396569	0.157266971761
264	rs78382932	rs13138117	0	0	1.0042012345794e-08	0.999999989847538	1.10368989364601e-10	1	6	rs78382932	ENSG00000138756	eqtl_rs78382932_ENSG00000138756_B38.txt	rs78382932_ENSG00000138756_LD.unphased.vcor1	264	1	10	rs6858740	0.20865509978062	rs10008069	1	0.219722	0.048277757284
264	rs78382932	rs17003427	2.47910501226662e-271	2.46873325956051e-263	7.25312511533304e-09	0.721721487662257	0.278278505084591	1	7	rs78382932	ENSG00000138756	eqtl_rs78382932_ENSG00000138756_B38.txt	rs78382932_ENSG00000138756_LD.unphased.vcor1	264	1	10	rs6858740	0.20865509978062	rs10008069	1	-0.861009	0.741336498081
264	rs78382932	rs62308009	0	0	1.00203822061743e-08	0.997841708655958	0.00215828132335994	1	8	rs78382932	ENSG00000138756	eqtl_rs78382932_ENSG00000138756_B38.txt	rs78382932_ENSG00000138756_LD.unphased.vcor1	264	1	10	rs6858740	0.20865509978062	rs10008069	1	0.933277	0.871005958729
264	rs78382932	rs62308002	0	0	3.41936350113067e-09	0.339184170239107	0.660815826340986	1	9	rs78382932	ENSG00000138756	eqtl_rs78382932_ENSG00000138756_B38.txt	rs78382932_ENSG00000138756_LD.unphased.vcor1	264	1	10	rs6858740	0.20865509978062	rs10008069	1	0.969773	0.940459671529
264	rs78382932	rs77989448	0	0	3.9546054546665e-09	0.392591252286094	0.607408743734158	1	10	rs78382932	ENSG00000138756	eqtl_rs78382932_ENSG00000138756_B38.txt	rs78382932_ENSG00000138756_LD.unphased.vcor1	264	1	10	rs6858740	0.20865509978062	rs10008069	1	-0.941338	0.886117230244
391	rs61166890	rs74023935	0	0	0.00134877511143111	0.998638345587096	1.28793012850361e-05	2	1	rs72730583	ENSG00000167173	eqtl_rs72730583_ENSG00000167173_B38.txt	rs72730583_ENSG00000167173_LD.unphased.vcor1	391	2	10	rs61166890	0.964083737991816	rs4519311	1	-0.0154704	0.00023933327616
391	rs72730583	rs74023935	0	0	0.00132524118577056	0.998387588795917	0.000287170018469411	1	1	rs72730583	ENSG00000167173	eqtl_rs72730583_ENSG00000167173_B38.txt	rs72730583_ENSG00000167173_LD.unphased.vcor1	391	2	10	rs61166890	0.964083737991816	rs4519311	1	-0.362062	0.131088891844
391	rs61166890	rs8038431	8.62327172510518e-08	6.384704135066e-05	0.00134868995352242	0.99857529593489	1.20808375189379e-05	2	3	rs72730583	ENSG00000167173	eqtl_rs72730583_ENSG00000167173_B38.txt	rs72730583_ENSG00000167173_LD.unphased.vcor1	391	2	10	rs61166890	0.964083737991816	rs4519311	1	0.12285	0.0150921225
391	rs72730583	rs8038431	8.47504748497632e-08	6.38479031731254e-05	0.00132550750608217	0.998588755493737	2.18043465326582e-05	1	3	rs72730583	ENSG00000167173	eqtl_rs72730583_ENSG00000167173_B38.txt	rs72730583_ENSG00000167173_LD.unphased.vcor1	391	2	10	rs61166890	0.964083737991816	rs4519311	1	0.0524614	0.00275219848996
391	rs61166890	rs7169797	2.06640123953418e-07	0.00015299715652412	0.00134847526170166	0.998416197184697	8.21237569535232e-05	2	4	rs72730583	ENSG00000167173	eqtl_rs72730583_ENSG00000167173_B38.txt	rs72730583_ENSG00000167173_LD.unphased.vcor1	391	2	10	rs61166890	0.964083737991816	rs4519311	1	-0.0800712	0.00641139706944
391	rs72730583	rs7169797	2.03102499173106e-07	0.000153009982827967	0.00132538971853528	0.998500019524045	2.13776720922682e-05	1	4	rs72730583	ENSG00000167173	eqtl_rs72730583_ENSG00000167173_B38.txt	rs72730583_ENSG00000167173_LD.unphased.vcor1	391	2	10	rs61166890	0.964083737991816	rs4519311	1	0.239961	0.057581281521
391	rs61166890	rs74247779	0	0	0.0013487614691503	0.998628224517178	2.30140143170017e-05	2	6	rs72730583	ENSG00000167173	eqtl_rs72730583_ENSG00000167173_B38.txt	rs72730583_ENSG00000167173_LD.unphased.vcor1	391	2	10	rs61166890	0.964083737991816	rs4519311	1	0.00800437	6.40699390969e-05
391	rs72730583	rs74247779	0	0	0.00132560275471277	0.998660528191226	1.38690541990871e-05	1	6	rs72730583	ENSG00000167173	eqtl_rs72730583_ENSG00000167173_B38.txt	rs72730583_ENSG00000167173_LD.unphased.vcor1	391	2	10	rs61166890	0.964083737991816	rs4519311	1	0.324954	0.105595102116
391	rs61166890	rs80192651	4.24481228166766e-23	3.14287562671139e-20	0.00134871117454643	0.998590911471095	6.03773543572201e-05	2	7	rs72730583	ENSG00000167173	eqtl_rs72730583_ENSG00000167173_B38.txt	rs72730583_ENSG00000167173_LD.unphased.vcor1	391	2	10	rs61166890	0.964083737991816	rs4519311	1	0.0160954	0.00025906190116
391	rs72730583	rs80192651	4.16891399299324e-23	3.14070708669858e-20	0.00132459588669113	0.99790046857658	0.00077493553673271	1	7	rs72730583	ENSG00000167173	eqtl_rs72730583_ENSG00000167173_B38.txt	rs72730583_ENSG00000167173_LD.unphased.vcor1	391	2	10	rs61166890	0.964083737991816	rs4519311	1	0.187956	0.035327457936
391	rs61166890	rs74790824	0	0	0.00134877710517221	0.998639824725331	1.13981684996336e-05	2	8	rs72730583	ENSG00000167173	eqtl_rs72730583_ENSG00000167173_B38.txt	rs72730583_ENSG00000167173_LD.unphased.vcor1	391	2	10	rs61166890	0.964083737991816	rs4519311	1	0.0510237	0.00260341796169
391	rs72730583	rs74790824	0	0	0.00132470109568424	0.997979888228508	0.000695410676262805	1	8	rs72730583	ENSG00000167173	eqtl_rs72730583_ENSG00000167173_B38.txt	rs72730583_ENSG00000167173_LD.unphased.vcor1	391	2	10	rs61166890	0.964083737991816	rs4519311	1	-0.550986	0.303585572196
391	rs61166890	rs6939	1.66949906181091e-06	0.00123610363945744	0.00134693806918434	0.997277943385304	0.000137345406992624	2	9	rs72730583	ENSG00000167173	eqtl_rs72730583_ENSG00000167173_B38.txt	rs72730583_ENSG00000167173_LD.unphased.vcor1	391	2	10	rs61166890	0.964083737991816	rs4519311	1	-0.212254	0.045051760516
391	rs72730583	rs6939	1.64093780808894e-06	0.00123622243379414	0.00132389508532065	0.997373931747286	6.43097957916566e-05	1	9	rs72730583	ENSG00000167173	eqtl_rs72730583_ENSG00000167173_B38.txt	rs72730583_ENSG00000167173_LD.unphased.vcor1	391	2	10	rs61166890	0.964083737991816	rs4519311	1	-0.32149	0.1033558201
391	rs61166890	rs4519311	0	0	0.00134877724154754	0.998639925896153	1.12968631842406e-05	2	10	rs72730583	ENSG00000167173	eqtl_rs72730583_ENSG00000167173_B38.txt	rs72730583_ENSG00000167173_LD.unphased.vcor1	391	2	10	rs61166890	0.964083737991816	rs4519311	1	0.0560979	0.00314697438441
391	rs72730583	rs4519311	0	0	0.000458500882248053	0.344106899685971	0.655434599432329	1	10	rs72730583	ENSG00000167173	eqtl_rs72730583_ENSG00000167173_B38.txt	rs72730583_ENSG00000167173_LD.unphased.vcor1	391	2	10	rs61166890	0.964083737991816	rs4519311	1	-0.953943	0.910007247249
391	rs61166890	rs9672995	3.08816697889371e-50	2.28649091765415e-47	0.0013487736305406	0.998637246929437	1.39794400202547e-05	2	5	rs72730583	ENSG00000167173	eqtl_rs72730583_ENSG00000167173_B38.txt	rs72730583_ENSG00000167173_LD.unphased.vcor1	391	2	10	rs61166890	0.964083737991816	rs4519311	1	0.015318	0.000234641124
391	rs72730583	rs9672995	3.03453184305033e-50	2.286105129609e-47	0.00132534819487263	0.99846836730404	0.000206284501090507	1	5	rs72730583	ENSG00000167173	eqtl_rs72730583_ENSG00000167173_B38.txt	rs72730583_ENSG00000167173_LD.unphased.vcor1	391	2	10	rs61166890	0.964083737991816	rs4519311	1	-0.335034	0.112247781156
391	rs61166890	rs56936958	0	0	0.00134877660882513	0.99863945648801	1.17669032746711e-05	2	2	rs72730583	ENSG00000167173	eqtl_rs72730583_ENSG00000167173_B38.txt	rs72730583_ENSG00000167173_LD.unphased.vcor1	391	2	10	rs61166890	0.964083737991816	rs4519311	1	0.0416986	0.00173877324196
391	rs72730583	rs56936958	0	0	4.35265645009586e-05	0.0308531125084232	0.969103360927133	1	2	rs72730583	ENSG00000167173	eqtl_rs72730583_ENSG00000167173_B38.txt	rs72730583_ENSG00000167173_LD.unphased.vcor1	391	2	10	rs61166890	0.964083737991816	rs4519311	1	-0.995414	0.990849031396
429	rs933222	rs4821604	0	0	0.00597183534370311	0.993970708334793	5.74563215043765e-05	4	1	rs229527	ENSG00000133466	eqtl_rs229527_ENSG00000133466_B38.txt	rs229527_ENSG00000133466_LD.unphased.vcor1	429	3	10	rs229527	0.337371844797352	rs229534	1	0.227037	0.051545799369
429	rs5005165	rs4821604	0	0	0.000266576621005538	0.999723268819843	1.01545591573804e-05	3	1	rs229527	ENSG00000133466	eqtl_rs229527_ENSG00000133466_B38.txt	rs229527_ENSG00000133466_LD.unphased.vcor1	429	3	10	rs229527	0.337371844797352	rs229534	1	0.112268	0.012604103824
429	rs5756512	rs4821604	0	0	0.0119751304172701	0.987840111912071	0.000184757670747688	2	1	rs229527	ENSG00000133466	eqtl_rs229527_ENSG00000133466_B38.txt	rs229527_ENSG00000133466_LD.unphased.vcor1	429	3	10	rs229527	0.337371844797352	rs229534	1	0.0464481	0.00215742599361
429	rs933222	rs2413457	0	0	0.00596901014785363	0.993499526656401	0.000531463612724153	4	2	rs229527	ENSG00000133466	eqtl_rs229527_ENSG00000133466_B38.txt	rs229527_ENSG00000133466_LD.unphased.vcor1	429	3	10	rs229527	0.337371844797352	rs229534	1	0.137503	0.018907075009
429	rs5005165	rs2413457	0	0	0.000266559593400315	0.999659284332751	7.41563203110281e-05	3	2	rs229527	ENSG00000133466	eqtl_rs229527_ENSG00000133466_B38.txt	rs229527_ENSG00000133466_LD.unphased.vcor1	429	3	10	rs229527	0.337371844797352	rs229534	1	-0.214031	0.045809268961
429	rs5756512	rs2413457	0	0	0.0119735225063229	0.987707205228171	0.00031927254267699	2	2	rs229527	ENSG00000133466	eqtl_rs229527_ENSG00000133466_B38.txt	rs229527_ENSG00000133466_LD.unphased.vcor1	429	3	10	rs229527	0.337371844797352	rs229534	1	-0.0126107	0.00015902975449
429	rs933222	rs739042	3.21261675027421e-45	5.34717910368266e-43	0.00594081614821324	0.988797368372809	0.00526181547898387	4	3	rs229527	ENSG00000133466	eqtl_rs229527_ENSG00000133466_B38.txt	rs229527_ENSG00000133466_LD.unphased.vcor1	429	3	10	rs229527	0.337371844797352	rs229534	1	0.44083	0.1943310889
429	rs5005165	rs739042	1.44148087412324e-46	5.40588291373389e-43	0.000266560673743637	0.999663343057363	7.00962688913826e-05	3	3	rs229527	ENSG00000133466	eqtl_rs229527_ENSG00000133466_B38.txt	rs229527_ENSG00000133466_LD.unphased.vcor1	429	3	10	rs229527	0.337371844797352	rs229534	1	0.626907	0.393012386649
429	rs5756512	rs739042	6.47582843217762e-45	5.34197562212603e-43	0.0119751931566862	0.987845297846586	0.000179508996724488	2	3	rs229527	ENSG00000133466	eqtl_rs229527_ENSG00000133466_B38.txt	rs229527_ENSG00000133466_LD.unphased.vcor1	429	3	10	rs229527	0.337371844797352	rs229534	1	0.014818	0.000219573124
429	rs933222	rs2858489	0	0	0.00597153049403487	0.993919865581771	0.000108604116350076	4	4	rs229527	ENSG00000133466	eqtl_rs229527_ENSG00000133466_B38.txt	rs229527_ENSG00000133466_LD.unphased.vcor1	429	3	10	rs229527	0.337371844797352	rs229534	1	0.275905	0.076123569025
429	rs5005165	rs2858489	0	0	0.000266578596973408	0.999730693589953	2.72793353650059e-06	3	4	rs229527	ENSG00000133466	eqtl_rs229527_ENSG00000133466_B38.txt	rs229527_ENSG00000133466_LD.unphased.vcor1	429	3	10	rs229527	0.337371844797352	rs229534	1	0.0683188	0.00466745843344
429	rs5756512	rs2858489	0	0	0.0119759399539095	0.987907026674158	0.000117033385025883	2	4	rs229527	ENSG00000133466	eqtl_rs229527_ENSG00000133466_B38.txt	rs229527_ENSG00000133466_LD.unphased.vcor1	429	3	10	rs229527	0.337371844797352	rs229534	1	0.0536775	0.00288127400625
429	rs933222	rs229540	0	0	0.00596125804053106	0.992206639197946	0.00183210276786834	4	5	rs229527	ENSG00000133466	eqtl_rs229527_ENSG00000133466_B38.txt	rs229527_ENSG00000133466_LD.unphased.vcor1	429	3	10	rs229527	0.337371844797352	rs229534	1	0.377537	0.142534186369
429	rs5005165	rs229540	0	0	0.000266578025082545	0.999728544678632	4.87712756762171e-06	3	5	rs229527	ENSG00000133466	eqtl_rs229527_ENSG00000133466_B38.txt	rs229527_ENSG00000133466_LD.unphased.vcor1	429	3	10	rs229527	0.337371844797352	rs229534	1	-0.0798907	0.00638252394649
429	rs5756512	rs229540	0	0	0.011975017564563	0.987830783774571	0.000194198633871955	2	5	rs229527	ENSG00000133466	eqtl_rs229527_ENSG00000133466_B38.txt	rs229527_ENSG00000133466_LD.unphased.vcor1	429	3	10	rs229527	0.337371844797352	rs229534	1	0.045941	0.002110575481
429	rs933222	rs229534	0	0	0.00597159217329472	0.99393015388318	9.82538061207978e-05	4	6	rs229527	ENSG00000133466	eqtl_rs229527_ENSG00000133466_B38.txt	rs229527_ENSG00000133466_LD.unphased.vcor1	429	3	10	rs229527	0.337371844797352	rs229534	1	0.276556	0.076483221136
429	rs5005165	rs229534	0	0	0.000266578543471085	0.999730493875079	2.92761584774958e-06	3	6	rs229527	ENSG00000133466	eqtl_rs229527_ENSG00000133466_B38.txt	rs229527_ENSG00000133466_LD.unphased.vcor1	429	3	10	rs229527	0.337371844797352	rs229534	1	0.0703335	0.00494680122225
429	rs5756512	rs229534	0	0	0.0119759355929062	0.987906666930718	0.000117397773545175	2	6	rs229527	ENSG00000133466	eqtl_rs229527_ENSG00000133466_B38.txt	rs229527_ENSG00000133466_LD.unphased.vcor1	429	3	10	rs229527	0.337371844797352	rs229534	1	0.0550368	0.00302904935424
429	rs933222	rs56008441	0	0	0.00583566382194559	0.971260203950218	0.0229041322276481	4	7	rs229527	ENSG00000133466	eqtl_rs229527_ENSG00000133466_B38.txt	rs229527_ENSG00000133466_LD.unphased.vcor1	429	3	10	rs229527	0.337371844797352	rs229534	1	0.23229	0.0539586441
429	rs5005165	rs56008441	0	0	0.000266563585930431	0.999674286315834	5.91500980793487e-05	3	7	rs229527	ENSG00000133466	eqtl_rs229527_ENSG00000133466_B38.txt	rs229527_ENSG00000133466_LD.unphased.vcor1	429	3	10	rs229527	0.337371844797352	rs229534	1	-0.0362547	0.00131440327209
429	rs5756512	rs56008441	0	0	0.0119638693523986	0.986909291248216	0.0011268393995879	2	7	rs229527	ENSG00000133466	eqtl_rs229527_ENSG00000133466_B38.txt	rs229527_ENSG00000133466_LD.unphased.vcor1	429	3	10	rs229527	0.337371844797352	rs229534	1	-0.059545	0.003545607025
429	rs933222	rs9622581	1.19141963997071e-230	1.98303585450237e-228	0.000301997491518078	0.0483627299534743	0.951335272554977	4	8	rs229527	ENSG00000133466	eqtl_rs229527_ENSG00000133466_B38.txt	rs229527_ENSG00000133466_LD.unphased.vcor1	429	3	10	rs229527	0.337371844797352	rs229534	1	0.998633	0.997267868689
429	rs5005165	rs9622581	1.05168601580812e-230	3.94406305732496e-227	0.000266578229855689	0.999729314470064	4.10730013697832e-06	3	8	rs229527	ENSG00000133466	eqtl_rs229527_ENSG00000133466_B38.txt	rs229527_ENSG00000133466_LD.unphased.vcor1	429	3	10	rs229527	0.337371844797352	rs229534	1	0.225783	0.050977963089
429	rs5756512	rs9622581	4.72464288387133e-229	3.89740515413928e-227	0.0119758836549225	0.987902373268252	0.000121743076853077	2	8	rs229527	ENSG00000133466	eqtl_rs229527_ENSG00000133466_B38.txt	rs229527_ENSG00000133466_LD.unphased.vcor1	429	3	10	rs229527	0.337371844797352	rs229534	1	0.0276642	0.00076530796164
429	rs933222	rs229520	5.41698221213115e-235	9.01619344643485e-233	0.00597154953842897	0.993923042113008	0.000105408348511788	4	9	rs229527	ENSG00000133466	eqtl_rs229527_ENSG00000133466_B38.txt	rs229527_ENSG00000133466_LD.unphased.vcor1	429	3	10	rs229527	0.337371844797352	rs229534	1	-0.265903	0.070704405409
429	rs5005165	rs229520	2.41821990492382e-236	9.06887763851191e-233	0.000266578685171395	0.99973102543094	2.39588386047906e-06	3	9	rs229527	ENSG00000133466	eqtl_rs229527_ENSG00000133466_B38.txt	rs229527_ENSG00000133466_LD.unphased.vcor1	429	3	10	rs229527	0.337371844797352	rs229534	1	-0.0223494	0.00049949568036
429	rs5756512	rs229520	1.08637432918782e-234	8.96161046235919e-233	0.0119759265767837	0.987905921117087	0.000118152306094741	2	9	rs229527	ENSG00000133466	eqtl_rs229527_ENSG00000133466_B38.txt	rs229527_ENSG00000133466_LD.unphased.vcor1	429	3	10	rs229527	0.337371844797352	rs229534	1	-0.014394	0.000207187236
429	rs933222	rs229536	0	0	0.00596130865144866	0.992215080100494	0.00182361125404003	4	10	rs229527	ENSG00000133466	eqtl_rs229527_ENSG00000133466_B38.txt	rs229527_ENSG00000133466_LD.unphased.vcor1	429	3	10	rs229527	0.337371844797352	rs229534	1	0.378276	0.143092732176
429	rs5005165	rs229536	0	0	0.000266578053012936	0.999728649423986	4.77243487619743e-06	3	10	rs229527	ENSG00000133466	eqtl_rs229527_ENSG00000133466_B38.txt	rs229527_ENSG00000133466_LD.unphased.vcor1	429	3	10	rs229527	0.337371844797352	rs229534	1	-0.0776987	0.00603708798169
429	rs5756512	rs229536	0	0	0.0119750137447967	0.987830467758363	0.000194518672398823	2	10	rs229527	ENSG00000133466	eqtl_rs229527_ENSG00000133466_B38.txt	rs229527_ENSG00000133466_LD.unphased.vcor1	429	3	10	rs229527	0.337371844797352	rs229534	1	0.0473614	0.00224310220996
										rs4853373	ENSG00000115998	eqtl_rs4853373_ENSG00000115998_B38.txt	rs4853373_ENSG00000115998_LD.unphased.vcor1	653	0	10	rs11692018	0.0767786457111874	rs12996161	1		
139	rs344538	rs11569393	3.64511377029647e-08	3.06168424131154e-07	0.106100761792261	0.891179448165882	0.0027194474222948	2	1	rs6510917	ENSG00000125730	eqtl_rs6510917_ENSG00000125730_B38.txt	rs6510917_ENSG00000125730_LD.unphased.vcor1	139	2	5	rs6510917	0.736178021364788	rs2270520	0.999999999999855	-0.471592	0.222399014464
139	rs6510917	rs11569393	4.51939789202156e-08	2.97806964591146e-07	0.131549133827674	0.866843413934691	0.00160710923669018	1	1	rs6510917	ENSG00000125730	eqtl_rs6510917_ENSG00000125730_B38.txt	rs6510917_ENSG00000125730_LD.unphased.vcor1	139	2	5	rs6510917	0.736178021364788	rs2270520	0.999999999999855	-0.0271165	0.00073530457225
139	rs344538	rs2270520	2.69846784075022e-15	2.26655654235971e-14	0.10622291288519	0.892207746743405	0.00156934037137815	2	3	rs6510917	ENSG00000125730	eqtl_rs6510917_ENSG00000125730_B38.txt	rs6510917_ENSG00000125730_LD.unphased.vcor1	139	2	5	rs6510917	0.736178021364788	rs2270520	0.999999999999855	0.417711	0.174482479521
139	rs6510917	rs2270520	3.33947617726542e-15	2.20055699329231e-14	0.131455665953467	0.866226082527503	0.00231825151900272	1	3	rs6510917	ENSG00000125730	eqtl_rs6510917_ENSG00000125730_B38.txt	rs6510917_ENSG00000125730_LD.unphased.vcor1	139	2	5	rs6510917	0.736178021364788	rs2270520	0.999999999999855	-0.0104937	0.00011011773969
139	rs344538	rs339400	1.49382450459253e-05	0.000125472597927278	0.106176422601832	0.891816660985566	0.00186650556962839	2	5	rs6510917	ENSG00000125730	eqtl_rs6510917_ENSG00000125730_B38.txt	rs6510917_ENSG00000125730_LD.unphased.vcor1	139	2	5	rs6510917	0.736178021364788	rs2270520	0.999999999999855	0.0518406	0.00268744780836
139	rs6510917	rs339400	1.84748883293911e-05	0.000121740783750184	0.13131378851749	0.865289300381028	0.00325669542940291	1	5	rs6510917	ENSG00000125730	eqtl_rs6510917_ENSG00000125730_B38.txt	rs6510917_ENSG00000125730_LD.unphased.vcor1	139	2	5	rs6510917	0.736178021364788	rs2270520	0.999999999999855	-0.0273751	0.00074939610001
139	rs344538	rs344633	7.93340630944107e-13	6.66360136011933e-12	0.106248123248754	0.89241997405697	0.00133190268681968	2	2	rs6510917	ENSG00000125730	eqtl_rs6510917_ENSG00000125730_B38.txt	rs6510917_ENSG00000125730_LD.unphased.vcor1	139	2	5	rs6510917	0.736178021364788	rs2270520	0.999999999999855	-0.178249	0.031772706001
139	rs6510917	rs344633	9.81651101703704e-13	6.46861687929777e-12	0.131467598119827	0.866304891347238	0.00222751052548536	1	2	rs6510917	ENSG00000125730	eqtl_rs6510917_ENSG00000125730_B38.txt	rs6510917_ENSG00000125730_LD.unphased.vcor1	139	2	5	rs6510917	0.736178021364788	rs2270520	0.999999999999855	-0.0709489	0.00503374641121
139	rs344538	rs8112351	6.9145184681256e-06	5.80779464351147e-05	0.106206334116695	0.892068312658813	0.00166036075958945	2	4	rs6510917	ENSG00000125730	eqtl_rs6510917_ENSG00000125730_B38.txt	rs6510917_ENSG00000125730_LD.unphased.vcor1	139	2	5	rs6510917	0.736178021364788	rs2270520	0.999999999999855	0.20376	0.0415181376
139	rs6510917	rs8112351	8.5264958429957e-06	5.61855783949518e-05	0.13096615050206	0.862993091435165	0.00597604598853705	1	4	rs6510917	ENSG00000125730	eqtl_rs6510917_ENSG00000125730_B38.txt	rs6510917_ENSG00000125730_LD.unphased.vcor1	139	2	5	rs6510917	0.736178021364788	rs2270520	0.999999999999855	0.00243309	5.9199269481e-06
338	rs344538	rs2291668	0	0	0.0413261135709122	0.956015671725178	0.00265821470390675	2	1	rs6510917	ENSG00000125735	eqtl_rs6510917_ENSG00000125735_B38.txt	rs6510917_ENSG00000125735_LD.unphased.vcor1	338	2	10	rs6510917	0.723810804670761	rs191806984	1	-0.219336	0.048108280896
338	rs6510917	rs2291668	0	0	0.0939836963289325	0.903704472131784	0.00231183153922603	1	1	rs6510917	ENSG00000125735	eqtl_rs6510917_ENSG00000125735_B38.txt	rs6510917_ENSG00000125735_LD.unphased.vcor1	338	2	10	rs6510917	0.723810804670761	rs191806984	1	-0.10362	0.0107371044
338	rs344538	rs191806984	1.30456993085229e-231	3.01793739270922e-230	0.0414172453217761	0.958128282934544	0.000454471743637885	2	2	rs6510917	ENSG00000125735	eqtl_rs6510917_ENSG00000125735_B38.txt	rs6510917_ENSG00000125735_LD.unphased.vcor1	338	2	10	rs6510917	0.723810804670761	rs191806984	1	-0.100643	0.010129013449
338	rs6510917	rs191806984	2.96434150473801e-231	2.85039053103195e-230	0.0941113668310959	0.904934815914594	0.000953817254285768	1	2	rs6510917	ENSG00000125735	eqtl_rs6510917_ENSG00000125735_B38.txt	rs6510917_ENSG00000125735_LD.unphased.vcor1	338	2	10	rs6510917	0.723810804670761	rs191806984	1	-0.222341	0.049435520281
338	rs344538	rs11569523	3.96685191371845e-25	9.17674893359629e-24	0.041349526143397	0.956558420685812	0.00209205317079376	2	3	rs6510917	ENSG00000125735	eqtl_rs6510917_ENSG00000125735_B38.txt	rs6510917_ENSG00000125735_LD.unphased.vcor1	338	2	10	rs6510917	0.723810804670761	rs191806984	1	-0.417097	0.173969907409
338	rs6510917	rs11569523	9.02860743591208e-25	8.68154263015798e-24	0.0941120685444909	0.904941578234054	0.000946353221456512	1	3	rs6510917	ENSG00000125735	eqtl_rs6510917_ENSG00000125735_B38.txt	rs6510917_ENSG00000125735_LD.unphased.vcor1	338	2	10	rs6510917	0.723810804670761	rs191806984	1	0.00948938	9.00483327844e-05
338	rs344538	rs4410197	0	0	0.0413360270503348	0.956245485456528	0.00241848749306969	2	4	rs6510917	ENSG00000125735	eqtl_rs6510917_ENSG00000125735_B38.txt	rs6510917_ENSG00000125735_LD.unphased.vcor1	338	2	10	rs6510917	0.723810804670761	rs191806984	1	-0.409955	0.168063102025
338	rs6510917	rs4410197	0	0	0.0941065129979028	0.904888040164562	0.00100544683731283	1	4	rs6510917	ENSG00000125735	eqtl_rs6510917_ENSG00000125735_B38.txt	rs6510917_ENSG00000125735_LD.unphased.vcor1	338	2	10	rs6510917	0.723810804670761	rs191806984	1	-0.0725274	0.00526022375076
338	rs344538	rs28855761	0	0	0.0414186905790576	0.958161786808659	0.000419522612465454	2	5	rs6510917	ENSG00000125735	eqtl_rs6510917_ENSG00000125735_B38.txt	rs6510917_ENSG00000125735_LD.unphased.vcor1	338	2	10	rs6510917	0.723810804670761	rs191806984	1	0.177289	0.031431389521
338	rs6510917	rs28855761	0	0	0.0941051867476736	0.904875259266151	0.00101955398636226	1	5	rs6510917	ENSG00000125735	eqtl_rs6510917_ENSG00000125735_B38.txt	rs6510917_ENSG00000125735_LD.unphased.vcor1	338	2	10	rs6510917	0.723810804670761	rs191806984	1	0.101942	0.010392171364
338	rs344538	rs1389623	9.58778460824027e-115	2.21799790092854e-113	0.0414047539118993	0.957838707761546	0.000756538326553184	2	6	rs6510917	ENSG00000125735	eqtl_rs6510917_ENSG00000125735_B38.txt	rs6510917_ENSG00000125735_LD.unphased.vcor1	338	2	10	rs6510917	0.723810804670761	rs191806984	1	0.112214	0.012591981796
338	rs6510917	rs1389623	1.68256687471625e-114	1.61788804692506e-113	0.0726614856659011	0.69822514148901	0.229113372845078	1	6	rs6510917	ENSG00000125735	eqtl_rs6510917_ENSG00000125735_B38.txt	rs6510917_ENSG00000125735_LD.unphased.vcor1	338	2	10	rs6510917	0.723810804670761	rs191806984	1	0.587143	0.344736902449
338	rs344538	rs8106574	3.08188262350278e-207	7.1294980739997e-206	0.0413989890396001	0.957705066810655	0.000895944149742229	2	7	rs6510917	ENSG00000125735	eqtl_rs6510917_ENSG00000125735_B38.txt	rs6510917_ENSG00000125735_LD.unphased.vcor1	338	2	10	rs6510917	0.723810804670761	rs191806984	1	-0.130797	0.017107855209
338	rs6510917	rs8106574	7.0027411002475e-207	6.73355174884918e-206	0.0940679569836454	0.904516480942884	0.00141556207344583	1	7	rs6510917	ENSG00000125735	eqtl_rs6510917_ENSG00000125735_B38.txt	rs6510917_ENSG00000125735_LD.unphased.vcor1	338	2	10	rs6510917	0.723810804670761	rs191806984	1	0.336532	0.113253787024
338	rs344538	rs57597067	0	0	0.0414142125821882	0.958057978133196	0.000527809284642734	2	8	rs6510917	ENSG00000125735	eqtl_rs6510917_ENSG00000125735_B38.txt	rs6510917_ENSG00000125735_LD.unphased.vcor1	338	2	10	rs6510917	0.723810804670761	rs191806984	1	-0.251935	0.063471244225
338	rs6510917	rs57597067	0	0	0.0939904757380832	0.903769804403156	0.00223971985872976	1	8	rs6510917	ENSG00000125735	eqtl_rs6510917_ENSG00000125735_B38.txt	rs6510917_ENSG00000125735_LD.unphased.vcor1	338	2	10	rs6510917	0.723810804670761	rs191806984	1	0.180783	0.032682493089
338	rs344538	rs2277982	6.9246370135485e-45	1.60191649982861e-43	0.0414022582968646	0.957780854551775	0.000816887151357092	2	9	rs6510917	ENSG00000125735	eqtl_rs6510917_ENSG00000125735_B38.txt	rs6510917_ENSG00000125735_LD.unphased.vcor1	338	2	10	rs6510917	0.723810804670761	rs191806984	1	0.0666204	0.00443827769616
338	rs6510917	rs2277982	2.04389461374242e-46	1.96532614212199e-45	0.00122204026816374	0.00977263279711766	0.989005326934721	1	9	rs6510917	ENSG00000125735	eqtl_rs6510917_ENSG00000125735_B38.txt	rs6510917_ENSG00000125735_LD.unphased.vcor1	338	2	10	rs6510917	0.723810804670761	rs191806984	1	0.821437	0.674758744969
338	rs344538	rs61589029	5.77394058893627e-39	1.33571921248004e-37	0.0413807380771774	0.957281974008914	0.0013372879139071	2	10	rs6510917	ENSG00000125735	eqtl_rs6510917_ENSG00000125735_B38.txt	rs6510917_ENSG00000125735_LD.unphased.vcor1	338	2	10	rs6510917	0.723810804670761	rs191806984	1	-0.129803	0.016848818809
338	rs6510917	rs61589029	8.06846986988951e-39	7.75831329834692e-38	0.0578251946355766	0.555249762513896	0.386925042850524	1	10	rs6510917	ENSG00000125735	eqtl_rs6510917_ENSG00000125735_B38.txt	rs6510917_ENSG00000125735_LD.unphased.vcor1	338	2	10	rs6510917	0.723810804670761	rs191806984	1	-0.57293	0.3282487849
734	rs6602588	rs11257655	0	0	1.9313821280689e-05	0.999980327837652	3.58336797686221e-07	1	1	rs6602587	ENSG00000183049	eqtl_rs6602587_ENSG00000183049_B38.txt	rs6602587_ENSG00000183049_LD.unphased.vcor1	734	1	9	rs6602588	0.598165948696425	rs11257655	1	0.00414086	1.71467215396e-05
734	rs6602588	rs11257679	0	0	1.93138252018016e-05	0.999980531245799	1.54928907544527e-07	1	2	rs6602587	ENSG00000183049	eqtl_rs6602587_ENSG00000183049_B38.txt	rs6602587_ENSG00000183049_LD.unphased.vcor1	734	1	9	rs6602588	0.598165948696425	rs11257655	1	0.00383197	1.46839940809e-05
734	rs6602588	rs12413646	0	0	1.93138245424948e-05	0.999980497041507	1.89134054500438e-07	1	3	rs6602587	ENSG00000183049	eqtl_rs6602587_ENSG00000183049_B38.txt	rs6602587_ENSG00000183049_LD.unphased.vcor1	734	1	9	rs6602588	0.598165948696425	rs11257655	1	0.0479336	0.00229763000896
734	rs6602588	rs7088030	0	0	1.93138253683256e-05	0.999980539738495	1.46469479696219e-07	1	4	rs6602587	ENSG00000183049	eqtl_rs6602587_ENSG00000183049_B38.txt	rs6602587_ENSG00000183049_LD.unphased.vcor1	734	1	9	rs6602588	0.598165948696425	rs11257655	1	-0.0134452	0.00018077340304
734	rs6602588	rs12358571	0	0	1.93138251682158e-05	0.999980529028494	1.57005761720267e-07	1	5	rs6602587	ENSG00000183049	eqtl_rs6602587_ENSG00000183049_B38.txt	rs6602587_ENSG00000183049_LD.unphased.vcor1	734	1	9	rs6602588	0.598165948696425	rs11257655	1	-0.01976	0.0003904576
734	rs6602588	rs61848342	0	0	1.93138253354424e-05	0.999980538174195	1.47999845404797e-07	1	6	rs6602587	ENSG00000183049	eqtl_rs6602587_ENSG00000183049_B38.txt	rs6602587_ENSG00000183049_LD.unphased.vcor1	734	1	9	rs6602588	0.598165948696425	rs11257655	1	-0.0190714	0.00036371829796
734	rs6602588	rs57234802	0	0	1.93138209527001e-05	0.99998031080497	3.753730901194e-07	1	7	rs6602587	ENSG00000183049	eqtl_rs6602587_ENSG00000183049_B38.txt	rs6602587_ENSG00000183049_LD.unphased.vcor1	734	1	9	rs6602588	0.598165948696425	rs11257655	1	0.0431058	0.00185810999364
734	rs6602588	rs12570111	0	0	1.93138252054026e-05	0.999980531432242	1.54742466830415e-07	1	8	rs6602587	ENSG00000183049	eqtl_rs6602587_ENSG00000183049_B38.txt	rs6602587_ENSG00000183049_LD.unphased.vcor1	734	1	9	rs6602588	0.598165948696425	rs11257655	1	0.0442962	0.00196215333444
734	rs6602588	rs180708332	0	0	1.93138238798682e-05	0.999980462556642	2.23598612435611e-07	1	10	rs6602587	ENSG00000183049	eqtl_rs6602587_ENSG00000183049_B38.txt	rs6602587_ENSG00000183049_LD.unphased.vcor1	734	1	9	rs6602588	0.598165948696425	rs11257655	1	0.0817022	0.00667524948484
772	rs7776475	rs6955702	0	0	0.00410660438052519	0.995855433047862	3.79625715816385e-05	1	1	rs4722276	ENSG00000198286	eqtl_rs4722276_ENSG00000198286_B38.txt	rs4722276_ENSG00000198286_LD.unphased.vcor1	772	1	10	rs7776475	0.363648819533772	rs36198584	1	0.119322	0.014237739684
772	rs7776475	rs36198584	1.45901075295225e-160	3.53811509788681e-158	0.00410652620137852	0.995836436380024	5.70374186199735e-05	1	4	rs4722276	ENSG00000198286	eqtl_rs4722276_ENSG00000198286_B38.txt	rs4722276_ENSG00000198286_LD.unphased.vcor1	772	1	10	rs7776475	0.363648819533772	rs36198584	1	0.0208898	0.00043638374404
772	rs7776475	rs11763949	2.09030402721604e-67	5.06900735508732e-65	0.00410658868158165	0.995851618378267	4.17929401425729e-05	1	6	rs4722276	ENSG00000198286	eqtl_rs4722276_ENSG00000198286_B38.txt	rs4722276_ENSG00000198286_LD.unphased.vcor1	772	1	10	rs7776475	0.363648819533772	rs36198584	1	0.118643	0.014076161449
772	rs7776475	rs149486873	4.48413729728352e-76	1.08740760411894e-73	0.00410657231110343	0.995847640533124	4.57871557600199e-05	1	7	rs4722276	ENSG00000198286	eqtl_rs4722276_ENSG00000198286_B38.txt	rs4722276_ENSG00000198286_LD.unphased.vcor1	772	1	10	rs7776475	0.363648819533772	rs36198584	1	-0.0920651	0.00847598263801
772	rs7776475	rs6949522	5.44528522649992e-15	1.32048690067534e-12	0.00410634915745652	0.995793416665253	0.000100234175962374	1	8	rs4722276	ENSG00000198286	eqtl_rs4722276_ENSG00000198286_B38.txt	rs4722276_ENSG00000198286_LD.unphased.vcor1	772	1	10	rs7776475	0.363648819533772	rs36198584	1	0.119894	0.014374571236
772	rs7776475	rs73672276	7.91816232516354e-29	1.92016197368602e-26	0.00410657430035975	0.995848123900415	4.53017992321601e-05	1	9	rs4722276	ENSG00000198286	eqtl_rs4722276_ENSG00000198286_B38.txt	rs4722276_ENSG00000198286_LD.unphased.vcor1	772	1	10	rs7776475	0.363648819533772	rs36198584	1	-0.0753871	0.00568321484641
772	rs7776475	rs4722464	4.19664288422031e-49	1.01768993265157e-46	0.00410641621164849	0.9958097100922	8.38736961478184e-05	1	10	rs4722276	ENSG00000198286	eqtl_rs4722276_ENSG00000198286_B38.txt	rs4722276_ENSG00000198286_LD.unphased.vcor1	772	1	10	rs7776475	0.363648819533772	rs36198584	1	-0.0171197	0.00029308412809
772	rs7776475	rs4722234	1.40046802214411e-59	3.39614841304585e-57	0.00410419152409864	0.995269135624983	0.000626672850911106	1	2	rs4722276	ENSG00000198286	eqtl_rs4722276_ENSG00000198286_B38.txt	rs4722276_ENSG00000198286_LD.unphased.vcor1	772	1	10	rs7776475	0.363648819533772	rs36198584	1	0.193706	0.037522014436
772	rs7776475	rs114065312	1.9975217245337e-24	4.84400937938856e-22	0.00410258490721062	0.994878745492096	0.00101866960069655	1	5	rs4722276	ENSG00000198286	eqtl_rs4722276_ENSG00000198286_B38.txt	rs4722276_ENSG00000198286_LD.unphased.vcor1	772	1	10	rs7776475	0.363648819533772	rs36198584	1	0.024615	0.000605898225
772	rs7776475	rs57912759	2.1713271806948e-11	5.26548928095497e-09	0.00410660147098666	0.995854726072821	3.86671689916011e-05	1	3	rs4722276	ENSG00000198286	eqtl_rs4722276_ENSG00000198286_B38.txt	rs4722276_ENSG00000198286_LD.unphased.vcor1	772	1	10	rs7776475	0.363648819533772	rs36198584	1	0.0230306	0.00053040853636
419	rs223881	rs9928444	1.24551956916914e-35	1.23334684385124e-15	1.00986966916774e-20	1	5.71921795975015e-18	1	5	rs223886	ENSG00000102934	eqtl_rs223886_ENSG00000102934_B38.txt	rs223886_ENSG00000102934_LD.unphased.vcor1	419	1	10	rs223881	0.840182993910713	rs10153056	1	0.0237154	0.00056242019716
419	rs223881	rs2399623	0	0	1.00986966916782e-20	1	6.05913259418467e-23	1	7	rs223886	ENSG00000102934	eqtl_rs223886_ENSG00000102934_B38.txt	rs223886_ENSG00000102934_LD.unphased.vcor1	419	1	10	rs223881	0.840182993910713	rs10153056	1	-0.00873031	7.62183126961e-05
419	rs223881	rs113372586	1.1125369292547e-308	2.16759063567511e-300	1.00986966916782e-20	1	4.86933771479242e-23	1	1	rs223886	ENSG00000102934	eqtl_rs223886_ENSG00000102934_B38.txt	rs223886_ENSG00000102934_LD.unphased.vcor1	419	1	10	rs223881	0.840182993910713	rs10153056	1	-0.114181	0.013037300761
419	rs223881	rs10153056	0	0	1.0098696691677e-20	1	1.31214241675921e-22	1	2	rs223886	ENSG00000102934	eqtl_rs223886_ENSG00000102934_B38.txt	rs223886_ENSG00000102934_LD.unphased.vcor1	419	1	10	rs223881	0.840182993910713	rs10153056	1	-0.152507	0.023258385049
419	rs223881	rs16966647	1.62167149459049e-111	1.60582255720876e-91	1.00986966916776e-20	1	7.53350449830124e-23	1	3	rs223886	ENSG00000102934	eqtl_rs223886_ENSG00000102934_B38.txt	rs223886_ENSG00000102934_LD.unphased.vcor1	419	1	10	rs223881	0.840182993910713	rs10153056	1	0.151625	0.022990140625
419	rs223881	rs72778735	1.45049944523016e-28	1.43632340837165e-08	1.00986965461837e-20	0.999999985592723	4.4037939952289e-11	1	4	rs223886	ENSG00000102934	eqtl_rs223886_ENSG00000102934_B38.txt	rs223886_ENSG00000102934_LD.unphased.vcor1	419	1	10	rs223881	0.840182993910713	rs10153056	1	-0.0775267	0.00601038921289
419	rs223881	rs8046668	1.51440190797922e-122	1.49960133888093e-102	1.00986966916776e-20	1	2.90091367234599e-22	1	8	rs223886	ENSG00000102934	eqtl_rs223886_ENSG00000102934_B38.txt	rs223886_ENSG00000102934_LD.unphased.vcor1	419	1	10	rs223881	0.840182993910713	rs10153056	1	-0.182183	0.033190645489
419	rs223881	rs735046	1.29974622541835e-81	1.28704353155741e-61	1.00986966916776e-20	1	1.3837334372766e-22	1	10	rs223886	ENSG00000102934	eqtl_rs223886_ENSG00000102934_B38.txt	rs223886_ENSG00000102934_LD.unphased.vcor1	419	1	10	rs223881	0.840182993910713	rs10153056	1	-0.165021	0.027231930441
419	rs223881	rs61210889	0	0	1.00986966916724e-20	1	1.52711768749702e-22	1	9	rs223886	ENSG00000102934	eqtl_rs223886_ENSG00000102934_B38.txt	rs223886_ENSG00000102934_LD.unphased.vcor1	419	1	10	rs223881	0.840182993910713	rs10153056	1	0.224216	0.050272814656
419	rs223881	rs2305700	4.24942358373413e-28	4.20789307122786e-08	1.00986962656291e-20	0.999999957811334	1.09738494972417e-10	1	6	rs223886	ENSG00000102934	eqtl_rs223886_ENSG00000102934_B38.txt	rs223886_ENSG00000102934_LD.unphased.vcor1	419	1	10	rs223881	0.840182993910713	rs10153056	1	0.0958935	0.00919556334225
381	rs59937550	rs74726727	3.53609662628533e-64	1.2895704069998e-63	0.214692127081153	0.782950739046678	0.00235713387217891	2	9	rs10848975	ENSG00000111224	eqtl_rs10848975_ENSG00000111224_B38.txt	rs10848975_ENSG00000111224_LD.unphased.vcor1	381	3	10	rs10848954	0.915143678407909	rs10848948	1	-0.132138	0.017460451044
381	rs10848975	rs74726727	1.22446356543565e-72	1.64705463199397e-63	7.43426198941036e-10	0.999999999245233	1.13315141140472e-11	1	9	rs10848975	ENSG00000111224	eqtl_rs10848975_ENSG00000111224_B38.txt	rs10848975_ENSG00000111224_LD.unphased.vcor1	381	3	10	rs10848954	0.915143678407909	rs10848948	1	-0.142282	0.020244167524
381	rs10848954	rs74726727	6.02291963196002e-64	1.03756712459338e-63	0.365678193693114	0.629944316190313	0.00437749011658143	3	9	rs10848975	ENSG00000111224	eqtl_rs10848975_ENSG00000111224_B38.txt	rs10848975_ENSG00000111224_LD.unphased.vcor1	381	3	10	rs10848954	0.915143678407909	rs10848948	1	0.0347072	0.00120458973184
381	rs59937550	rs7972649	0	0	0.212276699954047	0.774119483724478	0.0136038163208203	2	2	rs10848975	ENSG00000111224	eqtl_rs10848975_ENSG00000111224_B38.txt	rs10848975_ENSG00000111224_LD.unphased.vcor1	381	3	10	rs10848954	0.915143678407909	rs10848948	1	-0.18289	0.0334487521
381	rs10848975	rs7972649	0	0	7.43426198946107e-10	0.999999999250576	6.46023477859894e-12	1	2	rs10848975	ENSG00000111224	eqtl_rs10848975_ENSG00000111224_B38.txt	rs10848975_ENSG00000111224_LD.unphased.vcor1	381	3	10	rs10848954	0.915143678407909	rs10848948	1	-0.261719	0.068496834961
381	rs10848954	rs7972649	0	0	0.363131775602771	0.625543712946487	0.0113245114508571	3	2	rs10848975	ENSG00000111224	eqtl_rs10848975_ENSG00000111224_B38.txt	rs10848975_ENSG00000111224_LD.unphased.vcor1	381	3	10	rs10848954	0.915143678407909	rs10848948	1	-0.0797183	0.00635500735489
381	rs59937550	rs11062904	1.75077028132509e-102	6.38484120447608e-102	0.214699692680428	0.782978400298846	0.00232190702073565	2	3	rs10848975	ENSG00000111224	eqtl_rs10848975_ENSG00000111224_B38.txt	rs10848975_ENSG00000111224_LD.unphased.vcor1	381	3	10	rs10848954	0.915143678407909	rs10848948	1	0.177993	0.031681508049
381	rs10848975	rs11062904	6.06227460835698e-111	8.1545076194746e-102	7.43426198880585e-10	0.999999999163748	9.28272831009692e-11	1	3	rs10848975	ENSG00000111224	eqtl_rs10848975_ENSG00000111224_B38.txt	rs10848975_ENSG00000111224_LD.unphased.vcor1	381	3	10	rs10848954	0.915143678407909	rs10848948	1	0.202173	0.040873921929
381	rs10848954	rs11062904	2.98233685150461e-102	5.13766555204313e-102	0.365728623747789	0.630031467103575	0.0042399091486256	3	3	rs10848975	ENSG00000111224	eqtl_rs10848975_ENSG00000111224_B38.txt	rs10848975_ENSG00000111224_LD.unphased.vcor1	381	3	10	rs10848954	0.915143678407909	rs10848948	1	0.0825896	0.00682104202816
381	rs59937550	rs7310728	0	0	0.204589456795693	0.746013478668067	0.0493970645396319	2	4	rs10848975	ENSG00000111224	eqtl_rs10848975_ENSG00000111224_B38.txt	rs10848975_ENSG00000111224_LD.unphased.vcor1	381	3	10	rs10848954	0.915143678407909	rs10848948	1	-0.218076	0.047557141776
381	rs10848975	rs7310728	0	0	7.43426198950164e-10	0.999999999250576	6.54587642819427e-12	1	4	rs10848975	ENSG00000111224	eqtl_rs10848975_ENSG00000111224_B38.txt	rs10848975_ENSG00000111224_LD.unphased.vcor1	381	3	10	rs10848954	0.915143678407909	rs10848948	1	-0.294188	0.086546579344
381	rs10848954	rs7310728	0	0	0.358988760981445	0.618383944624274	0.0226272943955839	3	4	rs10848975	ENSG00000111224	eqtl_rs10848975_ENSG00000111224_B38.txt	rs10848975_ENSG00000111224_LD.unphased.vcor1	381	3	10	rs10848954	0.915143678407909	rs10848948	1	-0.0712562	0.00507744603844
381	rs59937550	rs3816503	0	0	0.213922185724768	0.780135688841003	0.00594212542432157	2	5	rs10848975	ENSG00000111224	eqtl_rs10848975_ENSG00000111224_B38.txt	rs10848975_ENSG00000111224_LD.unphased.vcor1	381	3	10	rs10848954	0.915143678407909	rs10848948	1	0.127205	0.016181112025
381	rs10848975	rs3816503	0	0	7.43426198896073e-10	0.9999999992433	5.11998615797898e-12	1	5	rs10848975	ENSG00000111224	eqtl_rs10848975_ENSG00000111224_B38.txt	rs10848975_ENSG00000111224_LD.unphased.vcor1	381	3	10	rs10848954	0.915143678407909	rs10848948	1	0.138248	0.019112509504
381	rs10848954	rs3816503	0	0	0.365000142568319	0.628772539271355	0.00622731816272834	3	5	rs10848975	ENSG00000111224	eqtl_rs10848975_ENSG00000111224_B38.txt	rs10848975_ENSG00000111224_LD.unphased.vcor1	381	3	10	rs10848954	0.915143678407909	rs10848948	1	0.0364038	0.00132523665444
381	rs59937550	rs11062875	0	0	0.208629153622062	0.760783369040637	0.0305874773740577	2	7	rs10848975	ENSG00000111224	eqtl_rs10848975_ENSG00000111224_B38.txt	rs10848975_ENSG00000111224_LD.unphased.vcor1	381	3	10	rs10848954	0.915143678407909	rs10848948	1	0.227809	0.051896940481
381	rs10848975	rs11062875	0	0	7.43426199025892e-10	0.999999999301508	7.55405875951401e-12	1	7	rs10848975	ENSG00000111224	eqtl_rs10848975_ENSG00000111224_B38.txt	rs10848975_ENSG00000111224_LD.unphased.vcor1	381	3	10	rs10848954	0.915143678407909	rs10848948	1	0.284914	0.081175987396
381	rs10848954	rs11062875	0	0	0.361219196729214	0.622238481563728	0.0165423217302812	3	7	rs10848975	ENSG00000111224	eqtl_rs10848975_ENSG00000111224_B38.txt	rs10848975_ENSG00000111224_LD.unphased.vcor1	381	3	10	rs10848954	0.915143678407909	rs10848948	1	0.0900621	0.00811118185641
381	rs59937550	rs10848948	0	0	0.213152423931325	0.777321295118711	0.00952628096653415	2	8	rs10848975	ENSG00000111224	eqtl_rs10848975_ENSG00000111224_B38.txt	rs10848975_ENSG00000111224_LD.unphased.vcor1	381	3	10	rs10848954	0.915143678407909	rs10848948	1	0.185469	0.034398749961
381	rs10848975	rs10848948	0	0	7.43426198896073e-10	0.9999999992433	8.00424925459496e-12	1	8	rs10848975	ENSG00000111224	eqtl_rs10848975_ENSG00000111224_B38.txt	rs10848975_ENSG00000111224_LD.unphased.vcor1	381	3	10	rs10848954	0.915143678407909	rs10848948	1	0.257958	0.066542329764
381	rs10848954	rs10848948	0	0	0.363993291458526	0.62703254523136	0.00897416328768585	3	8	rs10848975	ENSG00000111224	eqtl_rs10848975_ENSG00000111224_B38.txt	rs10848975_ENSG00000111224_LD.unphased.vcor1	381	3	10	rs10848954	0.915143678407909	rs10848948	1	0.0894959	0.00800951611681
381	rs59937550	rs11062859	0	0	0.21452161551356	0.782327316724795	0.00315106776169	2	10	rs10848975	ENSG00000111224	eqtl_rs10848975_ENSG00000111224_B38.txt	rs10848975_ENSG00000111224_LD.unphased.vcor1	381	3	10	rs10848954	0.915143678407909	rs10848948	1	0.00297777	8.8671141729e-06
381	rs10848975	rs11062859	0	0	7.43426198945431e-10	0.999999999251486	5.10161368936373e-12	1	10	rs10848975	ENSG00000111224	eqtl_rs10848975_ENSG00000111224_B38.txt	rs10848975_ENSG00000111224_LD.unphased.vcor1	381	3	10	rs10848954	0.915143678407909	rs10848948	1	0.0405112	0.00164115732544
381	rs10848954	rs11062859	0	0	0.36553648119465	0.629699415134352	0.00476410367113961	3	10	rs10848975	ENSG00000111224	eqtl_rs10848975_ENSG00000111224_B38.txt	rs10848975_ENSG00000111224_LD.unphased.vcor1	381	3	10	rs10848954	0.915143678407909	rs10848948	1	-0.0302272	0.00091368361984
381	rs59937550	rs10774178	4.64281731110489e-127	1.69317765951341e-126	0.213811881149175	0.779732394563012	0.00645572428782889	2	1	rs10848975	ENSG00000111224	eqtl_rs10848975_ENSG00000111224_B38.txt	rs10848975_ENSG00000111224_LD.unphased.vcor1	381	3	10	rs10848954	0.915143678407909	rs10848948	1	0.158171	0.025018065241
381	rs10848975	rs10774178	1.61431254775823e-135	2.17144963257869e-126	7.43426198944628e-10	0.999999999250122	6.47420594556792e-12	1	1	rs10848975	ENSG00000111224	eqtl_rs10848975_ENSG00000111224_B38.txt	rs10848975_ENSG00000111224_LD.unphased.vcor1	381	3	10	rs10848954	0.915143678407909	rs10848948	1	0.169578	0.028756698084
381	rs10848954	rs10774178	7.84674281456111e-127	1.35175676864851e-126	0.361359650758219	0.622481207867836	0.0161591413739391	3	1	rs10848975	ENSG00000111224	eqtl_rs10848975_ENSG00000111224_B38.txt	rs10848975_ENSG00000111224_LD.unphased.vcor1	381	3	10	rs10848954	0.915143678407909	rs10848948	1	0.214555	0.046033848025
381	rs59937550	rs1861175	1.73033793124929e-36	6.31032696805122e-36	0.214645593453298	0.782780603361812	0.00257380318489374	2	6	rs10848975	ENSG00000111224	eqtl_rs10848975_ENSG00000111224_B38.txt	rs10848975_ENSG00000111224_LD.unphased.vcor1	381	3	10	rs10848954	0.915143678407909	rs10848948	1	0.255648	0.065355899904
381	rs10848975	rs1861175	5.88383058131932e-45	7.91447837762483e-36	7.29879570977283e-10	0.981741595756274	0.0182584035138503	1	6	rs10848975	ENSG00000111224	eqtl_rs10848975_ENSG00000111224_B38.txt	rs10848975_ENSG00000111224_LD.unphased.vcor1	381	3	10	rs10848954	0.915143678407909	rs10848948	1	0.605057	0.366093973249
381	rs10848954	rs1861175	2.94146875990885e-36	5.06726217481786e-36	0.364884394078518	0.628572508013492	0.00654309790798568	3	6	rs10848975	ENSG00000111224	eqtl_rs10848975_ENSG00000111224_B38.txt	rs10848975_ENSG00000111224_LD.unphased.vcor1	381	3	10	rs10848954	0.915143678407909	rs10848948	1	0.114018	0.013000104324
										rs4810485	ENSG00000101017	eqtl_rs4810485_ENSG00000101017_B38.txt	rs4810485_ENSG00000101017_LD.unphased.vcor1	32	0	1	rs10218	0	rs143392777	0.997943071391147		
287	rs74405933	rs59320104	0	0	9.75435480298984e-10	0.999999999017859	6.64929220509366e-12	1	10	rs74405933	ENSG00000112149	eqtl_rs74405933_ENSG00000112149_B38.txt	rs74405933_ENSG00000112149_LD.unphased.vcor1	287	1	9	rs74405933	0.511065508483153	rs1022494	1	-0.238045	0.056665422025
287	rs74405933	rs9476499	1.19243167790863e-71	1.22246084012862e-62	9.75435480283542e-10	0.999999999002	2.25574939110457e-11	1	1	rs74405933	ENSG00000112149	eqtl_rs74405933_ENSG00000112149_B38.txt	rs74405933_ENSG00000112149_LD.unphased.vcor1	287	1	9	rs74405933	0.511065508483153	rs1022494	1	0.0777785	0.00604949506225
287	rs74405933	rs11760175	1.9476859519959e-47	1.9967347809474e-38	9.75435480085443e-10	0.999999998798557	2.26011826650972e-10	1	3	rs74405933	ENSG00000112149	eqtl_rs74405933_ENSG00000112149_B38.txt	rs74405933_ENSG00000112149_LD.unphased.vcor1	287	1	9	rs74405933	0.511065508483153	rs1022494	1	-0.300304	0.090182492416
287	rs74405933	rs75943492	4.92111631225667e-149	5.04504542516265e-140	9.7543486856654e-10	0.999999370623384	6.28401201951323e-07	1	4	rs74405933	ENSG00000112149	eqtl_rs74405933_ENSG00000112149_B38.txt	rs74405933_ENSG00000112149_LD.unphased.vcor1	287	1	9	rs74405933	0.511065508483153	rs1022494	1	-0.607528	0.369090270784
287	rs74405933	rs13194334	0	0	9.75435480278136e-10	0.9999999989966	2.79966220014519e-11	1	5	rs74405933	ENSG00000112149	eqtl_rs74405933_ENSG00000112149_B38.txt	rs74405933_ENSG00000112149_LD.unphased.vcor1	287	1	9	rs74405933	0.511065508483153	rs1022494	1	0.295013	0.087032670169
287	rs74405933	rs1022494	3.65503423907967e-229	3.74707944227106e-220	9.75435480294382e-10	0.999999999013198	1.1331842096519e-11	1	6	rs74405933	ENSG00000112149	eqtl_rs74405933_ENSG00000112149_B38.txt	rs74405933_ENSG00000112149_LD.unphased.vcor1	287	1	9	rs74405933	0.511065508483153	rs1022494	1	-0.181566	0.032966212356
287	rs74405933	rs6932936	0	0	4.21318037339556e-10	0.430789723779937	0.569210275803045	1	8	rs74405933	ENSG00000112149	eqtl_rs74405933_ENSG00000112149_B38.txt	rs74405933_ENSG00000112149_LD.unphased.vcor1	287	1	9	rs74405933	0.511065508483153	rs1022494	1	-0.966156	0.933457416336
287	rs74405933	rs2235369	0	0	1.01733294436544e-10	0.102500257753109	0.897499742155512	1	9	rs74405933	ENSG00000112149	eqtl_rs74405933_ENSG00000112149_B38.txt	rs74405933_ENSG00000112149_LD.unphased.vcor1	287	1	9	rs74405933	0.511065508483153	rs1022494	1	0.966303	0.933741487809
287	rs74405933	rs16874680	0	0	9.57977831624505e-11	0.0964030773652834	0.903596922538966	1	2	rs74405933	ENSG00000112149	eqtl_rs74405933_ENSG00000112149_B38.txt	rs74405933_ENSG00000112149_LD.unphased.vcor1	287	1	9	rs74405933	0.511065508483153	rs1022494	1	-0.927477	0.860213585529
792	rs74405933	rs1330117	0	0	7.03952224636254e-11	0.999999999918145	1.1878646826156e-11	1	1	rs74405933	ENSG00000180537	eqtl_rs74405933_ENSG00000180537_B38.txt	rs74405933_ENSG00000180537_LD.unphased.vcor1	792	1	10	rs74405933	0.52856418165347	rs1330117	1	0.205361	0.042173140321
792	rs74405933	rs853375	1.06094380088851e-142	1.50712472192451e-132	7.03952224639375e-11	0.999999999923887	5.69722178727047e-12	1	2	rs74405933	ENSG00000180537	eqtl_rs74405933_ENSG00000180537_B38.txt	rs74405933_ENSG00000180537_LD.unphased.vcor1	792	1	10	rs74405933	0.52856418165347	rs1330117	1	0.0306034	0.00093656809156
792	rs74405933	rs62386709	0	0	7.03952224642656e-11	0.999999999928491	1.16618349467016e-12	1	3	rs74405933	ENSG00000180537	eqtl_rs74405933_ENSG00000180537_B38.txt	rs74405933_ENSG00000180537_LD.unphased.vcor1	792	1	10	rs74405933	0.52856418165347	rs1330117	1	0.201058	0.040424319364
792	rs74405933	rs67252443	8.4669994855365e-154	1.20278041442785e-143	7.03952224642856e-11	0.999999999928832	7.69056476888185e-13	1	4	rs74405933	ENSG00000180537	eqtl_rs74405933_ENSG00000180537_B38.txt	rs74405933_ENSG00000180537_LD.unphased.vcor1	792	1	10	rs74405933	0.52856418165347	rs1330117	1	0.139511	0.019463319121
792	rs74405933	rs9349847	0	0	7.03952224641375e-11	0.99999999992724	2.0244498770122e-12	1	5	rs74405933	ENSG00000180537	eqtl_rs74405933_ENSG00000180537_B38.txt	rs74405933_ENSG00000180537_LD.unphased.vcor1	792	1	10	rs74405933	0.52856418165347	rs1330117	1	-0.196004	0.038417568016
792	rs74405933	rs445781	0	0	7.03952224505644e-11	0.99999999973079	1.9810093272063e-10	1	6	rs74405933	ENSG00000180537	eqtl_rs74405933_ENSG00000180537_B38.txt	rs74405933_ENSG00000180537_LD.unphased.vcor1	792	1	10	rs74405933	0.52856418165347	rs1330117	1	0.132088	0.017447239744
792	rs74405933	rs59178279	0	0	7.03952224643936e-11	0.99999999992724	4.28291074385659e-13	1	7	rs74405933	ENSG00000180537	eqtl_rs74405933_ENSG00000180537_B38.txt	rs74405933_ENSG00000180537_LD.unphased.vcor1	792	1	10	rs74405933	0.52856418165347	rs1330117	1	0.0979737	0.00959884589169
792	rs74405933	rs6917710	0	0	7.03952224643936e-11	0.999999999929059	5.29915005987581e-13	1	8	rs74405933	ENSG00000180537	eqtl_rs74405933_ENSG00000180537_B38.txt	rs74405933_ENSG00000180537_LD.unphased.vcor1	792	1	10	rs74405933	0.52856418165347	rs1330117	1	-0.223788	0.050081068944
792	rs74405933	rs72833167	0	0	7.03952224641856e-11	0.999999999927468	2.03016604253726e-12	1	9	rs74405933	ENSG00000180537	eqtl_rs74405933_ENSG00000180537_B38.txt	rs74405933_ENSG00000180537_LD.unphased.vcor1	792	1	10	rs74405933	0.52856418165347	rs1330117	1	0.115543	0.013350184849
792	rs74405933	rs6459336	1.19875968443749e-236	1.70289920592308e-226	7.03952224640815e-11	0.999999999925876	3.70323491154414e-12	1	10	rs74405933	ENSG00000180537	eqtl_rs74405933_ENSG00000180537_B38.txt	rs74405933_ENSG00000180537_LD.unphased.vcor1	792	1	10	rs74405933	0.52856418165347	rs1330117	1	0.235129	0.055285646641
541	rs888096	rs2372993	0	0	7.60370821076835e-05	0.999917162772032	6.80014606059085e-06	1	1	rs888096	ENSG00000115828	eqtl_rs888096_ENSG00000115828_B38.txt	rs888096_ENSG00000115828_LD.unphased.vcor1	541	1	10	rs888096	0.999937699772463	rs1105966	1	-0.301249	0.090750960001
541	rs888096	rs57361399	0	0	7.6022251723293e-05	0.999721746597713	0.000202231146327702	1	2	rs888096	ENSG00000115828	eqtl_rs888096_ENSG00000115828_B38.txt	rs888096_ENSG00000115828_LD.unphased.vcor1	541	1	10	rs888096	0.999937699772463	rs1105966	1	0.521625	0.272092640625
541	rs888096	rs1105966	4.16954023224367e-91	5.48310742631019e-87	7.54902039051345e-05	0.992711088659415	0.00721342113667977	1	3	rs888096	ENSG00000115828	eqtl_rs888096_ENSG00000115828_B38.txt	rs888096_ENSG00000115828_LD.unphased.vcor1	541	1	10	rs888096	0.999937699772463	rs1105966	1	0.613691	0.376616643481
541	rs888096	rs56774710	0	0	7.59888452347297e-05	0.999281557842068	0.000642453312787854	1	4	rs888096	ENSG00000115828	eqtl_rs888096_ENSG00000115828_B38.txt	rs888096_ENSG00000115828_LD.unphased.vcor1	541	1	10	rs888096	0.999937699772463	rs1105966	1	-0.532834	0.283912071556
541	rs888096	rs12616151	0	0	7.60373261424119e-05	0.999920378356747	3.58431698622828e-06	1	5	rs888096	ENSG00000115828	eqtl_rs888096_ENSG00000115828_B38.txt	rs888096_ENSG00000115828_LD.unphased.vcor1	541	1	10	rs888096	0.999937699772463	rs1105966	1	0.290533	0.084409424089
541	rs888096	rs4670687	0	0	7.60371970504183e-05	0.999918677338372	5.28546533971325e-06	1	6	rs888096	ENSG00000115828	eqtl_rs888096_ENSG00000115828_B38.txt	rs888096_ENSG00000115828_LD.unphased.vcor1	541	1	10	rs888096	0.999937699772463	rs1105966	1	0.31048	0.0963978304
541	rs888096	rs13419498	0	0	7.59022008834435e-05	0.998139867400461	0.00178423039861912	1	7	rs888096	ENSG00000115828	eqtl_rs888096_ENSG00000115828_B38.txt	rs888096_ENSG00000115828_LD.unphased.vcor1	541	1	10	rs888096	0.999937699772463	rs1105966	1	0.566638	0.321078623044
541	rs888096	rs57861177	0	0	7.60346612606724e-05	0.999885263890742	3.87014481238779e-05	1	8	rs888096	ENSG00000115828	eqtl_rs888096_ENSG00000115828_B38.txt	rs888096_ENSG00000115828_LD.unphased.vcor1	541	1	10	rs888096	0.999937699772463	rs1105966	1	-0.43762	0.1915112644
541	rs888096	rs12622740	0	0	7.60375470024462e-05	0.99992328857141	6.73881728714636e-07	1	9	rs888096	ENSG00000115828	eqtl_rs888096_ENSG00000115828_B38.txt	rs888096_ENSG00000115828_LD.unphased.vcor1	541	1	10	rs888096	0.999937699772463	rs1105966	1	0.0558797	0.00312254087209
541	rs888096	rs2372990	0	0	7.60372659859632e-05	0.999919585688226	4.377045555454e-06	1	10	rs888096	ENSG00000115828	eqtl_rs888096_ENSG00000115828_B38.txt	rs888096_ENSG00000115828_LD.unphased.vcor1	541	1	10	rs888096	0.999937699772463	rs1105966	1	-0.308791	0.095351881681
20	rs888096	rs80180084	0.000279961949027416	0.156407104789008	0.00150369008545623	0.840067152500462	0.00174209067604608	1	2	rs888096	ENSG00000163171	eqtl_rs888096_ENSG00000163171_B38.txt	rs888096_ENSG00000163171_LD.unphased.vcor1	20	1	6	rs888096	0.999997863660471	rs12478800	1	0.0762217	0.00580974755089
20	rs888096	rs12478800	1.57254189545028e-21	8.78536264950459e-19	0.00178670989572394	0.998186030621782	2.72594824943839e-05	1	1	rs888096	ENSG00000163171	eqtl_rs888096_ENSG00000163171_B38.txt	rs888096_ENSG00000163171_LD.unphased.vcor1	20	1	6	rs888096	0.999997863660471	rs12478800	1	0.245733	0.060384707289
20	rs888096	rs62135016	5.74724323254786e-05	0.0321082803446621	0.00172890305059321	0.965890547890545	0.000214796281873225	1	3	rs888096	ENSG00000163171	eqtl_rs888096_ENSG00000163171_B38.txt	rs888096_ENSG00000163171_LD.unphased.vcor1	20	1	6	rs888096	0.999997863660471	rs12478800	1	-0.0764684	0.00584741619856
20	rs888096	rs13430233	0.00012790301463321	0.0714559256429786	0.00165836725216063	0.926484003203897	0.00027380088633006	1	4	rs888096	ENSG00000163171	eqtl_rs888096_ENSG00000163171_B38.txt	rs888096_ENSG00000163171_LD.unphased.vcor1	20	1	6	rs888096	0.999997863660471	rs12478800	1	-0.060659	0.003679514281
20	rs888096	rs144011023	1.251136782009e-05	0.00698975994590962	0.0017740682825823	0.991123360085573	0.000100300318113911	1	5	rs888096	ENSG00000163171	eqtl_rs888096_ENSG00000163171_B38.txt	rs888096_ENSG00000163171_LD.unphased.vcor1	20	1	6	rs888096	0.999997863660471	rs12478800	1	0.0563042	0.00317016293764
20	rs888096	rs74944747	0.00177244353844484	0.990215860452496	7.43268695760072e-06	0.00414472038627784	0.00385954293582333	1	6	rs888096	ENSG00000163171	eqtl_rs888096_ENSG00000163171_B38.txt	rs888096_ENSG00000163171_LD.unphased.vcor1	20	1	6	rs888096	0.999997863660471	rs12478800	1	-0.07538	0.0056821444
227	rs3886536	rs11972328	0.00434223411163133	0.49133626793641	0.0043914414551468	0.496898156461431	0.00303190003538208	1	1	rs3886536	ENSG00000008282	eqtl_rs3886536_ENSG00000008282_B38.txt	rs3886536_ENSG00000008282_LD.unphased.vcor1	227	1	8	rs3886536	0.341824709869033	rs11972328	0.993185577960881	-0.064991	0.004223830081
227	rs3886536	rs105347	1.18518266974631e-14	1.34106824921351e-12	0.00875945592598916	0.99115744372653	8.31003461316194e-05	1	2	rs3886536	ENSG00000008282	eqtl_rs3886536_ENSG00000008282_B38.txt	rs3886536_ENSG00000008282_LD.unphased.vcor1	227	1	8	rs3886536	0.341824709869033	rs11972328	0.993185577960881	-0.0446627	0.00199475677129
227	rs3886536	rs7798147	0.000813979817702656	0.0921041554932028	0.00792024658952698	0.896192724096731	0.00296889400283655	1	8	rs3886536	ENSG00000008282	eqtl_rs3886536_ENSG00000008282_B38.txt	rs3886536_ENSG00000008282_LD.unphased.vcor1	227	1	8	rs3886536	0.341824709869033	rs11972328	0.993185577960881	-0.0894345	0.00799852979025
227	rs3886536	rs76519620	0.000529019288388414	0.0598600527150036	0.00820031782842671	0.927882471124174	0.00352813904400705	1	9	rs3886536	ENSG00000008282	eqtl_rs3886536_ENSG00000008282_B38.txt	rs3886536_ENSG00000008282_LD.unphased.vcor1	227	1	8	rs3886536	0.341824709869033	rs11972328	0.993185577960881	-0.127025	0.016135350625
227	rs3886536	rs3886536	1.17765258833001e-15	1.33254774570029e-13	6.22487661295313e-05	0.00505385898629655	0.99488389224744	1	3	rs3886536	ENSG00000008282	eqtl_rs3886536_ENSG00000008282_B38.txt	rs3886536_ENSG00000008282_LD.unphased.vcor1	227	1	8	rs3886536	0.341824709869033	rs11972328	0.993185577960881	1	1
227	rs3886536	rs12705334	5.75076032401159e-12	6.50715056525384e-10	0.0087590672286247	0.991113372584378	0.000127559530531672	1	4	rs3886536	ENSG00000008282	eqtl_rs3886536_ENSG00000008282_B38.txt	rs3886536_ENSG00000008282_LD.unphased.vcor1	227	1	8	rs3886536	0.341824709869033	rs11972328	0.993185577960881	0.139206	0.019378310436
227	rs3886536	rs10245392	9.65213525361874e-08	1.09216684112612e-05	0.00875924655129879	0.991133726561941	9.60086969972367e-05	1	5	rs3886536	ENSG00000008282	eqtl_rs3886536_ENSG00000008282_B38.txt	rs3886536_ENSG00000008282_LD.unphased.vcor1	227	1	8	rs3886536	0.341824709869033	rs11972328	0.993185577960881	-0.0440484	0.00194026154256
227	rs3886536	rs17289756	2.75821427366117e-05	0.0031209987129885	0.00873134236051891	0.987976191434087	0.000143885349669001	1	6	rs3886536	ENSG00000008282	eqtl_rs3886536_ENSG00000008282_B38.txt	rs3886536_ENSG00000008282_LD.unphased.vcor1	227	1	8	rs3886536	0.341824709869033	rs11972328	0.993185577960881	0.112645	0.012688896025
256	rs3886536	rs73410249	4.54443402624588e-08	5.44410968854319e-06	0.00827758079021733	0.991631736192829	8.51934629227101e-05	1	5	rs3886536	ENSG00000128536	eqtl_rs3886536_ENSG00000128536_B38.txt	rs3886536_ENSG00000128536_LD.unphased.vcor1	256	1	10	rs3886536	0.340282647522031	rs62482803	0.996199525284606	-0.0511171	0.00261295791241
256	rs3886536	rs56083758	6.86824655050435e-07	8.22797456689957e-05	0.00827655190663783	0.991508384902059	0.000132096620979928	1	6	rs3886536	ENSG00000128536	eqtl_rs3886536_ENSG00000128536_B38.txt	rs3886536_ENSG00000128536_LD.unphased.vcor1	256	1	10	rs3886536	0.340282647522031	rs62482803	0.996199525284606	-0.0226204	0.00051168249616
256	rs3886536	rs62482803	4.82845319070253e-05	0.00578435700559528	0.00819934912645796	0.982252532802488	0.00371547653355246	1	9	rs3886536	ENSG00000128536	eqtl_rs3886536_ENSG00000128536_B38.txt	rs3886536_ENSG00000128536_LD.unphased.vcor1	256	1	10	rs3886536	0.340282647522031	rs62482803	0.996199525284606	-0.0411506	0.00169337188036
256	rs3886536	rs11771868	1.01682203730371e-189	1.21812544154863e-187	0.00827756306276372	0.991629597199115	9.28397381152777e-05	1	1	rs3886536	ENSG00000128536	eqtl_rs3886536_ENSG00000128536_B38.txt	rs3886536_ENSG00000128536_LD.unphased.vcor1	256	1	10	rs3886536	0.340282647522031	rs62482803	0.996199525284606	-0.00149593	2.2378065649e-06
256	rs3886536	rs112261970	3.11949852010014e-24	3.73707529223453e-22	0.00827766876817926	0.99164228601244	8.00452193837095e-05	1	8	rs3886536	ENSG00000128536	eqtl_rs3886536_ENSG00000128536_B38.txt	rs3886536_ENSG00000128536_LD.unphased.vcor1	256	1	10	rs3886536	0.340282647522031	rs62482803	0.996199525284606	-0.0117474	0.00013800140676
256	rs3886536	rs740309	3.7738242644795e-20	4.52093992837309e-18	0.00827768047964773	0.991643691849942	7.8627670411538e-05	1	3	rs3886536	ENSG00000128536	eqtl_rs3886536_ENSG00000128536_B38.txt	rs3886536_ENSG00000128536_LD.unphased.vcor1	256	1	10	rs3886536	0.340282647522031	rs62482803	0.996199525284606	-0.00548316	3.00650435856e-05
256	rs3886536	rs193799	4.92955681340132e-05	0.00590547642524191	0.00822234278458664	0.985012922205411	0.000809963016626066	1	4	rs3886536	ENSG00000128536	eqtl_rs3886536_ENSG00000128536_B38.txt	rs3886536_ENSG00000128536_LD.unphased.vcor1	256	1	10	rs3886536	0.340282647522031	rs62482803	0.996199525284606	0.0434942	0.00189174543364
256	rs3886536	rs75850640	4.96843769030484e-31	5.9520546696233e-29	0.00827768984156312	0.991644815648565	7.74945098742823e-05	1	2	rs3886536	ENSG00000128536	eqtl_rs3886536_ENSG00000128536_B38.txt	rs3886536_ENSG00000128536_LD.unphased.vcor1	256	1	10	rs3886536	0.340282647522031	rs62482803	0.996199525284606	0.0797539	0.00636068456521
256	rs3886536	rs212427	0.000876501375372697	0.105002506409579	0.0071378222406228	0.855027988669199	0.0319551813052268	1	7	rs3886536	ENSG00000128536	eqtl_rs3886536_ENSG00000128536_B38.txt	rs3886536_ENSG00000128536_LD.unphased.vcor1	256	1	10	rs3886536	0.340282647522031	rs62482803	0.996199525284606	0.0149177	0.00022253777329
256	rs3886536	rs75996673	1.22427542905663e-05	0.00146664902302005	0.00826183740709177	0.989744862825298	0.000514407990299096	1	10	rs3886536	ENSG00000128536	eqtl_rs3886536_ENSG00000128536_B38.txt	rs3886536_ENSG00000128536_LD.unphased.vcor1	256	1	10	rs3886536	0.340282647522031	rs62482803	0.996199525284606	0.0611921	0.00374447310241
568	rs12917656	rs4781029	5.23221416176522e-26	1.00870589334276e-07	5.18705558628438e-19	0.999999880934908	1.81945028538108e-08	1	1	rs12917656	ENSG00000038532	eqtl_rs12917656_ENSG00000038532_B38.txt	rs12917656_ENSG00000038532_LD.unphased.vcor1	568	5	9	rs7500664	0.661943114440185	rs11648123	1	0.266544	0.071045703936
568	rs9937874	rs4781029	2.16174973952873e-21	1.00870591144581e-07	2.14309195225837e-14	0.999999898917684	2.11706545858316e-10	3	1	rs12917656	ENSG00000038532	eqtl_rs12917656_ENSG00000038532_B38.txt	rs12917656_ENSG00000038532_LD.unphased.vcor1	568	5	9	rs7500664	0.661943114440185	rs11648123	1	-0.135975	0.018489200625
568	rs1646070	rs4781029	2.46270518295849e-12	1.00868064603604e-07	2.44144988750358e-05	0.999974850302209	6.34328388224327e-07	2	1	rs12917656	ENSG00000038532	eqtl_rs12917656_ENSG00000038532_B38.txt	rs12917656_ENSG00000038532_LD.unphased.vcor1	568	5	9	rs7500664	0.661943114440185	rs11648123	1	0.125182	0.015670533124
568	rs7500664	rs4781029	2.84639452618439e-17	1.00870590645955e-07	2.82182765677024e-10	0.999999893965109	4.88211756246696e-09	4	1	rs12917656	ENSG00000038532	eqtl_rs12917656_ENSG00000038532_B38.txt	rs12917656_ENSG00000038532_LD.unphased.vcor1	568	5	9	rs7500664	0.661943114440185	rs11648123	1	-0.168438	0.028371359844
568	rs34306440	rs4781029	1.17345499485457e-11	1.00858243421441e-07	0.000116332705392552	0.999877475220583	6.09120404736868e-06	5	1	rs12917656	ENSG00000038532	eqtl_rs12917656_ENSG00000038532_B38.txt	rs12917656_ENSG00000038532_LD.unphased.vcor1	568	5	9	rs7500664	0.661943114440185	rs11648123	1	-0.0595891	0.00355086083881
568	rs12917656	rs11554587	3.13634206200918e-40	6.04647788426938e-22	5.18705620369296e-19	1	3.18452309019786e-20	1	2	rs12917656	ENSG00000038532	eqtl_rs12917656_ENSG00000038532_B38.txt	rs12917656_ENSG00000038532_LD.unphased.vcor1	568	5	9	rs7500664	0.661943114440185	rs11648123	1	-0.296809	0.088095582481
568	rs9937874	rs11554587	1.29581594031209e-35	6.04647788426921e-22	2.14309216888613e-14	0.999999999999972	3.91669465248937e-16	3	2	rs12917656	ENSG00000038532	eqtl_rs12917656_ENSG00000038532_B38.txt	rs12917656_ENSG00000038532_LD.unphased.vcor1	568	5	9	rs7500664	0.661943114440185	rs11648123	1	0.0850364	0.00723118932496
568	rs1646070	rs11554587	1.47621802238458e-26	6.04632888586414e-22	2.44145112351297e-05	0.999975357362287	2.28126475149316e-07	2	2	rs12917656	ENSG00000038532	eqtl_rs12917656_ENSG00000038532_B38.txt	rs12917656_ENSG00000038532_LD.unphased.vcor1	568	5	9	rs7500664	0.661943114440185	rs11648123	1	-0.0356436	0.00127046622096
568	rs7500664	rs11554587	1.70621203240479e-31	6.04647788255186e-22	2.82182795515336e-10	0.999999999715939	1.87821824555481e-12	4	2	rs12917656	ENSG00000038532	eqtl_rs12917656_ENSG00000038532_B38.txt	rs12917656_ENSG00000038532_LD.unphased.vcor1	568	5	9	rs7500664	0.661943114440185	rs11648123	1	0.144809	0.020969646481
568	rs34306440	rs11554587	7.03404453695691e-26	6.04574848849297e-22	0.00011633292425094	0.999879359872444	4.30720330402753e-06	5	2	rs12917656	ENSG00000038532	eqtl_rs12917656_ENSG00000038532_B38.txt	rs12917656_ENSG00000038532_LD.unphased.vcor1	568	5	9	rs7500664	0.661943114440185	rs11648123	1	0.16003	0.0256096009
568	rs12917656	rs998592	0	0	5.18705584270299e-19	0.999999930325432	6.96485252469152e-08	1	3	rs12917656	ENSG00000038532	eqtl_rs12917656_ENSG00000038532_B38.txt	rs12917656_ENSG00000038532_LD.unphased.vcor1	568	5	9	rs7500664	0.661943114440185	rs11648123	1	-0.860405	0.740296764025
568	rs9937874	rs998592	0	0	2.14309216875263e-14	1	1.2227940831866e-16	3	3	rs12917656	ENSG00000038532	eqtl_rs12917656_ENSG00000038532_B38.txt	rs12917656_ENSG00000038532_LD.unphased.vcor1	568	5	9	rs7500664	0.661943114440185	rs11648123	1	-0.132887	0.017658954769
568	rs1646070	rs998592	0	0	2.44144791388227e-05	0.999974040185856	1.54532288636083e-06	2	3	rs12917656	ENSG00000038532	eqtl_rs12917656_ENSG00000038532_B38.txt	rs12917656_ENSG00000038532_LD.unphased.vcor1	568	5	9	rs7500664	0.661943114440185	rs11648123	1	0.181923	0.033095977929
568	rs7500664	rs998592	0	0	2.82182795494566e-10	0.999999999708962	1.53930672997435e-11	4	3	rs12917656	ENSG00000038532	eqtl_rs12917656_ENSG00000038532_B38.txt	rs12917656_ENSG00000038532_LD.unphased.vcor1	568	5	9	rs7500664	0.661943114440185	rs11648123	1	-0.15092	0.0227768464
568	rs34306440	rs998592	0	0	0.000116332357205984	0.99987447636411	9.1912624681289e-06	5	3	rs12917656	ENSG00000038532	eqtl_rs12917656_ENSG00000038532_B38.txt	rs12917656_ENSG00000038532_LD.unphased.vcor1	568	5	9	rs7500664	0.661943114440185	rs11648123	1	-0.505108	0.255134091664
568	rs12917656	rs8062923	4.8792081947079e-66	9.4065072810163e-48	5.187056203693e-19	1	4.20976285512243e-17	1	4	rs12917656	ENSG00000038532	eqtl_rs12917656_ENSG00000038532_B38.txt	rs12917656_ENSG00000038532_LD.unphased.vcor1	568	5	9	rs7500664	0.661943114440185	rs11648123	1	-0.447675	0.200412905625
568	rs9937874	rs8062923	2.01590120905165e-61	9.40650728101604e-48	2.14309216888614e-14	0.999999999999972	4.37050484506663e-16	3	4	rs12917656	ENSG00000038532	eqtl_rs12917656_ENSG00000038532_B38.txt	rs12917656_ENSG00000038532_LD.unphased.vcor1	568	5	9	rs7500664	0.661943114440185	rs11648123	1	-0.196425	0.038582780625
568	rs1646070	rs8062923	2.29655268599259e-52	9.40627511158266e-48	2.44145102680925e-05	0.999975317674786	2.6781495250523e-07	2	4	rs12917656	ENSG00000038532	eqtl_rs12917656_ENSG00000038532_B38.txt	rs12917656_ENSG00000038532_LD.unphased.vcor1	568	5	9	rs7500664	0.661943114440185	rs11648123	1	0.107705	0.011600367025
568	rs7500664	rs8062923	2.6543545205771e-57	9.40650727828961e-48	2.82182795513694e-10	0.999999999710099	7.71680759813385e-12	4	4	rs12917656	ENSG00000038532	eqtl_rs12917656_ENSG00000038532_B38.txt	rs12917656_ENSG00000038532_LD.unphased.vcor1	568	5	9	rs7500664	0.661943114440185	rs11648123	1	-0.195452	0.038201484304
568	rs34306440	rs8062923	1.05652161490767e-51	9.08078406786947e-48	0.000112318162665954	0.965303397100648	0.0345842847366822	5	4	rs12917656	ENSG00000038532	eqtl_rs12917656_ENSG00000038532_B38.txt	rs12917656_ENSG00000038532_LD.unphased.vcor1	568	5	9	rs7500664	0.661943114440185	rs11648123	1	-0.7732	0.59783824
568	rs12917656	rs35126143	1.70052000716828e-212	3.27839132716091e-194	5.18705620369285e-19	1	2.46415738124141e-18	1	5	rs12917656	ENSG00000038532	eqtl_rs12917656_ENSG00000038532_B38.txt	rs12917656_ENSG00000038532_LD.unphased.vcor1	568	5	9	rs7500664	0.661943114440185	rs11648123	1	0.390781	0.152709789961
568	rs9937874	rs35126143	7.02589477978279e-208	3.27839132716091e-194	2.14309216888614e-14	1	1.25340175615203e-16	3	5	rs12917656	ENSG00000038532	eqtl_rs12917656_ENSG00000038532_B38.txt	rs12917656_ENSG00000038532_LD.unphased.vcor1	568	5	9	rs7500664	0.661943114440185	rs11648123	1	-0.0121458	0.00014752045764
568	rs1646070	rs35126143	8.00403231454261e-199	3.27831059186197e-194	2.44145116180322e-05	0.999975373076767	2.1241161546089e-07	2	5	rs12917656	ENSG00000038532	eqtl_rs12917656_ENSG00000038532_B38.txt	rs12917656_ENSG00000038532_LD.unphased.vcor1	568	5	9	rs7500664	0.661943114440185	rs11648123	1	-0.0232814	0.00054202358596
568	rs7500664	rs35126143	9.25105629491452e-204	3.27839132622951e-194	2.82182795515322e-10	0.999999999715953	1.83673431941982e-12	4	5	rs12917656	ENSG00000038532	eqtl_rs12917656_ENSG00000038532_B38.txt	rs12917656_ENSG00000038532_LD.unphased.vcor1	568	5	9	rs7500664	0.661943114440185	rs11648123	1	-0.0680938	0.00463676559844
568	rs34306440	rs35126143	3.81385952216606e-198	3.27800532400881e-194	0.00011633326047958	0.999882255543552	1.41119597613207e-06	5	5	rs12917656	ENSG00000038532	eqtl_rs12917656_ENSG00000038532_B38.txt	rs12917656_ENSG00000038532_LD.unphased.vcor1	568	5	9	rs7500664	0.661943114440185	rs11648123	1	-0.0907037	0.00822716119369
568	rs12917656	rs2058532	2.64556027699731e-153	5.10031157000736e-135	5.18705620361147e-19	0.999999999984254	1.5728915364228e-11	1	6	rs12917656	ENSG00000038532	eqtl_rs12917656_ENSG00000038532_B38.txt	rs12917656_ENSG00000038532_LD.unphased.vcor1	568	5	9	rs7500664	0.661943114440185	rs11648123	1	0.398835	0.159069357225
568	rs9937874	rs2058532	1.09304377847336e-148	5.10031157008737e-135	2.14309216888614e-14	1	3.89277889376237e-15	3	6	rs12917656	ENSG00000038532	eqtl_rs12917656_ENSG00000038532_B38.txt	rs12917656_ENSG00000038532_LD.unphased.vcor1	568	5	9	rs7500664	0.661943114440185	rs11648123	1	0.000165689	2.7452844721e-08
568	rs1646070	rs2058532	1.24521094918798e-139	5.10016462128528e-135	2.44144094351209e-05	0.999971179457383	4.40613315492587e-06	2	6	rs12917656	ENSG00000038532	eqtl_rs12917656_ENSG00000038532_B38.txt	rs12917656_ENSG00000038532_LD.unphased.vcor1	568	5	9	rs7500664	0.661943114440185	rs11648123	1	-0.0149339	0.00022302136921
568	rs7500664	rs2058532	1.43922017642974e-144	5.1003115671618e-135	2.82182795433629e-10	0.999999999425881	2.91914842446212e-10	4	6	rs12917656	ENSG00000038532	eqtl_rs12917656_ENSG00000038532_B38.txt	rs12917656_ENSG00000038532_LD.unphased.vcor1	568	5	9	rs7500664	0.661943114440185	rs11648123	1	-0.0647713	0.00419532130369
568	rs34306440	rs2058532	5.93330300286409e-139	5.09966314157784e-135	0.000116332167580939	0.999872843272875	1.08245595629969e-05	5	6	rs12917656	ENSG00000038532	eqtl_rs12917656_ENSG00000038532_B38.txt	rs12917656_ENSG00000038532_LD.unphased.vcor1	568	5	9	rs7500664	0.661943114440185	rs11648123	1	-0.0643427	0.00413998304329
568	rs12917656	rs16958021	1.11253705354129e-308	4.79222462977018e-297	5.18705620369315e-19	1	5.70315942548364e-19	1	7	rs12917656	ENSG00000038532	eqtl_rs12917656_ENSG00000038532_B38.txt	rs12917656_ENSG00000038532_LD.unphased.vcor1	568	5	9	rs7500664	0.661943114440185	rs11648123	1	0.419853	0.176276541609
568	rs9937874	rs16958021	1.1176720187914e-308	4.79222462977072e-297	2.14309216888639e-14	1	1.56521045894523e-16	3	7	rs12917656	ENSG00000038532	eqtl_rs12917656_ENSG00000038532_B38.txt	rs12917656_ENSG00000038532_LD.unphased.vcor1	568	5	9	rs7500664	0.661943114440185	rs11648123	1	0.0245022	0.00060035780484
568	rs1646070	rs16958021	1.16999798174184e-301	4.79210556038441e-297	2.44145062498448e-05	0.999975152764515	4.32729210146158e-07	2	7	rs12917656	ENSG00000038532	eqtl_rs12917656_ENSG00000038532_B38.txt	rs12917656_ENSG00000038532_LD.unphased.vcor1	568	5	9	rs7500664	0.661943114440185	rs11648123	1	-0.0427931	0.00183124940761
568	rs7500664	rs16958021	1.35228334276593e-306	4.79222462840869e-297	2.82182795515322e-10	0.999999999715783	2.01879981759941e-12	4	7	rs12917656	ENSG00000038532	eqtl_rs12917656_ENSG00000038532_B38.txt	rs12917656_ENSG00000038532_LD.unphased.vcor1	568	5	9	rs7500664	0.661943114440185	rs11648123	1	-0.0504175	0.00254192430625
568	rs34306440	rs16958021	5.57494307122559e-301	4.79165343199229e-297	0.000116333091662545	0.999880801655932	2.8652524454912e-06	5	7	rs12917656	ENSG00000038532	eqtl_rs12917656_ENSG00000038532_B38.txt	rs12917656_ENSG00000038532_LD.unphased.vcor1	568	5	9	rs7500664	0.661943114440185	rs11648123	1	-0.0726257	0.00527449230049
568	rs12917656	rs11648123	0	0	5.18705566033945e-19	0.999999895051593	1.04923306015391e-07	1	10	rs12917656	ENSG00000038532	eqtl_rs12917656_ENSG00000038532_B38.txt	rs12917656_ENSG00000038532_LD.unphased.vcor1	568	5	9	rs7500664	0.661943114440185	rs11648123	1	-0.859037	0.737944567369
568	rs9937874	rs11648123	0	0	2.14309216875263e-14	1	1.25054921093288e-16	3	10	rs12917656	ENSG00000038532	eqtl_rs12917656_ENSG00000038532_B38.txt	rs12917656_ENSG00000038532_LD.unphased.vcor1	568	5	9	rs7500664	0.661943114440185	rs11648123	1	-0.132925	0.017669055625
568	rs1646070	rs11648123	0	0	2.44144832614623e-05	0.999974209391148	1.37610587992154e-06	2	10	rs12917656	ENSG00000038532	eqtl_rs12917656_ENSG00000038532_B38.txt	rs12917656_ENSG00000038532_LD.unphased.vcor1	568	5	9	rs7500664	0.661943114440185	rs11648123	1	0.183172	0.033551981584
568	rs7500664	rs11648123	0	0	2.82182795494566e-10	0.999999999708962	1.34062767384033e-11	4	10	rs12917656	ENSG00000038532	eqtl_rs12917656_ENSG00000038532_B38.txt	rs12917656_ENSG00000038532_LD.unphased.vcor1	568	5	9	rs7500664	0.661943114440185	rs11648123	1	-0.150675	0.022702955625
568	rs34306440	rs11648123	0	0	0.000116332205431152	0.999873169243203	1.04985617094544e-05	5	10	rs12917656	ENSG00000038532	eqtl_rs12917656_ENSG00000038532_B38.txt	rs12917656_ENSG00000038532_LD.unphased.vcor1	568	5	9	rs7500664	0.661943114440185	rs11648123	1	-0.504534	0.254554557156
568	rs12917656	rs7203687	8.92875008844853e-99	1.72135209988501e-80	5.187056203693e-19	0.999999999999972	2.42152322684512e-14	1	9	rs12917656	ENSG00000038532	eqtl_rs12917656_ENSG00000038532_B38.txt	rs12917656_ENSG00000038532_LD.unphased.vcor1	568	5	9	rs7500664	0.661943114440185	rs11648123	1	0.578015	0.334101340225
568	rs9937874	rs7203687	3.6890162051594e-94	1.72135209988501e-80	2.1430921688862e-14	0.999999999999972	1.17277033149201e-16	3	9	rs12917656	ENSG00000038532	eqtl_rs12917656_ENSG00000038532_B38.txt	rs12917656_ENSG00000038532_LD.unphased.vcor1	568	5	9	rs7500664	0.661943114440185	rs11648123	1	0.016975	0.000288150625
568	rs1646070	rs7203687	4.20259680569477e-85	1.72130959496529e-80	2.44145100004554e-05	0.999975306690833	2.787991774897e-07	2	9	rs12917656	ENSG00000038532	eqtl_rs12917656_ENSG00000038532_B38.txt	rs12917656_ENSG00000038532_LD.unphased.vcor1	568	5	9	rs7500664	0.661943114440185	rs11648123	1	-0.0988122	0.00976385086884
568	rs7500664	rs7203687	4.85735947611696e-90	1.72135209939587e-80	2.82182795515306e-10	0.999999999715811	1.99916475907261e-12	4	9	rs12917656	ENSG00000038532	eqtl_rs12917656_ENSG00000038532_B38.txt	rs12917656_ENSG00000038532_LD.unphased.vcor1	568	5	9	rs7500664	0.661943114440185	rs11648123	1	0.0383283	0.00146905858089
568	rs34306440	rs7203687	2.00250555348385e-84	1.72114988177361e-80	0.000116333291347983	0.99988252138862	1.14532002146388e-06	5	9	rs12917656	ENSG00000038532	eqtl_rs12917656_ENSG00000038532_B38.txt	rs12917656_ENSG00000038532_LD.unphased.vcor1	568	5	9	rs7500664	0.661943114440185	rs11648123	1	-0.0504642	0.00254663548164
188	rs17215701	rs12510590	0.0112210431727069	0.0131785363766583	0.442716154718175	0.519921360702369	0.0129629050300913	2	1	rs6831973	ENSG00000109684	eqtl_rs6831973_ENSG00000109684_B38.txt	rs6831973_ENSG00000109684_LD.unphased.vcor1	188	2	1	rs17215701	0.386548541625177	rs12510590	0.535317660203959	0.122941	0.015114489481
188	rs9291444	rs12510590	2.21409900034853e-06	0.0247150783394663	8.7355282437898e-05	0.975110993194194	8.43590849011916e-05	1	1	rs6831973	ENSG00000109684	eqtl_rs6831973_ENSG00000109684_B38.txt	rs6831973_ENSG00000109684_LD.unphased.vcor1	188	2	1	rs17215701	0.386548541625177	rs12510590	0.535317660203959	-0.161224	0.025993178176
262	rs170934	rs17021298	0	0	1.53423395496138e-07	0.999999845083961	1.49258424203895e-09	1	1	rs170934	ENSG00000187118	eqtl_rs170934_ENSG00000187118_B38.txt	rs170934_ENSG00000187118_LD.unphased.vcor1	262	2	9	rs2618111	0.778541325132311	rs11129313	1	0.0274621	0.00075416693641
262	rs4680885	rs17021298	0	0	0.253103185931111	0.731462291909546	0.0154345221594944	2	1	rs170934	ENSG00000187118	eqtl_rs170934_ENSG00000187118_B38.txt	rs170934_ENSG00000187118_LD.unphased.vcor1	262	2	9	rs2618111	0.778541325132311	rs11129313	1	-0.224218	0.050273711524
262	rs170934	rs67769881	0	0	1.53423395534476e-07	0.999999845334299	1.24233458687247e-09	1	2	rs170934	ENSG00000187118	eqtl_rs170934_ENSG00000187118_B38.txt	rs170934_ENSG00000187118_LD.unphased.vcor1	262	2	9	rs2618111	0.778541325132311	rs11129313	1	-0.0788362	0.00621514643044
262	rs4680885	rs67769881	0	0	0.256260777668744	0.740612659258488	0.00312656307274202	2	2	rs170934	ENSG00000187118	eqtl_rs170934_ENSG00000187118_B38.txt	rs170934_ENSG00000187118_LD.unphased.vcor1	262	2	9	rs2618111	0.778541325132311	rs11129313	1	-0.109142	0.011911976164
262	rs170934	rs11129313	0	0	1.53423395535209e-07	0.999999845356809	1.22499338600439e-09	1	3	rs170934	ENSG00000187118	eqtl_rs170934_ENSG00000187118_B38.txt	rs170934_ENSG00000187118_LD.unphased.vcor1	262	2	9	rs2618111	0.778541325132311	rs11129313	1	-0.0957006	0.00915860484036
262	rs4680885	rs11129313	0	0	0.256155478771454	0.740307514182896	0.00353700704533137	2	3	rs170934	ENSG00000187118	eqtl_rs170934_ENSG00000187118_B38.txt	rs170934_ENSG00000187118_LD.unphased.vcor1	262	2	9	rs2618111	0.778541325132311	rs11129313	1	-0.128058	0.016398851364
262	rs170934	rs4350881	1.89386281017951e-23	1.23440268719842e-16	1.53423395557673e-07	0.999999845485808	1.09079561222346e-09	1	4	rs170934	ENSG00000187118	eqtl_rs170934_ENSG00000187118_B38.txt	rs170934_ENSG00000187118_LD.unphased.vcor1	262	2	9	rs2618111	0.778541325132311	rs11129313	1	0.0215718	0.00046534255524
262	rs4680885	rs4350881	3.16327652873729e-17	9.14218103760378e-17	0.256259652767966	0.740609399414696	0.00313094781733797	2	4	rs170934	ENSG00000187118	eqtl_rs170934_ENSG00000187118_B38.txt	rs170934_ENSG00000187118_LD.unphased.vcor1	262	2	9	rs2618111	0.778541325132311	rs11129313	1	0.163364	0.026687796496
262	rs170934	rs12629858	4.34228508224107e-88	2.83026222664561e-81	1.53423395527285e-07	0.999999845287318	1.28928186879344e-09	1	5	rs170934	ENSG00000187118	eqtl_rs170934_ENSG00000187118_B38.txt	rs170934_ENSG00000187118_LD.unphased.vcor1	262	2	9	rs2618111	0.778541325132311	rs11129313	1	0.0908043	0.00824542089849
262	rs4680885	rs12629858	7.25265280274106e-82	2.09608816438222e-81	0.25625370018376	0.740592149454371	0.00315415036187325	2	5	rs170934	ENSG00000187118	eqtl_rs170934_ENSG00000187118_B38.txt	rs170934_ENSG00000187118_LD.unphased.vcor1	262	2	9	rs2618111	0.778541325132311	rs11129313	1	0.202565	0.041032579225
262	rs170934	rs6788643	4.36173903909345e-101	2.84294214014628e-94	1.5342339549643e-07	0.999999845085808	1.49079264491915e-09	1	7	rs170934	ENSG00000187118	eqtl_rs170934_ENSG00000187118_B38.txt	rs170934_ENSG00000187118_LD.unphased.vcor1	262	2	9	rs2618111	0.778541325132311	rs11129313	1	0.123187	0.015175036969
262	rs4680885	rs6788643	7.28589351798374e-95	2.1056950588098e-94	0.256280009586916	0.740668391325892	0.00305159908719675	2	7	rs170934	ENSG00000187118	eqtl_rs170934_ENSG00000187118_B38.txt	rs170934_ENSG00000187118_LD.unphased.vcor1	262	2	9	rs2618111	0.778541325132311	rs11129313	1	-0.0760141	0.00577814339881
262	rs170934	rs6800659	0	0	1.53423395491673e-07	0.999999845051219	1.52869714597141e-09	1	8	rs170934	ENSG00000187118	eqtl_rs170934_ENSG00000187118_B38.txt	rs170934_ENSG00000187118_LD.unphased.vcor1	262	2	9	rs2618111	0.778541325132311	rs11129313	1	-0.104642	0.010949948164
262	rs4680885	rs6800659	0	0	0.248431975037462	0.717925616112769	0.0336424088471085	2	8	rs170934	ENSG00000187118	eqtl_rs170934_ENSG00000187118_B38.txt	rs170934_ENSG00000187118_LD.unphased.vcor1	262	2	9	rs2618111	0.778541325132311	rs11129313	1	0.182574	0.033333265476
262	rs170934	rs4680905	0	0	1.53423395465998e-07	0.999999844876596	1.69006871116984e-09	1	9	rs170934	ENSG00000187118	eqtl_rs170934_ENSG00000187118_B38.txt	rs170934_ENSG00000187118_LD.unphased.vcor1	262	2	9	rs2618111	0.778541325132311	rs11129313	1	-0.0351521	0.00123567013441
262	rs4680885	rs4680905	0	0	0.248869762893782	0.719194279063393	0.0319359580415951	2	9	rs170934	ENSG00000187118	eqtl_rs170934_ENSG00000187118_B38.txt	rs170934_ENSG00000187118_LD.unphased.vcor1	262	2	9	rs2618111	0.778541325132311	rs11129313	1	0.269075	0.072401355625
262	rs170934	rs140139592	1.90191401607601e-17	1.23965039053807e-10	1.53423395536817e-07	0.999999845349853	1.10279004908945e-09	1	6	rs170934	ENSG00000187118	eqtl_rs170934_ENSG00000187118_B38.txt	rs170934_ENSG00000187118_LD.unphased.vcor1	262	2	9	rs2618111	0.778541325132311	rs11129313	1	-0.0113354	0.00012849129316
262	rs4680885	rs140139592	3.17735249920249e-11	9.18286198000753e-11	0.256310330080428	0.740756256913895	0.00293341288207291	2	6	rs170934	ENSG00000187118	eqtl_rs170934_ENSG00000187118_B38.txt	rs170934_ENSG00000187118_LD.unphased.vcor1	262	2	9	rs2618111	0.778541325132311	rs11129313	1	-0.0103657	0.00010744773649
393	rs72927138	rs6848459	0	0	0.417457474850931	0.569900428267181	0.0126420968977184	2	2	rs28475641	ENSG00000145287	eqtl_rs28475641_ENSG00000145287_B38.txt	rs28475641_ENSG00000145287_LD.unphased.vcor1	393	2	7	rs72927138	0.123365789886636	rs145635514	1	0.0558222	0.00311611801284
393	rs28718968	rs6848459	0	0	3.11094565451324e-08	0.999996580072939	3.38882247733724e-06	1	2	rs28475641	ENSG00000145287	eqtl_rs28475641_ENSG00000145287_B38.txt	rs28475641_ENSG00000145287_LD.unphased.vcor1	393	2	7	rs72927138	0.123365789886636	rs145635514	1	0.430284	0.185144320656
393	rs72927138	rs75173460	5.29257428655694e-28	7.22558428732661e-28	0.420079828510907	0.573492975468664	0.00642719602042825	2	3	rs28475641	ENSG00000145287	eqtl_rs28475641_ENSG00000145287_B38.txt	rs28475641_ENSG00000145287_LD.unphased.vcor1	393	2	7	rs72927138	0.123365789886636	rs145635514	1	0.0230506	0.00053133016036
393	rs28718968	rs75173460	3.91948518892437e-35	1.2598972293843e-27	3.11095617532751e-08	0.999999968645057	2.45385690663362e-10	1	3	rs28475641	ENSG00000145287	eqtl_rs28475641_ENSG00000145287_B38.txt	rs28475641_ENSG00000145287_LD.unphased.vcor1	393	2	7	rs72927138	0.123365789886636	rs145635514	1	0.0319767	0.00102250934289
393	rs72927138	rs74607540	0	0	0.417860871913096	0.570453070305496	0.0116860577454446	2	4	rs28475641	ENSG00000145287	eqtl_rs28475641_ENSG00000145287_B38.txt	rs28475641_ENSG00000145287_LD.unphased.vcor1	393	2	7	rs72927138	0.123365789886636	rs145635514	1	0.0558222	0.00311611801284
393	rs28718968	rs74607540	0	0	3.11094812210323e-08	0.999997374721523	2.59412015455957e-06	1	4	rs28475641	ENSG00000145287	eqtl_rs28475641_ENSG00000145287_B38.txt	rs28475641_ENSG00000145287_LD.unphased.vcor1	393	2	7	rs72927138	0.123365789886636	rs145635514	1	0.430284	0.185144320656
393	rs72927138	rs72934254	0	0	0.417586750182687	0.570077531626798	0.0123357182269199	2	6	rs28475641	ENSG00000145287	eqtl_rs28475641_ENSG00000145287_B38.txt	rs28475641_ENSG00000145287_LD.unphased.vcor1	393	2	7	rs72927138	0.123365789886636	rs145635514	1	0.0529336	0.00280196600896
393	rs28718968	rs72934254	0	0	3.11094506799236e-08	0.999996391131535	3.57780603639539e-06	1	6	rs28475641	ENSG00000145287	eqtl_rs28475641_ENSG00000145287_B38.txt	rs28475641_ENSG00000145287_LD.unphased.vcor1	393	2	7	rs72927138	0.123365789886636	rs145635514	1	0.434498	0.188788512004
393	rs72927138	rs72934257	0	0	0.418061356682958	0.570727728504825	0.0112109148114929	2	7	rs28475641	ENSG00000145287	eqtl_rs28475641_ENSG00000145287_B38.txt	rs28475641_ENSG00000145287_LD.unphased.vcor1	393	2	7	rs72927138	0.123365789886636	rs145635514	1	-0.0529336	0.00280196600896
393	rs28718968	rs72934257	0	0	3.1109481996059e-08	0.999997399750752	2.5691696873489e-06	1	7	rs28475641	ENSG00000145287	eqtl_rs28475641_ENSG00000145287_B38.txt	rs28475641_ENSG00000145287_LD.unphased.vcor1	393	2	7	rs72927138	0.123365789886636	rs145635514	1	-0.434498	0.188788512004
393	rs72927138	rs145635514	0	0	0.419335528914068	0.572473306959186	0.00819116412635365	2	8	rs28475641	ENSG00000145287	eqtl_rs28475641_ENSG00000145287_B38.txt	rs28475641_ENSG00000145287_LD.unphased.vcor1	393	2	7	rs72927138	0.123365789886636	rs145635514	1	0.0601125	0.00361351265625
393	rs28718968	rs145635514	0	0	3.11095454277008e-08	0.999999442817326	5.26073425308697e-07	1	8	rs28475641	ENSG00000145287	eqtl_rs28475641_ENSG00000145287_B38.txt	rs28475641_ENSG00000145287_LD.unphased.vcor1	393	2	7	rs72927138	0.123365789886636	rs145635514	1	0.423095	0.179009379025
393	rs72927138	rs2868763	2.93349154584672e-84	4.00489237808408e-84	0.405808444078331	0.553941599435638	0.0402499564860449	2	1	rs28475641	ENSG00000145287	eqtl_rs28475641_ENSG00000145287_B38.txt	rs28475641_ENSG00000145287_LD.unphased.vcor1	393	2	7	rs72927138	0.123365789886636	rs145635514	1	-0.0178743	0.00031949060049
393	rs28718968	rs2868763	2.24883532430284e-91	7.22875902793818e-84	3.11095617519605e-08	0.999999968602708	2.87721982214659e-10	1	1	rs28475641	ENSG00000145287	eqtl_rs28475641_ENSG00000145287_B38.txt	rs28475641_ENSG00000145287_LD.unphased.vcor1	393	2	7	rs72927138	0.123365789886636	rs145635514	1	-0.200222	0.040088849284
369	rs72927138	rs11099586	0	0	0.469546050334288	0.524458407195119	0.00599554246613637	2	1	rs28475641	ENSG00000173085	eqtl_rs28475641_ENSG00000173085_B38.txt	rs28475641_ENSG00000173085_LD.unphased.vcor1	369	2	8	rs72927138	0.120836860658916	rs10002954	1	-0.00674801	4.55356389601e-05
369	rs28718968	rs11099586	0	0	2.95517668567849e-07	0.958291470115498	0.0417082343424497	1	1	rs28475641	ENSG00000173085	eqtl_rs28475641_ENSG00000173085_B38.txt	rs28475641_ENSG00000173085_LD.unphased.vcor1	369	2	8	rs72927138	0.120836860658916	rs10002954	1	-0.829123	0.687444949129
369	rs72927138	rs11930410	0	0	0.468461370388638	0.523242246939237	0.00829638267825621	2	2	rs28475641	ENSG00000173085	eqtl_rs28475641_ENSG00000173085_B38.txt	rs28475641_ENSG00000173085_LD.unphased.vcor1	369	2	8	rs72927138	0.120836860658916	rs10002954	1	-0.0415449	0.00172597871601
369	rs28718968	rs11930410	0	0	3.08352699209498e-07	0.999999371794017	3.19849881817429e-07	1	2	rs28475641	ENSG00000173085	eqtl_rs28475641_ENSG00000173085_B38.txt	rs28475641_ENSG00000173085_LD.unphased.vcor1	369	2	8	rs72927138	0.120836860658916	rs10002954	1	0.602699	0.363246084601
369	rs72927138	rs10002954	0	0	0.467184145501672	0.521810202366068	0.0110056521936491	2	3	rs28475641	ENSG00000173085	eqtl_rs28475641_ENSG00000173085_B38.txt	rs28475641_ENSG00000173085_LD.unphased.vcor1	369	2	8	rs72927138	0.120836860658916	rs10002954	1	0.0558222	0.00311611801284
369	rs28718968	rs10002954	0	0	3.08350779436078e-07	0.999993133615062	6.5580133147929e-06	1	3	rs28475641	ENSG00000173085	eqtl_rs28475641_ENSG00000173085_B38.txt	rs28475641_ENSG00000173085_LD.unphased.vcor1	369	2	8	rs72927138	0.120836860658916	rs10002954	1	0.430284	0.185144320656
369	rs72927138	rs145635514	0	0	0.468734986152998	0.523549029258851	0.0077159845883214	2	4	rs28475641	ENSG00000173085	eqtl_rs28475641_ENSG00000173085_B38.txt	rs28475641_ENSG00000173085_LD.unphased.vcor1	369	2	8	rs72927138	0.120836860658916	rs10002954	1	0.0601125	0.00361351265625
369	rs28718968	rs145635514	0	0	3.08352418725217e-07	0.999998460372174	1.23127415267055e-06	1	4	rs28475641	ENSG00000173085	eqtl_rs28475641_ENSG00000173085_B38.txt	rs28475641_ENSG00000173085_LD.unphased.vcor1	369	2	8	rs72927138	0.120836860658916	rs10002954	1	0.423095	0.179009379025
369	rs72927138	rs62305192	0	0	0.468840232210113	0.523667032792779	0.00749273499707102	2	5	rs28475641	ENSG00000173085	eqtl_rs28475641_ENSG00000173085_B38.txt	rs28475641_ENSG00000173085_LD.unphased.vcor1	369	2	8	rs72927138	0.120836860658916	rs10002954	1	-0.0220763	0.00048736302169
369	rs28718968	rs62305192	0	0	3.08349982444799e-07	0.999990543588784	9.14806112686357e-06	1	5	rs28475641	ENSG00000173085	eqtl_rs28475641_ENSG00000173085_B38.txt	rs28475641_ENSG00000173085_LD.unphased.vcor1	369	2	8	rs72927138	0.120836860658916	rs10002954	1	-0.526241	0.276929590081
369	rs72927138	rs74607540	0	0	0.467552105631889	0.522222765018639	0.0102251292549476	2	6	rs28475641	ENSG00000173085	eqtl_rs28475641_ENSG00000173085_B38.txt	rs28475641_ENSG00000173085_LD.unphased.vcor1	369	2	8	rs72927138	0.120836860658916	rs10002954	1	0.0558222	0.00311611801284
369	rs28718968	rs74607540	0	0	3.0835125880172e-07	0.999994691242586	5.00039253661805e-06	1	6	rs28475641	ENSG00000173085	eqtl_rs28475641_ENSG00000173085_B38.txt	rs28475641_ENSG00000173085_LD.unphased.vcor1	369	2	8	rs72927138	0.120836860658916	rs10002954	1	0.430284	0.185144320656
369	rs72927138	rs13138461	0	0	0.469560976762308	0.524475142918322	0.00596388031934142	2	7	rs28475641	ENSG00000173085	eqtl_rs28475641_ENSG00000173085_B38.txt	rs28475641_ENSG00000173085_LD.unphased.vcor1	369	2	8	rs72927138	0.120836860658916	rs10002954	1	0.100687	0.010137871969
369	rs28718968	rs13138461	0	0	3.08352779754687e-07	0.999999633549531	5.80977431354907e-08	1	7	rs28475641	ENSG00000173085	eqtl_rs28475641_ENSG00000173085_B38.txt	rs28475641_ENSG00000173085_LD.unphased.vcor1	369	2	8	rs72927138	0.120836860658916	rs10002954	1	0.463028	0.214394928784
369	rs72927138	rs72934251	0	0	0.468865014999638	0.523694819632797	0.00744016535326755	2	8	rs28475641	ENSG00000173085	eqtl_rs28475641_ENSG00000173085_B38.txt	rs28475641_ENSG00000173085_LD.unphased.vcor1	369	2	8	rs72927138	0.120836860658916	rs10002954	1	-0.0529336	0.00280196600896
369	rs28718968	rs72934251	0	0	3.08352361760134e-07	0.999998275250287	1.41640584601984e-06	1	8	rs28475641	ENSG00000173085	eqtl_rs28475641_ENSG00000173085_B38.txt	rs28475641_ENSG00000173085_LD.unphased.vcor1	369	2	8	rs72927138	0.120836860658916	rs10002954	1	-0.434498	0.188788512004
188	rs3795982	rs113329814	1.83535420203021e-49	2.28515564911822e-47	0.00796221604882748	0.991355123980656	0.000682659970519287	1	2	rs3795982	ENSG00000144579	eqtl_rs3795982_ENSG00000144579_B38.txt	rs3795982_ENSG00000144579_LD.unphased.vcor1	188	1	3	rs3795982	0.355044806181044	rs113329814	0.999991234084247	-0.293161	0.085943371921
188	rs3795982	rs2227255	4.17294910860659e-44	5.19563919513024e-42	0.00795646906491937	0.990638135279099	0.00140539565598778	1	1	rs3795982	ENSG00000144579	eqtl_rs3795982_ENSG00000144579_B38.txt	rs3795982_ENSG00000144579_LD.unphased.vcor1	188	1	3	rs3795982	0.355044806181044	rs113329814	0.999991234084247	0.539449	0.291005223601
188	rs3795982	rs13062	0.000124323698130972	0.0154792465012474	0.00784152473138143	0.976329050126595	0.000225854942644551	1	3	rs3795982	ENSG00000144579	eqtl_rs3795982_ENSG00000144579_B38.txt	rs3795982_ENSG00000144579_LD.unphased.vcor1	188	1	3	rs3795982	0.355044806181044	rs113329814	0.999991234084247	-0.0913956	0.00835315569936
404	rs4675393	rs231811	5.33365631481077e-35	2.24955675792972e-34	0.191250581164993	0.806626350069079	0.00212306876592663	2	1	rs3087243	ENSG00000163599	eqtl_rs3087243_ENSG00000163599_B38.txt	rs3087243_ENSG00000163599_LD.unphased.vcor1	404	3	10	rs3087243	0.418557343610525	rs3116507	1	-0.0133164	0.00017732650896
404	rs3087243	rs231811	3.24543001824111e-37	2.82877190856637e-35	0.00116372398310585	0.0996337532272063	0.899202522789693	1	1	rs3087243	ENSG00000163599	eqtl_rs3087243_ENSG00000163599_B38.txt	rs3087243_ENSG00000163599_LD.unphased.vcor1	404	3	10	rs3087243	0.418557343610525	rs3116507	1	-0.956451	0.914798515401
404	rs10170254	rs231811	2.24198497650392e-36	2.76554445374053e-34	0.00803915558880122	0.991649293573307	0.00031155083789845	3	1	rs3087243	ENSG00000163599	eqtl_rs3087243_ENSG00000163599_B38.txt	rs3087243_ENSG00000163599_LD.unphased.vcor1	404	3	10	rs3087243	0.418557343610525	rs3116507	1	0.341689	0.116751372721
404	rs4675393	rs12693993	0.000129795933520437	0.000547435571714472	0.189308328730761	0.798415631383361	0.0115988083806436	2	2	rs3087243	ENSG00000163599	eqtl_rs3087243_ENSG00000163599_B38.txt	rs3087243_ENSG00000163599_LD.unphased.vcor1	404	3	10	rs3087243	0.418557343610525	rs3116507	1	0.107719	0.011603382961
404	rs3087243	rs12693993	7.76842326877802e-06	0.000677108962234905	0.0113303027760416	0.987567593406449	0.000417226432004557	1	2	rs3087243	ENSG00000163599	eqtl_rs3087243_ENSG00000163599_B38.txt	rs3087243_ENSG00000163599_LD.unphased.vcor1	404	3	10	rs3087243	0.418557343610525	rs3116507	1	-0.0530455	0.00281382507025
404	rs10170254	rs12693993	5.50776094162976e-06	0.000679396065731231	0.00803311005690575	0.99090342810317	0.00037855801325111	3	2	rs3087243	ENSG00000163599	eqtl_rs3087243_ENSG00000163599_B38.txt	rs3087243_ENSG00000163599_LD.unphased.vcor1	404	3	10	rs3087243	0.418557343610525	rs3116507	1	-0.406456	0.165206479936
404	rs4675393	rs62184036	0	0	0.191135795313935	0.806141021745832	0.00272318294026618	2	3	rs3087243	ENSG00000163599	eqtl_rs3087243_ENSG00000163599_B38.txt	rs3087243_ENSG00000163599_LD.unphased.vcor1	404	3	10	rs3087243	0.418557343610525	rs3116507	1	0.0659526	0.00434974544676
404	rs3087243	rs62184036	0	0	0.0113415700660456	0.988550287702821	0.000108142230968746	1	3	rs3087243	ENSG00000163599	eqtl_rs3087243_ENSG00000163599_B38.txt	rs3087243_ENSG00000163599_LD.unphased.vcor1	404	3	10	rs3087243	0.418557343610525	rs3116507	1	0.11187	0.0125148969
404	rs10170254	rs62184036	0	0	0.008040374132149	0.991799907603639	0.000159718264032571	3	3	rs3087243	ENSG00000163599	eqtl_rs3087243_ENSG00000163599_B38.txt	rs3087243_ENSG00000163599_LD.unphased.vcor1	404	3	10	rs3087243	0.418557343610525	rs3116507	1	-0.338089	0.114304171921
404	rs4675393	rs3116507	0	0	0.19124526843683	0.806603887220155	0.00215084434327089	2	5	rs3087243	ENSG00000163599	eqtl_rs3087243_ENSG00000163599_B38.txt	rs3087243_ENSG00000163599_LD.unphased.vcor1	404	3	10	rs3087243	0.418557343610525	rs3116507	1	0.0901981	0.00813569724361
404	rs3087243	rs3116507	0	0	0.0113301247990783	0.987550676688237	0.00111919851430745	1	5	rs3087243	ENSG00000163599	eqtl_rs3087243_ENSG00000163599_B38.txt	rs3087243_ENSG00000163599_LD.unphased.vcor1	404	3	10	rs3087243	0.418557343610525	rs3116507	1	0.399702	0.159761688804
404	rs10170254	rs3116507	0	0	0.00102158755976468	0.124265951609821	0.874712460829085	3	5	rs3087243	ENSG00000163599	eqtl_rs3087243_ENSG00000163599_B38.txt	rs3087243_ENSG00000163599_LD.unphased.vcor1	404	3	10	rs3087243	0.418557343610525	rs3116507	1	-0.930744	0.866284393536
404	rs4675393	rs6749204	0	0	0.191110939312289	0.806035927597074	0.00285313309122637	2	6	rs3087243	ENSG00000163599	eqtl_rs3087243_ENSG00000163599_B38.txt	rs3087243_ENSG00000163599_LD.unphased.vcor1	404	3	10	rs3087243	0.418557343610525	rs3116507	1	-0.0826566	0.00683211352356
404	rs3087243	rs6749204	0	0	0.0113404983682337	0.988456687360461	0.000202814272843793	1	6	rs3087243	ENSG00000163599	eqtl_rs3087243_ENSG00000163599_B38.txt	rs3087243_ENSG00000163599_LD.unphased.vcor1	404	3	10	rs3087243	0.418557343610525	rs3116507	1	-0.31259	0.0977125081
404	rs10170254	rs6749204	0	0	0.00799519080262252	0.986215171240438	0.0057896379569085	3	6	rs3087243	ENSG00000163599	eqtl_rs3087243_ENSG00000163599_B38.txt	rs3087243_ENSG00000163599_LD.unphased.vcor1	404	3	10	rs3087243	0.418557343610525	rs3116507	1	0.684343	0.468325341649
404	rs4675393	rs76183401	0	0	0.190711857017037	0.804348559872508	0.00493958310830143	2	7	rs3087243	ENSG00000163599	eqtl_rs3087243_ENSG00000163599_B38.txt	rs3087243_ENSG00000163599_LD.unphased.vcor1	404	3	10	rs3087243	0.418557343610525	rs3116507	1	-0.0637207	0.00406032760849
404	rs3087243	rs76183401	0	0	0.0113377485016737	0.988216518487141	0.00044573300509689	1	7	rs3087243	ENSG00000163599	eqtl_rs3087243_ENSG00000163599_B38.txt	rs3087243_ENSG00000163599_LD.unphased.vcor1	404	3	10	rs3087243	0.418557343610525	rs3116507	1	0.127847	0.016344855409
404	rs10170254	rs76183401	0	0	0.00803244740538425	0.990820150698922	0.00114740189442648	3	7	rs3087243	ENSG00000163599	eqtl_rs3087243_ENSG00000163599_B38.txt	rs3087243_ENSG00000163599_LD.unphased.vcor1	404	3	10	rs3087243	0.418557343610525	rs3116507	1	-0.255749	0.065407551001
404	rs4675393	rs4675369	0	0	0.191253033590674	0.806636719287522	0.00211024710101971	2	8	rs3087243	ENSG00000163599	eqtl_rs3087243_ENSG00000163599_B38.txt	rs3087243_ENSG00000163599_LD.unphased.vcor1	404	3	10	rs3087243	0.418557343610525	rs3116507	1	0.0508768	0.00258844877824
404	rs3087243	rs4675369	0	0	0.0113345264019631	0.987935105525298	0.000730368089980759	1	8	rs3087243	ENSG00000163599	eqtl_rs3087243_ENSG00000163599_B38.txt	rs3087243_ENSG00000163599_LD.unphased.vcor1	404	3	10	rs3087243	0.418557343610525	rs3116507	1	0.349182	0.121928069124
404	rs10170254	rs4675369	0	0	0.00638787308304401	0.787547967883	0.206064159029192	3	8	rs3087243	ENSG00000163599	eqtl_rs3087243_ENSG00000163599_B38.txt	rs3087243_ENSG00000163599_LD.unphased.vcor1	404	3	10	rs3087243	0.418557343610525	rs3116507	1	-0.772377	0.596566230129
404	rs4675393	rs76971408	0	0	0.191045634948483	0.805759812954466	0.00319455210335579	2	9	rs3087243	ENSG00000163599	eqtl_rs3087243_ENSG00000163599_B38.txt	rs3087243_ENSG00000163599_LD.unphased.vcor1	404	3	10	rs3087243	0.418557343610525	rs3116507	1	0.0766131	0.00586956709161
404	rs3087243	rs76971408	0	0	0.0113409267384036	0.988494100547184	0.000164972726228482	1	9	rs3087243	ENSG00000163599	eqtl_rs3087243_ENSG00000163599_B38.txt	rs3087243_ENSG00000163599_LD.unphased.vcor1	404	3	10	rs3087243	0.418557343610525	rs3116507	1	0.304183	0.092527297489
404	rs10170254	rs76971408	0	0	0.00801779737333409	0.989009381896931	0.00297282075293869	3	9	rs3087243	ENSG00000163599	eqtl_rs3087243_ENSG00000163599_B38.txt	rs3087243_ENSG00000163599_LD.unphased.vcor1	404	3	10	rs3087243	0.418557343610525	rs3116507	1	-0.670316	0.449323539856
404	rs4675393	rs62184029	0	0	0.190647486361174	0.804076393037962	0.00527612060686736	2	10	rs3087243	ENSG00000163599	eqtl_rs3087243_ENSG00000163599_B38.txt	rs3087243_ENSG00000163599_LD.unphased.vcor1	404	3	10	rs3087243	0.418557343610525	rs3116507	1	-0.00579457	3.35770414849e-05
404	rs3087243	rs62184029	0	0	0.0113385456550485	0.988286140575607	0.00037531376651337	1	10	rs3087243	ENSG00000163599	eqtl_rs3087243_ENSG00000163599_B38.txt	rs3087243_ENSG00000163599_LD.unphased.vcor1	404	3	10	rs3087243	0.418557343610525	rs3116507	1	-0.0478026	0.00228508856676
404	rs10170254	rs62184029	0	0	0.00803642509756337	0.991311800226392	0.000651774674921695	3	10	rs3087243	ENSG00000163599	eqtl_rs3087243_ENSG00000163599_B38.txt	rs3087243_ENSG00000163599_LD.unphased.vcor1	404	3	10	rs3087243	0.418557343610525	rs3116507	1	0.143773	0.020670675529
404	rs4675393	rs11571298	6.60198693716606e-08	2.7844959355602e-07	0.191241898240681	0.806589638315682	0.00216811897417264	2	4	rs3087243	ENSG00000163599	eqtl_rs3087243_ENSG00000163599_B38.txt	rs3087243_ENSG00000163599_LD.unphased.vcor1	404	3	10	rs3087243	0.418557343610525	rs3116507	1	-0.0245887	0.00060460416769
404	rs3087243	rs11571298	3.91432244253298e-09	3.41178990280897e-07	0.0113387448560666	0.988303539146421	0.000357370904198858	1	4	rs3087243	ENSG00000163599	eqtl_rs3087243_ENSG00000163599_B38.txt	rs3087243_ENSG00000163599_LD.unphased.vcor1	404	3	10	rs3087243	0.418557343610525	rs3116507	1	-0.319154	0.101859275716
404	rs10170254	rs11571298	2.77584892483729e-09	3.42407896527309e-07	0.00804089166894218	0.991863876722716	9.48864245972871e-05	3	4	rs3087243	ENSG00000163599	eqtl_rs3087243_ENSG00000163599_B38.txt	rs3087243_ENSG00000163599_LD.unphased.vcor1	404	3	10	rs3087243	0.418557343610525	rs3116507	1	0.123291	0.015200670681
495	rs77447078	rs613377	2.43806379315884e-277	3.73349678486894e-239	6.53024211254195e-39	1	3.60779477325064e-39	1	8	rs61150131	ENSG00000110367	eqtl_rs61150131_ENSG00000110367_B38.txt	rs61150131_ENSG00000110367_LD.unphased.vcor1	495	7	9	rs4938553	0.99999956300712	rs10892263	1	0.214514	0.046016256196
495	rs630923	rs613377	1.71222748002399e-244	3.73347953893197e-239	4.58612281913158e-06	0.999995380688557	3.31885787394855e-08	3	8	rs61150131	ENSG00000110367	eqtl_rs61150131_ENSG00000110367_B38.txt	rs61150131_ENSG00000110367_LD.unphased.vcor1	495	7	9	rs4938553	0.99999956300712	rs10892263	1	0.0180445	0.00032560398025
495	rs10892310	rs613377	2.02194681336306e-241	3.71307677997028e-239	0.00541569185637927	0.994530487649378	5.38204942135647e-05	5	8	rs61150131	ENSG00000110367	eqtl_rs61150131_ENSG00000110367_B38.txt	rs61150131_ENSG00000110367_LD.unphased.vcor1	495	7	9	rs4938553	0.99999956300712	rs10892263	1	-0.0657846	0.00432761359716
495	rs4938553	rs613377	1.71857550500089e-272	3.73349678486894e-239	4.60312571304762e-34	1	4.47381151946149e-31	7	8	rs61150131	ENSG00000110367	eqtl_rs61150131_ENSG00000110367_B38.txt	rs61150131_ENSG00000110367_LD.unphased.vcor1	495	7	9	rs4938553	0.99999956300712	rs10892263	1	0.390223	0.152273989729
495	rs7124498	rs613377	1.10293460567472e-251	3.73349678486767e-239	2.95415978432016e-13	0.999999999999659	8.97530750299069e-14	8	8	rs61150131	ENSG00000110367	eqtl_rs61150131_ENSG00000110367_B38.txt	rs61150131_ENSG00000110367_LD.unphased.vcor1	495	7	9	rs4938553	0.99999956300712	rs10892263	1	-0.308027	0.094880632729
495	rs11217066	rs613377	4.06751861275671e-278	3.73349678486851e-239	1.08946621549052e-39	1	1.47516252491638e-39	2	8	rs61150131	ENSG00000110367	eqtl_rs61150131_ENSG00000110367_B38.txt	rs61150131_ENSG00000110367_LD.unphased.vcor1	495	7	9	rs4938553	0.99999956300712	rs10892263	1	0.25657	0.0658281649
495	rs481903	rs613377	3.24887952783802e-250	3.47131314907869e-240	8.70197489122101e-12	0.0911598511990872	0.908840148792222	4	8	rs61150131	ENSG00000110367	eqtl_rs61150131_ENSG00000110367_B38.txt	rs61150131_ENSG00000110367_LD.unphased.vcor1	495	7	9	rs4938553	0.99999956300712	rs10892263	1	-0.942385	0.888089488225
495	rs77447078	rs2187490	6.8587483249515e-89	1.05030536490816e-50	6.53024211254158e-39	1	2.61148391105469e-41	1	1	rs61150131	ENSG00000110367	eqtl_rs61150131_ENSG00000110367_B38.txt	rs61150131_ENSG00000110367_LD.unphased.vcor1	495	7	9	rs4938553	0.99999956300712	rs10892263	1	-0.11545	0.0133287025
495	rs630923	rs2187490	4.81682933528413e-56	1.0503004989477e-50	4.58612275650463e-06	0.999995367005599	4.68716390083114e-08	3	1	rs61150131	ENSG00000110367	eqtl_rs61150131_ENSG00000110367_B38.txt	rs61150131_ENSG00000110367_LD.unphased.vcor1	495	7	9	rs4938553	0.99999956300712	rs10892263	1	0.0421571	0.00177722108041
495	rs10892310	rs2187490	5.68718257516131e-53	1.04438679710664e-50	0.00541478960802862	0.994364466090406	0.000220744301564941	5	1	rs61150131	ENSG00000110367	eqtl_rs61150131_ENSG00000110367_B38.txt	rs61150131_ENSG00000110367_LD.unphased.vcor1	495	7	9	rs4938553	0.99999956300712	rs10892263	1	-0.117977	0.013918572529
495	rs4938553	rs2187490	4.83468763176012e-84	1.05030536490814e-50	4.60312571304723e-34	1	7.68062586195001e-36	7	1	rs61150131	ENSG00000110367	eqtl_rs61150131_ENSG00000110367_B38.txt	rs61150131_ENSG00000110367_LD.unphased.vcor1	495	7	9	rs4938553	0.99999956300712	rs10892263	1	0.215992	0.046652544064
495	rs7124498	rs2187490	3.10276987026716e-63	1.05030536490784e-50	2.95415978431999e-13	0.999999999999716	1.68661087903797e-15	8	1	rs61150131	ENSG00000110367	eqtl_rs61150131_ENSG00000110367_B38.txt	rs61150131_ENSG00000110367_LD.unphased.vcor1	495	7	9	rs4938553	0.99999956300712	rs10892263	1	0.125123	0.015655765129
495	rs11217066	rs2187490	1.14427221101579e-89	1.05030536490814e-50	1.08946621549046e-39	1	3.17036810062718e-41	2	1	rs61150131	ENSG00000110367	eqtl_rs61150131_ENSG00000110367_B38.txt	rs61150131_ENSG00000110367_LD.unphased.vcor1	495	7	9	rs4938553	0.99999956300712	rs10892263	1	-0.0665781	0.00443264339961
495	rs481903	rs2187490	9.83004255488606e-61	1.0503053648002e-50	9.35922340618129e-11	0.99999999989717	9.22829921024913e-12	4	1	rs61150131	ENSG00000110367	eqtl_rs61150131_ENSG00000110367_B38.txt	rs61150131_ENSG00000110367_LD.unphased.vcor1	495	7	9	rs4938553	0.99999956300712	rs10892263	1	-0.160903	0.025889775409
495	rs77447078	rs112561833	0	0	6.53024211253527e-39	1	1.22049755064026e-39	1	2	rs61150131	ENSG00000110367	eqtl_rs61150131_ENSG00000110367_B38.txt	rs61150131_ENSG00000110367_LD.unphased.vcor1	495	7	9	rs4938553	0.99999956300712	rs10892263	1	-0.152424	0.023233075776
495	rs630923	rs112561833	0	0	4.58612256982662e-06	0.999995326219513	8.76578825224399e-08	3	2	rs61150131	ENSG00000110367	eqtl_rs61150131_ENSG00000110367_B38.txt	rs61150131_ENSG00000110367_LD.unphased.vcor1	495	7	9	rs4938553	0.99999956300712	rs10892263	1	-0.308545	0.095200017025
495	rs10892310	rs112561833	0	0	0.00541572126617971	0.994535899309468	4.83794240229091e-05	5	2	rs61150131	ENSG00000110367	eqtl_rs61150131_ENSG00000110367_B38.txt	rs61150131_ENSG00000110367_LD.unphased.vcor1	495	7	9	rs4938553	0.99999956300712	rs10892263	1	-0.166542	0.027736237764
495	rs4938553	rs112561833	0	0	4.60312571304657e-34	1	5.89019567235619e-33	7	2	rs61150131	ENSG00000110367	eqtl_rs61150131_ENSG00000110367_B38.txt	rs61150131_ENSG00000110367_LD.unphased.vcor1	495	7	9	rs4938553	0.99999956300712	rs10892263	1	-0.356742	0.127264854564
495	rs7124498	rs112561833	0	0	2.95415978432016e-13	1	1.36978179063737e-13	8	2	rs61150131	ENSG00000110367	eqtl_rs61150131_ENSG00000110367_B38.txt	rs61150131_ENSG00000110367_LD.unphased.vcor1	495	7	9	rs4938553	0.99999956300712	rs10892263	1	0.265292	0.070379845264
495	rs11217066	rs112561833	0	0	1.08946621516589e-39	0.999999999701686	2.98165083921777e-10	2	2	rs61150131	ENSG00000110367	eqtl_rs61150131_ENSG00000110367_B38.txt	rs61150131_ENSG00000110367_LD.unphased.vcor1	495	7	9	rs4938553	0.99999956300712	rs10892263	1	0.814105	0.662766951025
495	rs481903	rs112561833	0	0	9.35922340623422e-11	0.999999999903594	2.56123439315888e-12	4	2	rs61150131	ENSG00000110367	eqtl_rs61150131_ENSG00000110367_B38.txt	rs61150131_ENSG00000110367_LD.unphased.vcor1	495	7	9	rs4938553	0.99999956300712	rs10892263	1	-0.27755	0.0770340025
495	rs77447078	rs10892269	0	0	6.53024211210171e-39	1	1.42134233633502e-39	1	3	rs61150131	ENSG00000110367	eqtl_rs61150131_ENSG00000110367_B38.txt	rs61150131_ENSG00000110367_LD.unphased.vcor1	495	7	9	rs4938553	0.99999956300712	rs10892263	1	-0.150515	0.022654765225
495	rs630923	rs10892269	0	0	4.58612260365804e-06	0.999995333619128	8.02618224725275e-08	3	3	rs61150131	ENSG00000110367	eqtl_rs61150131_ENSG00000110367_B38.txt	rs61150131_ENSG00000110367_LD.unphased.vcor1	495	7	9	rs4938553	0.99999956300712	rs10892263	1	-0.310789	0.096589802521
495	rs10892310	rs10892269	0	0	0.00541572631027092	0.994536827491079	4.74461944899573e-05	5	3	rs61150131	ENSG00000110367	eqtl_rs61150131_ENSG00000110367_B38.txt	rs61150131_ENSG00000110367_LD.unphased.vcor1	495	7	9	rs4938553	0.99999956300712	rs10892263	1	-0.163255	0.026652195025
495	rs4938553	rs10892269	0	0	4.6031257129754e-34	1	3.22787129896673e-33	7	3	rs61150131	ENSG00000110367	eqtl_rs61150131_ENSG00000110367_B38.txt	rs61150131_ENSG00000110367_LD.unphased.vcor1	495	7	9	rs4938553	0.99999956300712	rs10892263	1	-0.35132	0.1234257424
495	rs7124498	rs10892269	0	0	2.95415978415626e-13	1	1.75961031371609e-13	8	3	rs61150131	ENSG00000110367	eqtl_rs61150131_ENSG00000110367_B38.txt	rs61150131_ENSG00000110367_LD.unphased.vcor1	495	7	9	rs4938553	0.99999956300712	rs10892263	1	0.263935	0.069661684225
495	rs11217066	rs10892269	0	0	1.08946621492015e-39	0.999999999534339	4.36735436619599e-10	2	3	rs61150131	ENSG00000110367	eqtl_rs61150131_ENSG00000110367_B38.txt	rs61150131_ENSG00000110367_LD.unphased.vcor1	495	7	9	rs4938553	0.99999956300712	rs10892263	1	0.810608	0.657085329664
495	rs481903	rs10892269	0	0	9.3592234059363e-11	0.999999999883585	2.14837006431295e-12	4	3	rs61150131	ENSG00000110367	eqtl_rs61150131_ENSG00000110367_B38.txt	rs61150131_ENSG00000110367_LD.unphased.vcor1	495	7	9	rs4938553	0.99999956300712	rs10892263	1	-0.272535	0.074275326225
495	rs77447078	rs10892271	0	0	6.53024211248182e-39	1	1.19709812771436e-39	1	4	rs61150131	ENSG00000110367	eqtl_rs61150131_ENSG00000110367_B38.txt	rs61150131_ENSG00000110367_LD.unphased.vcor1	495	7	9	rs4938553	0.99999956300712	rs10892263	1	0.150515	0.022654765225
495	rs630923	rs10892271	0	0	4.58612257242519e-06	0.999995326794311	8.70804554180732e-08	3	4	rs61150131	ENSG00000110367	eqtl_rs61150131_ENSG00000110367_B38.txt	rs61150131_ENSG00000110367_LD.unphased.vcor1	495	7	9	rs4938553	0.99999956300712	rs10892263	1	0.310789	0.096589802521
495	rs10892310	rs10892271	0	0	0.00541572352594294	0.994536315138753	4.79613298872922e-05	5	4	rs61150131	ENSG00000110367	eqtl_rs61150131_ENSG00000110367_B38.txt	rs61150131_ENSG00000110367_LD.unphased.vcor1	495	7	9	rs4938553	0.99999956300712	rs10892263	1	0.163255	0.026652195025
495	rs4938553	rs10892271	0	0	4.6031257129754e-34	1	4.08861253839145e-33	7	4	rs61150131	ENSG00000110367	eqtl_rs61150131_ENSG00000110367_B38.txt	rs61150131_ENSG00000110367_LD.unphased.vcor1	495	7	9	rs4938553	0.99999956300712	rs10892263	1	0.35132	0.1234257424
495	rs7124498	rs10892271	0	0	2.95415978428523e-13	1	1.4671935617148e-13	8	4	rs61150131	ENSG00000110367	eqtl_rs61150131_ENSG00000110367_B38.txt	rs61150131_ENSG00000110367_LD.unphased.vcor1	495	7	9	rs4938553	0.99999956300712	rs10892263	1	-0.263935	0.069661684225
495	rs11217066	rs10892271	0	0	1.08946621525308e-39	0.999999999796273	2.09928710372003e-10	2	4	rs61150131	ENSG00000110367	eqtl_rs61150131_ENSG00000110367_B38.txt	rs61150131_ENSG00000110367_LD.unphased.vcor1	495	7	9	rs4938553	0.99999956300712	rs10892263	1	-0.810608	0.657085329664
495	rs481903	rs10892271	0	0	9.35922340607249e-11	0.999999999898137	2.37009381265183e-12	4	4	rs61150131	ENSG00000110367	eqtl_rs61150131_ENSG00000110367_B38.txt	rs61150131_ENSG00000110367_LD.unphased.vcor1	495	7	9	rs4938553	0.99999956300712	rs10892263	1	0.272535	0.074275326225
495	rs77447078	rs140824750	0	0	6.53024211255309e-39	1	2.31491980837991e-41	1	5	rs61150131	ENSG00000110367	eqtl_rs61150131_ENSG00000110367_B38.txt	rs61150131_ENSG00000110367_LD.unphased.vcor1	495	7	9	rs4938553	0.99999956300712	rs10892263	1	0.156509	0.024495067081
495	rs630923	rs140824750	0	0	4.58520160550979e-06	0.999794109260525	0.000201305538289465	3	5	rs61150131	ENSG00000110367	eqtl_rs61150131_ENSG00000110367_B38.txt	rs61150131_ENSG00000110367_LD.unphased.vcor1	495	7	9	rs4938553	0.99999956300712	rs10892263	1	0.310783	0.096586073089
495	rs10892310	rs140824750	0	0	0.00539294279255806	0.990344461660543	0.00426259554712702	5	5	rs61150131	ENSG00000110367	eqtl_rs61150131_ENSG00000110367_B38.txt	rs61150131_ENSG00000110367_LD.unphased.vcor1	495	7	9	rs4938553	0.99999956300712	rs10892263	1	0.167332	0.027999998224
495	rs4938553	rs140824750	0	0	4.60312571305076e-34	1	2.38010626501323e-26	7	5	rs61150131	ENSG00000110367	eqtl_rs61150131_ENSG00000110367_B38.txt	rs61150131_ENSG00000110367_LD.unphased.vcor1	495	7	9	rs4938553	0.99999956300712	rs10892263	1	0.35777	0.1279993729
495	rs7124498	rs140824750	0	0	2.95415978432284e-13	1	1.74029196128699e-15	8	5	rs61150131	ENSG00000110367	eqtl_rs61150131_ENSG00000110367_B38.txt	rs61150131_ENSG00000110367_LD.unphased.vcor1	495	7	9	rs4938553	0.99999956300712	rs10892263	1	-0.271056	0.073471355136
495	rs11217066	rs140824750	0	0	1.08946621549287e-39	1	1.68834464581653e-23	2	5	rs61150131	ENSG00000110367	eqtl_rs61150131_ENSG00000110367_B38.txt	rs61150131_ENSG00000110367_LD.unphased.vcor1	495	7	9	rs4938553	0.99999956300712	rs10892263	1	-0.809429	0.655175306041
495	rs481903	rs140824750	0	0	9.35922332452596e-11	0.999999991152436	8.75487357950735e-09	4	5	rs61150131	ENSG00000110367	eqtl_rs61150131_ENSG00000110367_B38.txt	rs61150131_ENSG00000110367_LD.unphased.vcor1	495	7	9	rs4938553	0.99999956300712	rs10892263	1	0.265157	0.070308234649
495	rs77447078	rs643090	0	2.50869743432672e-298	6.53024211254195e-39	1	1.95391779948546e-39	1	7	rs61150131	ENSG00000110367	eqtl_rs61150131_ENSG00000110367_B38.txt	rs61150131_ENSG00000110367_LD.unphased.vcor1	495	7	9	rs4938553	0.99999956300712	rs10892263	1	-0.232983	0.054281078289
495	rs630923	rs643090	1.15051945369763e-303	2.50868584322868e-298	4.58612281399545e-06	0.999995379566359	3.4310790585164e-08	3	7	rs61150131	ENSG00000110367	eqtl_rs61150131_ENSG00000110367_B38.txt	rs61150131_ENSG00000110367_LD.unphased.vcor1	495	7	9	rs4938553	0.99999956300712	rs10892263	1	0.00447684	2.00420963856e-05
495	rs10892310	rs643090	1.35864158508739e-300	2.49499170232832e-298	0.00541572517473466	0.994536618517108	4.7656308187423e-05	5	7	rs61150131	ENSG00000110367	eqtl_rs61150131_ENSG00000110367_B38.txt	rs61150131_ENSG00000110367_LD.unphased.vcor1	495	7	9	rs4938553	0.99999956300712	rs10892263	1	0.0204612	0.00041866070544
495	rs4938553	rs643090	0	2.50869743432672e-298	4.60312571304762e-34	1	8.05636795329916e-33	7	7	rs61150131	ENSG00000110367	eqtl_rs61150131_ENSG00000110367_B38.txt	rs61150131_ENSG00000110367_LD.unphased.vcor1	495	7	9	rs4938553	0.99999956300712	rs10892263	1	-0.289014	0.083529092196
495	rs7124498	rs643090	1.11624247578936e-308	2.50869743432587e-298	2.95415978432016e-13	0.999999999999659	6.81157672210558e-14	8	7	rs61150131	ENSG00000110367	eqtl_rs61150131_ENSG00000110367_B38.txt	rs61150131_ENSG00000110367_LD.unphased.vcor1	495	7	9	rs4938553	0.99999956300712	rs10892263	1	0.349775	0.122342550625
495	rs11217066	rs643090	0	2.50869743432644e-298	1.08946621549052e-39	1	3.77133858923123e-38	2	7	rs61150131	ENSG00000110367	eqtl_rs61150131_ENSG00000110367_B38.txt	rs61150131_ENSG00000110367_LD.unphased.vcor1	495	7	9	rs4938553	0.99999956300712	rs10892263	1	-0.283977	0.080642936529
495	rs481903	rs643090	2.34437983384164e-308	2.50488713844828e-298	9.34500829698931e-11	0.998478121877445	0.00152187802912179	4	7	rs61150131	ENSG00000110367	eqtl_rs61150131_ENSG00000110367_B38.txt	rs61150131_ENSG00000110367_LD.unphased.vcor1	495	7	9	rs4938553	0.99999956300712	rs10892263	1	0.848213	0.719465293369
495	rs77447078	rs12226085	0	0	6.53024211267187e-39	1	7.91400121154434e-41	1	9	rs61150131	ENSG00000110367	eqtl_rs61150131_ENSG00000110367_B38.txt	rs61150131_ENSG00000110367_LD.unphased.vcor1	495	7	9	rs4938553	0.99999956300712	rs10892263	1	0.141291	0.019963146681
495	rs630923	rs12226085	0	0	4.58612034541648e-06	0.999994840224314	5.73663268643445e-07	3	9	rs61150131	ENSG00000110367	eqtl_rs61150131_ENSG00000110367_B38.txt	rs61150131_ENSG00000110367_LD.unphased.vcor1	495	7	9	rs4938553	0.99999956300712	rs10892263	1	0.295333	0.087221580889
495	rs10892310	rs12226085	0	0	0.00541539831131054	0.994476472778953	0.000108128918225227	5	9	rs61150131	ENSG00000110367	eqtl_rs61150131_ENSG00000110367_B38.txt	rs61150131_ENSG00000110367_LD.unphased.vcor1	495	7	9	rs4938553	0.99999956300712	rs10892263	1	0.160584	0.025787221056
495	rs4938553	rs12226085	0	0	4.60312571310937e-34	1	1.80226329170746e-31	7	9	rs61150131	ENSG00000110367	eqtl_rs61150131_ENSG00000110367_B38.txt	rs61150131_ENSG00000110367_LD.unphased.vcor1	495	7	9	rs4938553	0.99999956300712	rs10892263	1	0.332789	0.110748518521
495	rs7124498	rs12226085	0	0	2.95415978441419e-13	1	8.22877560951044e-15	8	9	rs61150131	ENSG00000110367	eqtl_rs61150131_ENSG00000110367_B38.txt	rs61150131_ENSG00000110367_LD.unphased.vcor1	495	7	9	rs4938553	0.99999956300712	rs10892263	1	-0.252156	0.063582648336
495	rs11217066	rs12226085	0	0	1.0894662155226e-39	1	2.6738798329593e-17	2	9	rs61150131	ENSG00000110367	eqtl_rs61150131_ENSG00000110367_B38.txt	rs61150131_ENSG00000110367_LD.unphased.vcor1	495	7	9	rs4938553	0.99999956300712	rs10892263	1	-0.790579	0.625015155241
495	rs481903	rs12226085	0	0	9.35922340620869e-11	0.999999999883585	3.23917069106656e-11	4	9	rs61150131	ENSG00000110367	eqtl_rs61150131_ENSG00000110367_B38.txt	rs61150131_ENSG00000110367_LD.unphased.vcor1	495	7	9	rs4938553	0.99999956300712	rs10892263	1	0.266225	0.070875750625
495	rs77447078	rs10892263	0	0	6.53024211267187e-39	1	8.36766836480127e-41	1	10	rs61150131	ENSG00000110367	eqtl_rs61150131_ENSG00000110367_B38.txt	rs61150131_ENSG00000110367_LD.unphased.vcor1	495	7	9	rs4938553	0.99999956300712	rs10892263	1	-0.141291	0.019963146681
495	rs630923	rs10892263	0	0	4.58612055336846e-06	0.99999488565516	5.28212649084846e-07	3	10	rs61150131	ENSG00000110367	eqtl_rs61150131_ENSG00000110367_B38.txt	rs61150131_ENSG00000110367_LD.unphased.vcor1	495	7	9	rs4938553	0.99999956300712	rs10892263	1	-0.295333	0.087221580889
495	rs10892310	rs10892263	0	0	0.00541542357511996	0.994481121539641	0.000103454893539568	5	10	rs61150131	ENSG00000110367	eqtl_rs61150131_ENSG00000110367_B38.txt	rs61150131_ENSG00000110367_LD.unphased.vcor1	495	7	9	rs4938553	0.99999956300712	rs10892263	1	-0.160584	0.025787221056
495	rs4938553	rs10892263	0	0	4.60312571310937e-34	1	1.52340882583505e-31	7	10	rs61150131	ENSG00000110367	eqtl_rs61150131_ENSG00000110367_B38.txt	rs61150131_ENSG00000110367_LD.unphased.vcor1	495	7	9	rs4938553	0.99999956300712	rs10892263	1	-0.332789	0.110748518521
495	rs7124498	rs10892263	0	0	2.95415978441419e-13	1	8.76278978491904e-15	8	10	rs61150131	ENSG00000110367	eqtl_rs61150131_ENSG00000110367_B38.txt	rs61150131_ENSG00000110367_LD.unphased.vcor1	495	7	9	rs4938553	0.99999956300712	rs10892263	1	0.252156	0.063582648336
495	rs11217066	rs10892263	0	0	1.0894662155226e-39	1	3.894675242373e-17	2	10	rs61150131	ENSG00000110367	eqtl_rs61150131_ENSG00000110367_B38.txt	rs61150131_ENSG00000110367_LD.unphased.vcor1	495	7	9	rs4938553	0.99999956300712	rs10892263	1	0.790579	0.625015155241
495	rs481903	rs10892263	0	0	9.35922340620869e-11	0.999999999883585	2.93644593580264e-11	4	10	rs61150131	ENSG00000110367	eqtl_rs61150131_ENSG00000110367_B38.txt	rs61150131_ENSG00000110367_LD.unphased.vcor1	495	7	9	rs4938553	0.99999956300712	rs10892263	1	-0.266225	0.070875750625
512	rs77447078	rs6589685	0	0	4.02038865773291e-46	1	2.77908969334458e-41	1	1	rs61150131	ENSG00000160683	eqtl_rs61150131_ENSG00000160683_B38.txt	rs61150131_ENSG00000160683_LD.unphased.vcor1	512	9	10	rs630923	0.999999999926082	rs118009348	1	0.391279	0.153099255841
512	rs630923	rs6589685	0	0	7.41372583967107e-17	1	1.13764571154955e-18	3	1	rs61150131	ENSG00000160683	eqtl_rs61150131_ENSG00000160683_B38.txt	rs61150131_ENSG00000160683_LD.unphased.vcor1	512	9	10	rs630923	0.999999999926082	rs118009348	1	-0.168342	0.028339028964
512	rs10892310	rs6589685	0	0	8.26678391203483e-08	0.999999916773962	5.58971088146132e-10	6	1	rs61150131	ENSG00000160683	eqtl_rs61150131_ENSG00000160683_B38.txt	rs61150131_ENSG00000160683_LD.unphased.vcor1	512	9	10	rs630923	0.999999999926082	rs118009348	1	-0.0399301	0.00159441288601
512	rs4938553	rs6589685	0	0	3.65661385294234e-29	1	2.18127097409109e-31	7	1	rs61150131	ENSG00000160683	eqtl_rs61150131_ENSG00000160683_B38.txt	rs61150131_ENSG00000160683_LD.unphased.vcor1	512	9	10	rs630923	0.999999999926082	rs118009348	1	-0.0830104	0.00689072650816
512	rs497916	rs6589685	0	0	0.00338322619903118	0.996492563018135	0.000124210782988161	9	1	rs61150131	ENSG00000160683	eqtl_rs61150131_ENSG00000160683_B38.txt	rs61150131_ENSG00000160683_LD.unphased.vcor1	512	9	10	rs630923	0.999999999926082	rs118009348	1	-0.281733	0.079373483289
512	rs481903	rs6589685	0	0	8.69437570085005e-17	1	1.40806812258052e-16	4	1	rs61150131	ENSG00000160683	eqtl_rs61150131_ENSG00000160683_B38.txt	rs61150131_ENSG00000160683_LD.unphased.vcor1	512	9	10	rs630923	0.999999999926082	rs118009348	1	-0.352883	0.124526411689
512	rs11217038	rs6589685	0	0	5.79788737766004e-09	0.999957270468967	4.27237321217232e-05	5	1	rs61150131	ENSG00000160683	eqtl_rs61150131_ENSG00000160683_B38.txt	rs61150131_ENSG00000160683_LD.unphased.vcor1	512	9	10	rs630923	0.999999999926082	rs118009348	1	-0.702313	0.493243549969
512	rs7119038	rs6589685	0	0	8.92491904257471e-13	0.999999998162821	1.83714437577058e-09	2	1	rs61150131	ENSG00000160683	eqtl_rs61150131_ENSG00000160683_B38.txt	rs61150131_ENSG00000160683_LD.unphased.vcor1	512	9	10	rs630923	0.999999999926082	rs118009348	1	0.545942	0.298052667364
512	rs7124498	rs6589685	0	0	3.42251750842969e-08	0.999999957748515	8.02545901319367e-09	8	1	rs61150131	ENSG00000160683	eqtl_rs61150131_ENSG00000160683_B38.txt	rs61150131_ENSG00000160683_LD.unphased.vcor1	512	9	10	rs630923	0.999999999926082	rs118009348	1	0.360769	0.130154271361
512	rs77447078	rs75656086	1.82211807484866e-121	4.53219384981087e-76	4.02038865774605e-46	1	3.79902624345111e-26	1	2	rs61150131	ENSG00000160683	eqtl_rs61150131_ENSG00000160683_B38.txt	rs61150131_ENSG00000160683_LD.unphased.vcor1	512	9	10	rs630923	0.999999999926082	rs118009348	1	-0.706963	0.499796683369
512	rs630923	rs75656086	3.36004426548147e-92	4.53219384981113e-76	7.41372583968708e-17	1	2.51152693244749e-18	3	2	rs61150131	ENSG00000160683	eqtl_rs61150131_ENSG00000160683_B38.txt	rs61150131_ENSG00000160683_LD.unphased.vcor1	512	9	10	rs630923	0.999999999926082	rs118009348	1	-0.138399	0.019154283201
512	rs10892310	rs75656086	3.74666670645349e-83	4.53219345574709e-76	8.26678388129786e-08	0.999999913043698	4.28845475927468e-09	6	2	rs61150131	ENSG00000160683	eqtl_rs61150131_ENSG00000160683_B38.txt	rs61150131_ENSG00000160683_LD.unphased.vcor1	512	9	10	rs630923	0.999999999926082	rs118009348	1	-0.195324	0.038151464976
512	rs4938553	rs75656086	1.65724828154993e-104	4.532193849811e-76	3.65661385295565e-29	1	6.21954025469286e-29	7	2	rs61150131	ENSG00000160683	eqtl_rs61150131_ENSG00000160683_B38.txt	rs61150131_ENSG00000160683_LD.unphased.vcor1	512	9	10	rs630923	0.999999999926082	rs118009348	1	-0.232769	0.054181407361
512	rs497916	rs75656086	1.52956877746872e-78	4.50517997224878e-76	0.00337489707668285	0.994034376771021	0.00259072615230525	9	2	rs61150131	ENSG00000160683	eqtl_rs61150131_ENSG00000160683_B38.txt	rs61150131_ENSG00000160683_LD.unphased.vcor1	512	9	10	rs630923	0.999999999926082	rs118009348	1	0.429508	0.184477122064
512	rs481903	rs75656086	3.94045960794374e-92	4.53219384981113e-76	8.6943757008718e-17	1	6.52258131993353e-19	4	2	rs61150131	ENSG00000160683	eqtl_rs61150131_ENSG00000160683_B38.txt	rs61150131_ENSG00000160683_LD.unphased.vcor1	512	9	10	rs630923	0.999999999926082	rs118009348	1	0.147106	0.021640175236
512	rs11217038	rs75656086	2.62782699742722e-84	4.53219382335687e-76	5.79813459995055e-09	0.999999994162948	3.8904558326479e-11	5	2	rs61150131	ENSG00000160683	eqtl_rs61150131_ENSG00000160683_B38.txt	rs61150131_ENSG00000160683_LD.unphased.vcor1	512	9	10	rs630923	0.999999999926082	rs118009348	1	-0.084226	0.007094019076
512	rs7119038	rs75656086	4.04494632690357e-88	4.53219384980701e-76	8.92491905895033e-13	0.999999999999091	5.26822546886706e-15	2	2	rs61150131	ENSG00000160683	eqtl_rs61150131_ENSG00000160683_B38.txt	rs61150131_ENSG00000160683_LD.unphased.vcor1	512	9	10	rs630923	0.999999999926082	rs118009348	1	0.10628	0.0112954384
512	rs7124498	rs75656086	1.5511512919359e-83	4.53219369249605e-76	3.42251753419723e-08	0.999999965288482	4.86328817747294e-10	8	2	rs61150131	ENSG00000160683	eqtl_rs61150131_ENSG00000160683_B38.txt	rs61150131_ENSG00000160683_LD.unphased.vcor1	512	9	10	rs630923	0.999999999926082	rs118009348	1	-0.0858197	0.00736502090809
512	rs77447078	rs118009348	0	0	4.02038865775485e-46	1	2.72775232344942e-20	1	3	rs61150131	ENSG00000160683	eqtl_rs61150131_ENSG00000160683_B38.txt	rs61150131_ENSG00000160683_LD.unphased.vcor1	512	9	10	rs630923	0.999999999926082	rs118009348	1	0.726962	0.528473749444
512	rs630923	rs118009348	0	0	7.41372583969804e-17	1	7.46364928241799e-19	3	3	rs61150131	ENSG00000160683	eqtl_rs61150131_ENSG00000160683_B38.txt	rs61150131_ENSG00000160683_LD.unphased.vcor1	512	9	10	rs630923	0.999999999926082	rs118009348	1	0.160796	0.025855353616
512	rs10892310	rs118009348	0	0	8.26678391032059e-08	0.999999916559321	7.72125468907438e-10	6	3	rs61150131	ENSG00000160683	eqtl_rs61150131_ENSG00000160683_B38.txt	rs61150131_ENSG00000160683_LD.unphased.vcor1	512	9	10	rs630923	0.999999999926082	rs118009348	1	0.165492	0.027387602064
512	rs4938553	rs118009348	0	0	3.6566138529623e-29	1	1.81014786543731e-28	7	3	rs61150131	ENSG00000160683	eqtl_rs61150131_ENSG00000160683_B38.txt	rs61150131_ENSG00000160683_LD.unphased.vcor1	512	9	10	rs630923	0.999999999926082	rs118009348	1	0.337152	0.113671471104
512	rs497916	rs118009348	0	0	0.00338349257343738	0.996571178488999	4.53289378382666e-05	9	3	rs61150131	ENSG00000160683	eqtl_rs61150131_ENSG00000160683_B38.txt	rs61150131_ENSG00000160683_LD.unphased.vcor1	512	9	10	rs630923	0.999999999926082	rs118009348	1	-0.238598	0.056929005604
512	rs481903	rs118009348	0	0	8.69437570088168e-17	1	6.23831432118508e-18	4	3	rs61150131	ENSG00000160683	eqtl_rs61150131_ENSG00000160683_B38.txt	rs61150131_ENSG00000160683_LD.unphased.vcor1	512	9	10	rs630923	0.999999999926082	rs118009348	1	-0.210512	0.044315302144
512	rs11217038	rs118009348	0	0	5.79813459949193e-09	0.999999994082827	1.18656746803715e-10	5	3	rs61150131	ENSG00000160683	eqtl_rs61150131_ENSG00000160683_B38.txt	rs61150131_ENSG00000160683_LD.unphased.vcor1	512	9	10	rs630923	0.999999999926082	rs118009348	1	0.160133	0.025642577689
512	rs7119038	rs118009348	0	0	8.92491905895515e-13	0.999999999998181	2.37829483652213e-14	2	3	rs61150131	ENSG00000160683	eqtl_rs61150131_ENSG00000160683_B38.txt	rs61150131_ENSG00000160683_LD.unphased.vcor1	512	9	10	rs630923	0.999999999926082	rs118009348	1	-0.166837	0.027834584569
512	rs7124498	rs118009348	0	0	3.42251753476366e-08	0.999999965453754	3.20698699670653e-10	8	3	rs61150131	ENSG00000160683	eqtl_rs61150131_ENSG00000160683_B38.txt	rs61150131_ENSG00000160683_LD.unphased.vcor1	512	9	10	rs630923	0.999999999926082	rs118009348	1	0.168982	0.028554916324
512	rs77447078	rs12226068	0	0	4.02038865773291e-46	1	1.93150327934156e-48	1	4	rs61150131	ENSG00000160683	eqtl_rs61150131_ENSG00000160683_B38.txt	rs61150131_ENSG00000160683_LD.unphased.vcor1	512	9	10	rs630923	0.999999999926082	rs118009348	1	0.140604	0.019769484816
512	rs630923	rs12226068	0	0	7.41372583956318e-17	1	1.78945038572337e-15	3	4	rs61150131	ENSG00000160683	eqtl_rs61150131_ENSG00000160683_B38.txt	rs61150131_ENSG00000160683_LD.unphased.vcor1	512	9	10	rs630923	0.999999999926082	rs118009348	1	0.296288	0.087786578944
512	rs10892310	rs12226068	0	0	8.26678383086406e-08	0.999999906940506	1.03917661442247e-08	6	4	rs61150131	ENSG00000160683	eqtl_rs61150131_ENSG00000160683_B38.txt	rs61150131_ENSG00000160683_LD.unphased.vcor1	512	9	10	rs630923	0.999999999926082	rs118009348	1	0.161877	0.026204163129
512	rs4938553	rs12226068	0	0	3.65661385290244e-29	1	2.18523667448276e-25	7	4	rs61150131	ENSG00000160683	eqtl_rs61150131_ENSG00000160683_B38.txt	rs61150131_ENSG00000160683_LD.unphased.vcor1	512	9	10	rs630923	0.999999999926082	rs118009348	1	0.330612	0.109304294544
512	rs497916	rs12226068	0	0	0.00338353538313606	0.996583812989346	3.2651622002139e-05	9	4	rs61150131	ENSG00000160683	eqtl_rs61150131_ENSG00000160683_B38.txt	rs61150131_ENSG00000160683_LD.unphased.vcor1	512	9	10	rs630923	0.999999999926082	rs118009348	1	0.132512	0.017559430144
512	rs481903	rs12226068	0	0	8.69437570075516e-17	1	2.71043099650534e-15	4	4	rs61150131	ENSG00000160683	eqtl_rs61150131_ENSG00000160683_B38.txt	rs61150131_ENSG00000160683_LD.unphased.vcor1	512	9	10	rs630923	0.999999999926082	rs118009348	1	0.264604	0.070015276816
512	rs11217038	rs12226068	0	0	5.79790208107104e-09	0.999959811444519	4.01827503659966e-05	5	4	rs61150131	ENSG00000160683	eqtl_rs61150131_ENSG00000160683_B38.txt	rs61150131_ENSG00000160683_LD.unphased.vcor1	512	9	10	rs630923	0.999999999926082	rs118009348	1	0.890235	0.792518355225
512	rs7119038	rs12226068	0	0	8.92491904345136e-13	0.999999998268322	1.72874746145462e-09	2	4	rs61150131	ENSG00000160683	eqtl_rs61150131_ENSG00000160683_B38.txt	rs61150131_ENSG00000160683_LD.unphased.vcor1	512	9	10	rs630923	0.999999999926082	rs118009348	1	-0.708776	0.502363418176
512	rs7124498	rs12226068	0	0	3.42251753490062e-08	0.99999996549741	2.71051102411349e-10	8	4	rs61150131	ENSG00000160683	eqtl_rs61150131_ENSG00000160683_B38.txt	rs61150131_ENSG00000160683_LD.unphased.vcor1	512	9	10	rs630923	0.999999999926082	rs118009348	1	-0.250736	0.062868541696
512	rs77447078	rs12226085	0	0	4.02038865773291e-46	1	1.93317620253695e-48	1	5	rs61150131	ENSG00000160683	eqtl_rs61150131_ENSG00000160683_B38.txt	rs61150131_ENSG00000160683_LD.unphased.vcor1	512	9	10	rs630923	0.999999999926082	rs118009348	1	0.141291	0.019963146681
512	rs630923	rs12226085	0	0	7.41372583956318e-17	1	1.79033270258263e-15	3	5	rs61150131	ENSG00000160683	eqtl_rs61150131_ENSG00000160683_B38.txt	rs61150131_ENSG00000160683_LD.unphased.vcor1	512	9	10	rs630923	0.999999999926082	rs118009348	1	0.295333	0.087221580889
512	rs10892310	rs12226085	0	0	8.26678383086406e-08	0.999999906940506	1.03920952503445e-08	6	5	rs61150131	ENSG00000160683	eqtl_rs61150131_ENSG00000160683_B38.txt	rs61150131_ENSG00000160683_LD.unphased.vcor1	512	9	10	rs630923	0.999999999926082	rs118009348	1	0.160584	0.025787221056
512	rs4938553	rs12226085	0	0	3.65661385290244e-29	1	2.65459271171021e-25	7	5	rs61150131	ENSG00000160683	eqtl_rs61150131_ENSG00000160683_B38.txt	rs61150131_ENSG00000160683_LD.unphased.vcor1	512	9	10	rs630923	0.999999999926082	rs118009348	1	0.332789	0.110748518521
512	rs497916	rs12226085	0	0	0.00338353529529739	0.996583787059408	3.26776518429196e-05	9	5	rs61150131	ENSG00000160683	eqtl_rs61150131_ENSG00000160683_B38.txt	rs61150131_ENSG00000160683_LD.unphased.vcor1	512	9	10	rs630923	0.999999999926082	rs118009348	1	0.133902	0.017929745604
512	rs481903	rs12226085	0	0	8.69437570075516e-17	1	2.99702716964212e-15	4	5	rs61150131	ENSG00000160683	eqtl_rs61150131_ENSG00000160683_B38.txt	rs61150131_ENSG00000160683_LD.unphased.vcor1	512	9	10	rs630923	0.999999999926082	rs118009348	1	0.266225	0.070875750625
512	rs11217038	rs12226085	0	0	5.79790152430961e-09	0.999959715231127	4.02789642867141e-05	5	5	rs61150131	ENSG00000160683	eqtl_rs61150131_ENSG00000160683_B38.txt	rs61150131_ENSG00000160683_LD.unphased.vcor1	512	9	10	rs630923	0.999999999926082	rs118009348	1	0.892044	0.795742497936
512	rs7119038	rs12226085	0	0	8.92491904332149e-13	0.99999999825377	1.74787015414112e-09	2	5	rs61150131	ENSG00000160683	eqtl_rs61150131_ENSG00000160683_B38.txt	rs61150131_ENSG00000160683_LD.unphased.vcor1	512	9	10	rs630923	0.999999999926082	rs118009348	1	-0.71057	0.5049097249
512	rs7124498	rs12226085	0	0	3.42251753490062e-08	0.99999996549741	2.71138166105508e-10	8	5	rs61150131	ENSG00000160683	eqtl_rs61150131_ENSG00000160683_B38.txt	rs61150131_ENSG00000160683_LD.unphased.vcor1	512	9	10	rs630923	0.999999999926082	rs118009348	1	-0.252156	0.063582648336
512	rs77447078	rs11217009	0	0	4.02038865775485e-46	1	1.11122354446951e-47	1	6	rs61150131	ENSG00000160683	eqtl_rs61150131_ENSG00000160683_B38.txt	rs61150131_ENSG00000160683_LD.unphased.vcor1	512	9	10	rs630923	0.999999999926082	rs118009348	1	0.134085	0.017978787225
512	rs630923	rs11217009	0	0	7.41372583969804e-17	1	5.21937952238256e-17	3	6	rs61150131	ENSG00000160683	eqtl_rs61150131_ENSG00000160683_B38.txt	rs61150131_ENSG00000160683_LD.unphased.vcor1	512	9	10	rs630923	0.999999999926082	rs118009348	1	0.328467	0.107890570089
512	rs10892310	rs11217009	0	0	8.2667839067267e-08	0.999999916124583	1.20796079054233e-09	6	6	rs61150131	ENSG00000160683	eqtl_rs61150131_ENSG00000160683_B38.txt	rs61150131_ENSG00000160683_LD.unphased.vcor1	512	9	10	rs630923	0.999999999926082	rs118009348	1	0.176816	0.031263897856
512	rs4938553	rs11217009	0	0	3.6566138529623e-29	1	9.40275892829846e-27	7	6	rs61150131	ENSG00000160683	eqtl_rs61150131_ENSG00000160683_B38.txt	rs61150131_ENSG00000160683_LD.unphased.vcor1	512	9	10	rs630923	0.999999999926082	rs118009348	1	0.38414	0.1475635396
512	rs497916	rs11217009	0	0	0.00338351110206067	0.996576646869248	3.9842028763966e-05	9	6	rs61150131	ENSG00000160683	eqtl_rs61150131_ENSG00000160683_B38.txt	rs61150131_ENSG00000160683_LD.unphased.vcor1	512	9	10	rs630923	0.999999999926082	rs118009348	1	0.136568	0.018650818624
512	rs481903	rs11217009	0	0	8.69437570088168e-17	1	1.38363867667093e-17	4	6	rs61150131	ENSG00000160683	eqtl_rs61150131_ENSG00000160683_B38.txt	rs61150131_ENSG00000160683_LD.unphased.vcor1	512	9	10	rs630923	0.999999999926082	rs118009348	1	0.251224	0.063113498176
512	rs11217038	rs11217009	0	0	1.14581708879399e-09	0.19601024793886	0.803989750914657	5	6	rs61150131	ENSG00000160683	eqtl_rs61150131_ENSG00000160683_B38.txt	rs61150131_ENSG00000160683_LD.unphased.vcor1	512	9	10	rs630923	0.999999999926082	rs118009348	1	0.97757	0.9556431049
512	rs7119038	rs11217009	0	0	8.92169087478677e-13	0.9996375705511	0.000362429448676021	2	6	rs61150131	ENSG00000160683	eqtl_rs61150131_ENSG00000160683_B38.txt	rs61150131_ENSG00000160683_LD.unphased.vcor1	512	9	10	rs630923	0.999999999926082	rs118009348	1	-0.793178	0.629131339684
512	rs7124498	rs11217009	0	0	3.42251752884941e-08	0.999999963722076	2.0523412346263e-09	8	6	rs61150131	ENSG00000160683	eqtl_rs61150131_ENSG00000160683_B38.txt	rs61150131_ENSG00000160683_LD.unphased.vcor1	512	9	10	rs630923	0.999999999926082	rs118009348	1	-0.291064	0.084718252096
512	rs77447078	rs521125	0	0	4.02038865774571e-46	1	6.7367914682478e-47	1	7	rs61150131	ENSG00000160683	eqtl_rs61150131_ENSG00000160683_B38.txt	rs61150131_ENSG00000160683_LD.unphased.vcor1	512	9	10	rs630923	0.999999999926082	rs118009348	1	-0.270672	0.073263331584
512	rs630923	rs521125	0	0	7.41372583968624e-17	1	6.09933426030595e-17	3	7	rs61150131	ENSG00000160683	eqtl_rs61150131_ENSG00000160683_B38.txt	rs61150131_ENSG00000160683_LD.unphased.vcor1	512	9	10	rs630923	0.999999999926082	rs118009348	1	-0.179837	0.032341346569
512	rs10892310	rs521125	0	0	8.26678390261403e-08	0.999999915627544	1.70468901278354e-09	6	7	rs61150131	ENSG00000160683	eqtl_rs61150131_ENSG00000160683_B38.txt	rs61150131_ENSG00000160683_LD.unphased.vcor1	512	9	10	rs630923	0.999999999926082	rs118009348	1	-0.00811179	6.58011370041e-05
512	rs4938553	rs521125	0	0	3.65659995332547e-29	0.999996191152355	3.80884759130363e-06	7	7	rs61150131	ENSG00000160683	eqtl_rs61150131_ENSG00000160683_B38.txt	rs61150131_ENSG00000160683_LD.unphased.vcor1	512	9	10	rs630923	0.999999999926082	rs118009348	1	-0.758776	0.575741018176
512	rs497916	rs521125	0	0	0.00338341150344353	0.996547252181887	6.93363147279271e-05	9	7	rs61150131	ENSG00000160683	eqtl_rs61150131_ENSG00000160683_B38.txt	rs61150131_ENSG00000160683_LD.unphased.vcor1	512	9	10	rs630923	0.999999999926082	rs118009348	1	-0.0198277	0.00039313768729
512	rs481903	rs521125	0	0	8.6943757008718e-17	1	9.46852313820188e-17	4	7	rs61150131	ENSG00000160683	eqtl_rs61150131_ENSG00000160683_B38.txt	rs61150131_ENSG00000160683_LD.unphased.vcor1	512	9	10	rs630923	0.999999999926082	rs118009348	1	0.501784	0.251787182656
512	rs11217038	rs521125	0	0	5.79813459979119e-09	0.999999994135351	6.64605940809481e-11	5	7	rs61150131	ENSG00000160683	eqtl_rs61150131_ENSG00000160683_B38.txt	rs61150131_ENSG00000160683_LD.unphased.vcor1	512	9	10	rs630923	0.999999999926082	rs118009348	1	-0.334421	0.111837405241
512	rs7119038	rs521125	0	0	8.92491905894906e-13	0.999999999999091	5.89114999632116e-15	2	7	rs61150131	ENSG00000160683	eqtl_rs61150131_ENSG00000160683_B38.txt	rs61150131_ENSG00000160683_LD.unphased.vcor1	512	9	10	rs630923	0.999999999926082	rs118009348	1	0.199943	0.039977203249
512	rs7124498	rs521125	0	0	3.42251698856198e-08	0.999999805543913	1.60230972723894e-07	8	7	rs61150131	ENSG00000160683	eqtl_rs61150131_ENSG00000160683_B38.txt	rs61150131_ENSG00000160683_LD.unphased.vcor1	512	9	10	rs630923	0.999999999926082	rs118009348	1	0.69224	0.4791962176
512	rs77447078	rs35686912	0	0	4.02038865774571e-46	1	7.65585100034728e-42	1	8	rs61150131	ENSG00000160683	eqtl_rs61150131_ENSG00000160683_B38.txt	rs61150131_ENSG00000160683_LD.unphased.vcor1	512	9	10	rs630923	0.999999999926082	rs118009348	1	0.271251	0.073577105001
512	rs630923	rs35686912	0	0	7.41372583968624e-17	1	1.54849900354145e-18	3	8	rs61150131	ENSG00000160683	eqtl_rs61150131_ENSG00000160683_B38.txt	rs61150131_ENSG00000160683_LD.unphased.vcor1	512	9	10	rs630923	0.999999999926082	rs118009348	1	-0.0237369	0.00056344042161
512	rs10892310	rs35686912	0	0	8.2667838680454e-08	0.999999911437503	5.89475726984687e-09	6	8	rs61150131	ENSG00000160683	eqtl_rs61150131_ENSG00000160683_B38.txt	rs61150131_ENSG00000160683_LD.unphased.vcor1	512	9	10	rs630923	0.999999999926082	rs118009348	1	-0.0991186	0.00982449686596
512	rs4938553	rs35686912	0	0	3.65661385295565e-29	1	6.51697841702517e-25	7	8	rs61150131	ENSG00000160683	eqtl_rs61150131_ENSG00000160683_B38.txt	rs61150131_ENSG00000160683_LD.unphased.vcor1	512	9	10	rs630923	0.999999999926082	rs118009348	1	0.566632	0.321071823424
512	rs497916	rs35686912	0	0	0.0033834978323519	0.996572730560894	4.37716067755365e-05	9	8	rs61150131	ENSG00000160683	eqtl_rs61150131_ENSG00000160683_B38.txt	rs61150131_ENSG00000160683_LD.unphased.vcor1	512	9	10	rs630923	0.999999999926082	rs118009348	1	-0.0955232	0.00912468173824
512	rs481903	rs35686912	0	0	8.61263653696709e-17	0.990579775631769	0.00942022436820103	4	8	rs61150131	ENSG00000160683	eqtl_rs61150131_ENSG00000160683_B38.txt	rs61150131_ENSG00000160683_LD.unphased.vcor1	512	9	10	rs630923	0.999999999926082	rs118009348	1	-0.758909	0.575942870281
512	rs11217038	rs35686912	0	0	5.79813459982679e-09	0.99999999414149	6.04354265305577e-11	5	8	rs61150131	ENSG00000160683	eqtl_rs61150131_ENSG00000160683_B38.txt	rs61150131_ENSG00000160683_LD.unphased.vcor1	512	9	10	rs630923	0.999999999926082	rs118009348	1	-0.326812	0.106806083344
512	rs7119038	rs35686912	0	0	8.92491905894906e-13	0.999999999999091	1.09530275307723e-14	2	8	rs61150131	ENSG00000160683	eqtl_rs61150131_ENSG00000160683_B38.txt	rs61150131_ENSG00000160683_LD.unphased.vcor1	512	9	10	rs630923	0.999999999926082	rs118009348	1	0.323258	0.104495734564
512	rs7124498	rs35686912	0	0	3.42246554142361e-08	0.999984743462586	1.52223128624813e-05	8	8	rs61150131	ENSG00000160683	eqtl_rs61150131_ENSG00000160683_B38.txt	rs61150131_ENSG00000160683_LD.unphased.vcor1	512	9	10	rs630923	0.999999999926082	rs118009348	1	-0.465864	0.217029266496
512	rs77447078	rs11216999	1.41693316075256e-139	3.52436861551315e-94	4.02038865774628e-46	1	1.42066041299173e-48	1	10	rs61150131	ENSG00000160683	eqtl_rs61150131_ENSG00000160683_B38.txt	rs61150131_ENSG00000160683_LD.unphased.vcor1	512	9	10	rs630923	0.999999999926082	rs118009348	1	-0.0514525	0.00264735975625
512	rs630923	rs11216999	2.61287026734113e-110	3.52436861551315e-94	7.41372583968708e-17	1	2.53236474093901e-17	3	10	rs61150131	ENSG00000160683	eqtl_rs61150131_ENSG00000160683_B38.txt	rs61150131_ENSG00000160683_LD.unphased.vcor1	512	9	10	rs630923	0.999999999926082	rs118009348	1	-0.253217	0.064118849089
512	rs10892310	rs11216999	2.91351936443828e-101	3.52436830688876e-94	8.26678387616431e-08	0.999999912421462	4.91069117097275e-09	6	10	rs61150131	ENSG00000160683	eqtl_rs61150131_ENSG00000160683_B38.txt	rs61150131_ENSG00000160683_LD.unphased.vcor1	512	9	10	rs630923	0.999999999926082	rs118009348	1	-0.229754	0.052786900516
512	rs4938553	rs11216999	1.28872551024068e-122	3.52436861551295e-94	3.65661385295554e-29	1	3.70116498979065e-28	7	10	rs61150131	ENSG00000160683	eqtl_rs61150131_ENSG00000160683_B38.txt	rs61150131_ENSG00000160683_LD.unphased.vcor1	512	9	10	rs630923	0.999999999926082	rs118009348	1	-0.206561	0.042667446721
512	rs497916	rs11216999	1.19248548611977e-96	3.51233746948919e-94	0.0033835435966342	0.996586237041332	3.02193620377069e-05	9	10	rs61150131	ENSG00000160683	eqtl_rs61150131_ENSG00000160683_B38.txt	rs61150131_ENSG00000160683_LD.unphased.vcor1	512	9	10	rs630923	0.999999999926082	rs118009348	1	-0.122123	0.014914027129
512	rs481903	rs11216999	3.06421848516318e-110	3.52436861551315e-94	8.6943757008718e-17	1	5.18655430650771e-16	4	10	rs61150131	ENSG00000160683	eqtl_rs61150131_ENSG00000160683_B38.txt	rs61150131_ENSG00000160683_LD.unphased.vcor1	512	9	10	rs630923	0.999999999926082	rs118009348	1	-0.326615	0.106677358225
512	rs11217038	rs11216999	2.04336674592096e-102	3.5241795421779e-94	5.79782357874476e-09	0.99994624506701	5.3749135178257e-05	5	10	rs61150131	ENSG00000160683	eqtl_rs61150131_ENSG00000160683_B38.txt	rs61150131_ENSG00000160683_LD.unphased.vcor1	512	9	10	rs630923	0.999999999926082	rs118009348	1	-0.772112	0.596156940544
512	rs7119038	rs11216999	3.14547014907464e-106	3.52436826406549e-94	8.9249181689718e-13	0.999999900080814	9.99183075180751e-08	2	10	rs61150131	ENSG00000160683	eqtl_rs61150131_ENSG00000160683_B38.txt	rs61150131_ENSG00000160683_LD.unphased.vcor1	512	9	10	rs630923	0.999999999926082	rs118009348	1	0.745931	0.556413056761
512	rs7124498	rs11216999	1.20622133844544e-101	3.52436849343931e-94	3.42251753444878e-08	0.999999965362122	4.12709225233612e-10	8	10	rs61150131	ENSG00000160683	eqtl_rs61150131_ENSG00000160683_B38.txt	rs61150131_ENSG00000160683_LD.unphased.vcor1	512	9	10	rs630923	0.999999999926082	rs118009348	1	0.203464	0.041397599296
512	rs77447078	rs11574667	2.43553894552658e-74	6.05796890018068e-29	3.8835918639361e-46	0.965906048556429	0.034093951443584	1	9	rs61150131	ENSG00000160683	eqtl_rs61150131_ENSG00000160683_B38.txt	rs61150131_ENSG00000160683_LD.unphased.vcor1	512	9	10	rs630923	0.999999999926082	rs118009348	1	0.8675	0.75255625
512	rs630923	rs11574667	4.64941184517611e-45	6.2713565968235e-29	7.41372583968687e-17	1	5.65097001409663e-19	3	9	rs61150131	ENSG00000160683	eqtl_rs61150131_ENSG00000160683_B38.txt	rs61150131_ENSG00000160683_LD.unphased.vcor1	512	9	10	rs630923	0.999999999926082	rs118009348	1	0.163498	0.026731596004
512	rs10892310	rs11574667	5.18439498111503e-36	6.27135607363894e-29	8.26678391042373e-08	0.99999991657403	7.58134214506271e-10	6	9	rs61150131	ENSG00000160683	eqtl_rs61150131_ENSG00000160683_B38.txt	rs61150131_ENSG00000160683_LD.unphased.vcor1	512	9	10	rs630923	0.999999999926082	rs118009348	1	0.201607	0.040645382449
512	rs4938553	rs11574667	2.29319294087699e-57	6.27135659682359e-29	3.6566138529557e-29	1	4.12382974214558e-26	7	9	rs61150131	ENSG00000160683	eqtl_rs61150131_ENSG00000160683_B38.txt	rs61150131_ENSG00000160683_LD.unphased.vcor1	512	9	10	rs630923	0.999999999926082	rs118009348	1	0.27389	0.0750157321
512	rs497916	rs11574667	2.12188023308678e-31	6.24976952356007e-29	0.00338344694696764	0.996557712681782	5.88403712559421e-05	9	9	rs61150131	ENSG00000160683	eqtl_rs61150131_ENSG00000160683_B38.txt	rs61150131_ENSG00000160683_LD.unphased.vcor1	512	9	10	rs630923	0.999999999926082	rs118009348	1	-0.337478	0.113891400484
512	rs481903	rs11574667	5.45255304069227e-45	6.27135659682341e-29	8.69437570087155e-17	1	1.37674129814924e-17	4	9	rs61150131	ENSG00000160683	eqtl_rs61150131_ENSG00000160683_B38.txt	rs61150131_ENSG00000160683_LD.unphased.vcor1	512	9	10	rs630923	0.999999999926082	rs118009348	1	-0.201674	0.040672402276
512	rs11217038	rs11574667	3.63621696708149e-37	6.27135655989795e-29	5.79813459965466e-09	0.99999999411186	9.00089068445229e-11	5	9	rs61150131	ENSG00000160683	eqtl_rs61150131_ENSG00000160683_B38.txt	rs61150131_ENSG00000160683_LD.unphased.vcor1	512	9	10	rs630923	0.999999999926082	rs118009348	1	0.0857077	0.00734580983929
512	rs7119038	rs11574667	5.59713500164624e-41	6.27135659681771e-29	8.92491905895008e-13	0.999999999999091	1.61778749740149e-14	2	9	rs61150131	ENSG00000160683	eqtl_rs61150131_ENSG00000160683_B38.txt	rs61150131_ENSG00000160683_LD.unphased.vcor1	512	9	10	rs630923	0.999999999926082	rs118009348	1	-0.106376	0.011315853376
512	rs7124498	rs11574667	2.14638279211923e-36	6.27135638070756e-29	3.42251753505198e-08	0.999999965538735	2.36088975155251e-10	8	9	rs61150131	ENSG00000160683	eqtl_rs61150131_ENSG00000160683_B38.txt	rs61150131_ENSG00000160683_LD.unphased.vcor1	512	9	10	rs630923	0.999999999926082	rs118009348	1	0.0873317	0.00762682582489
125	rs67744888	rs11881617	0	0	0.0168524744106223	0.982936229589188	0.000211295910597363	1	1	rs7252748	ENSG00000256612	eqtl_rs7252748_ENSG00000256612_B38.txt	rs7252748_ENSG00000256612_LD.unphased.vcor1	125	1	4	rs67744888	0.0654434463838355	rs11878405	1	-0.0691654	0.00478385255716
125	rs67744888	rs9789267	4.6692792819304e-08	2.72340169962853e-06	0.0168503628420239	0.982812824801107	0.000334042262375337	1	3	rs7252748	ENSG00000256612	eqtl_rs7252748_ENSG00000256612_B38.txt	rs7252748_ENSG00000256612_LD.unphased.vcor1	125	1	4	rs67744888	0.0654434463838355	rs11878405	1	-0.00752903	5.66862927409e-05
125	rs67744888	rs11878405	0	0	0.0168523356901415	0.98292812211063	0.000219542219731827	1	4	rs7252748	ENSG00000256612	eqtl_rs7252748_ENSG00000256612_B38.txt	rs7252748_ENSG00000256612_LD.unphased.vcor1	125	1	4	rs67744888	0.0654434463838355	rs11878405	1	0.0691654	0.00478385255716
125	rs67744888	rs55849132	3.44427909533528e-11	2.00890865074858e-09	0.0168528797260441	0.982959918147784	0.0001872000828203	1	2	rs7252748	ENSG00000256612	eqtl_rs7252748_ENSG00000256612_B38.txt	rs7252748_ENSG00000256612_LD.unphased.vcor1	125	1	4	rs67744888	0.0654434463838355	rs11878405	1	-0.056321	0.003172055041
69	rs17540668	rs76827948	0.00207479565606871	0.00202003971082012	0.500478626255337	0.487254146889479	0.00817239148829578	2	1	rs146788138	ENSG00000145358	eqtl_rs146788138_ENSG00000145358_B38.txt	rs146788138_ENSG00000145358_LD.unphased.vcor1	69	1	1	rs17540668	0.158613296094182	rs76827948	0.226547371270679	0.137919	0.019021650561
1288	rs9799792	rs4690196	0	0	0	1	0	2	1	rs111344337	ENSG00000145214	eqtl_rs111344337_ENSG00000145214_B38.txt	rs111344337_ENSG00000145214_LD.unphased.vcor1	1288	5	7	rs111344337	1	rs11724804	1	-0.785875	0.617599515625
1288	rs111344337	rs4690196	0	0	0	1	0	3	1	rs111344337	ENSG00000145214	eqtl_rs111344337_ENSG00000145214_B38.txt	rs111344337_ENSG00000145214_LD.unphased.vcor1	1288	5	7	rs111344337	1	rs11724804	1	0.768455	0.590523087025
1288	rs4583705	rs4690196	0	0	0	1	0	5	1	rs111344337	ENSG00000145214	eqtl_rs111344337_ENSG00000145214_B38.txt	rs111344337_ENSG00000145214_LD.unphased.vcor1	1288	5	7	rs111344337	1	rs11724804	1	-0.253222	0.064121381284
1288	rs4690220	rs4690196	0	0	0	1	1.46947771116963e-53	6	1	rs111344337	ENSG00000145214	eqtl_rs111344337_ENSG00000145214_B38.txt	rs111344337_ENSG00000145214_LD.unphased.vcor1	1288	5	7	rs111344337	1	rs11724804	1	-0.962797	0.926978063209
1288	rs3733349	rs4690196	0	0	0	0.00895730152555365	0.991042698488596	1	1	rs111344337	ENSG00000145214	eqtl_rs111344337_ENSG00000145214_B38.txt	rs111344337_ENSG00000145214_LD.unphased.vcor1	1288	5	7	rs111344337	1	rs11724804	1	0.997959	0.995922165681
1288	rs9799792	rs9799792	0	0	0	0	1	2	2	rs111344337	ENSG00000145214	eqtl_rs111344337_ENSG00000145214_B38.txt	rs111344337_ENSG00000145214_LD.unphased.vcor1	1288	5	7	rs111344337	1	rs11724804	1	1	1
1288	rs111344337	rs9799792	0	0	0	1	7.1200256315211e-53	3	2	rs111344337	ENSG00000145214	eqtl_rs111344337_ENSG00000145214_B38.txt	rs111344337_ENSG00000145214_LD.unphased.vcor1	1288	5	7	rs111344337	1	rs11724804	1	-0.971836	0.944465210896
1288	rs4583705	rs9799792	0	0	0	1	0	5	2	rs111344337	ENSG00000145214	eqtl_rs111344337_ENSG00000145214_B38.txt	rs111344337_ENSG00000145214_LD.unphased.vcor1	1288	5	7	rs111344337	1	rs11724804	1	-0.367931	0.135373220761
1288	rs4690220	rs9799792	0	0	0	1	1.11253692925501e-308	6	2	rs111344337	ENSG00000145214	eqtl_rs111344337_ENSG00000145214_B38.txt	rs111344337_ENSG00000145214_LD.unphased.vcor1	1288	5	7	rs111344337	1	rs11724804	1	0.774842	0.600380124964
1288	rs3733349	rs9799792	0	0	0	1	0	1	2	rs111344337	ENSG00000145214	eqtl_rs111344337_ENSG00000145214_B38.txt	rs111344337_ENSG00000145214_LD.unphased.vcor1	1288	5	7	rs111344337	1	rs11724804	1	-0.785432	0.616903426624
1288	rs9799792	rs3822030	0	0	0	1	0	2	3	rs111344337	ENSG00000145214	eqtl_rs111344337_ENSG00000145214_B38.txt	rs111344337_ENSG00000145214_LD.unphased.vcor1	1288	5	7	rs111344337	1	rs11724804	1	-0.936426	0.876893653476
1288	rs111344337	rs3822030	0	0	0	1	2.03565517577396e-183	3	3	rs111344337	ENSG00000145214	eqtl_rs111344337_ENSG00000145214_B38.txt	rs111344337_ENSG00000145214_LD.unphased.vcor1	1288	5	7	rs111344337	1	rs11724804	1	0.91606	0.8391659236
1288	rs4583705	rs3822030	0	0	0	1	0	5	3	rs111344337	ENSG00000145214	eqtl_rs111344337_ENSG00000145214_B38.txt	rs111344337_ENSG00000145214_LD.unphased.vcor1	1288	5	7	rs111344337	1	rs11724804	1	0.331319	0.109772279761
1288	rs4690220	rs3822030	0	0	0	1	0	6	3	rs111344337	ENSG00000145214	eqtl_rs111344337_ENSG00000145214_B38.txt	rs111344337_ENSG00000145214_LD.unphased.vcor1	1288	5	7	rs111344337	1	rs11724804	1	-0.772187	0.596272762969
1288	rs3733349	rs3822030	0	0	0	1	0	1	3	rs111344337	ENSG00000145214	eqtl_rs111344337_ENSG00000145214_B38.txt	rs111344337_ENSG00000145214_LD.unphased.vcor1	1288	5	7	rs111344337	1	rs11724804	1	0.757181	0.573323066761
1288	rs9799792	rs4690220	0	0	0	1	0	2	5	rs111344337	ENSG00000145214	eqtl_rs111344337_ENSG00000145214_B38.txt	rs111344337_ENSG00000145214_LD.unphased.vcor1	1288	5	7	rs111344337	1	rs11724804	1	0.774842	0.600380124964
1288	rs111344337	rs4690220	0	0	0	1	0	3	5	rs111344337	ENSG00000145214	eqtl_rs111344337_ENSG00000145214_B38.txt	rs111344337_ENSG00000145214_LD.unphased.vcor1	1288	5	7	rs111344337	1	rs11724804	1	-0.749552	0.561828200704
1288	rs4583705	rs4690220	0	0	0	1	0	5	5	rs111344337	ENSG00000145214	eqtl_rs111344337_ENSG00000145214_B38.txt	rs111344337_ENSG00000145214_LD.unphased.vcor1	1288	5	7	rs111344337	1	rs11724804	1	0.261013	0.068127786169
1288	rs4690220	rs4690220	0	0	0	2.9103830457138e-14	1	6	5	rs111344337	ENSG00000145214	eqtl_rs111344337_ENSG00000145214_B38.txt	rs111344337_ENSG00000145214_LD.unphased.vcor1	1288	5	7	rs111344337	1	rs11724804	1	1	1
1288	rs3733349	rs4690220	0	0	0	1	2.02612496494892e-94	1	5	rs111344337	ENSG00000145214	eqtl_rs111344337_ENSG00000145214_B38.txt	rs111344337_ENSG00000145214_LD.unphased.vcor1	1288	5	7	rs111344337	1	rs11724804	1	-0.960853	0.923238487609
1288	rs9799792	rs17855876	0	0	0	1	0	2	6	rs111344337	ENSG00000145214	eqtl_rs111344337_ENSG00000145214_B38.txt	rs111344337_ENSG00000145214_LD.unphased.vcor1	1288	5	7	rs111344337	1	rs11724804	1	-0.362318	0.131274333124
1288	rs111344337	rs17855876	0	0	0	1	0	3	6	rs111344337	ENSG00000145214	eqtl_rs111344337_ENSG00000145214_B38.txt	rs111344337_ENSG00000145214_LD.unphased.vcor1	1288	5	7	rs111344337	1	rs11724804	1	0.370743	0.137450372049
1288	rs4583705	rs17855876	0	0	0	1	1.54981003083793e-99	5	6	rs111344337	ENSG00000145214	eqtl_rs111344337_ENSG00000145214_B38.txt	rs111344337_ENSG00000145214_LD.unphased.vcor1	1288	5	7	rs111344337	1	rs11724804	1	0.973248	0.947211669504
1288	rs4690220	rs17855876	0	0	0	1	0	6	6	rs111344337	ENSG00000145214	eqtl_rs111344337_ENSG00000145214_B38.txt	rs111344337_ENSG00000145214_LD.unphased.vcor1	1288	5	7	rs111344337	1	rs11724804	1	0.249218	0.062109611524
1288	rs3733349	rs17855876	0	0	0	1	0	1	6	rs111344337	ENSG00000145214	eqtl_rs111344337_ENSG00000145214_B38.txt	rs111344337_ENSG00000145214_LD.unphased.vcor1	1288	5	7	rs111344337	1	rs11724804	1	-0.245413	0.060227540569
1288	rs9799792	rs11724804	0	0	0	1	0	2	8	rs111344337	ENSG00000145214	eqtl_rs111344337_ENSG00000145214_B38.txt	rs111344337_ENSG00000145214_LD.unphased.vcor1	1288	5	7	rs111344337	1	rs11724804	1	-0.774872	0.600426616384
1288	rs111344337	rs11724804	0	0	0	1	0	3	8	rs111344337	ENSG00000145214	eqtl_rs111344337_ENSG00000145214_B38.txt	rs111344337_ENSG00000145214_LD.unphased.vcor1	1288	5	7	rs111344337	1	rs11724804	1	0.757257	0.573438164049
1288	rs4583705	rs11724804	0	0	0	1	0	5	8	rs111344337	ENSG00000145214	eqtl_rs111344337_ENSG00000145214_B38.txt	rs111344337_ENSG00000145214_LD.unphased.vcor1	1288	5	7	rs111344337	1	rs11724804	1	-0.251762	0.063384104644
1288	rs4690220	rs11724804	0	0	0	1	4.45670894990871e-53	6	8	rs111344337	ENSG00000145214	eqtl_rs111344337_ENSG00000145214_B38.txt	rs111344337_ENSG00000145214_LD.unphased.vcor1	1288	5	7	rs111344337	1	rs11724804	1	-0.950121	0.902729914641
1288	rs3733349	rs11724804	0	0	0	1	4.10913815199608e-24	1	8	rs111344337	ENSG00000145214	eqtl_rs111344337_ENSG00000145214_B38.txt	rs111344337_ENSG00000145214_LD.unphased.vcor1	1288	5	7	rs111344337	1	rs11724804	1	0.977399	0.955308805201
1288	rs9799792	rs4690219	0	0	0	1	1.65395874690954e-295	2	10	rs111344337	ENSG00000145214	eqtl_rs111344337_ENSG00000145214_B38.txt	rs111344337_ENSG00000145214_LD.unphased.vcor1	1288	5	7	rs111344337	1	rs11724804	1	-0.798488	0.637583086144
1288	rs111344337	rs4690219	0	0	0	1	1.90505617303983e-236	3	10	rs111344337	ENSG00000145214	eqtl_rs111344337_ENSG00000145214_B38.txt	rs111344337_ENSG00000145214_LD.unphased.vcor1	1288	5	7	rs111344337	1	rs11724804	1	0.78346	0.6138095716
1288	rs4583705	rs4690219	0	0	0	1	0	5	10	rs111344337	ENSG00000145214	eqtl_rs111344337_ENSG00000145214_B38.txt	rs111344337_ENSG00000145214_LD.unphased.vcor1	1288	5	7	rs111344337	1	rs11724804	1	0.321121	0.103118696641
1288	rs4690220	rs4690219	0	0	0	1	0	6	10	rs111344337	ENSG00000145214	eqtl_rs111344337_ENSG00000145214_B38.txt	rs111344337_ENSG00000145214_LD.unphased.vcor1	1288	5	7	rs111344337	1	rs11724804	1	-0.627712	0.394022354944
1288	rs3733349	rs4690219	0	0	0	1	0	1	10	rs111344337	ENSG00000145214	eqtl_rs111344337_ENSG00000145214_B38.txt	rs111344337_ENSG00000145214_LD.unphased.vcor1	1288	5	7	rs111344337	1	rs11724804	1	0.622795	0.387873612025
										rs591549	ENSG00000170579	eqtl_rs591549_ENSG00000170579_B38.txt	rs591549_ENSG00000170579_LD.unphased.vcor1	15	2	0	rs591549	0.999997526684897	rs663820	0.634798601500737		
70	rs7034611	rs7034611	0.00184430869153784	0.000917478890429641	0.0118179536706603	0.00391600897222949	0.981504249775143	1	3	rs76201203	ENSG00000080503	eqtl_rs76201203_ENSG00000080503_B38.txt	rs76201203_ENSG00000080503_LD.unphased.vcor1	70	2	4	rs7859374	0.748417160294921	rs7035608	0.719661393248535	1	1
70	rs7862617	rs7034611	0.119640980195803	0.0136009465810972	0.766634982285651	0.0871260957384133	0.0129969951990349	2	3	rs76201203	ENSG00000080503	eqtl_rs76201203_ENSG00000080503_B38.txt	rs76201203_ENSG00000080503_LD.unphased.vcor1	70	2	4	rs7859374	0.748417160294921	rs7035608	0.719661393248535	-0.0833414	0.00694578895396
70	rs7034611	rs10964527	1.57324086155815e-20	7.82632151908027e-21	0.662125709493884	0.329367304422412	0.00850698608370721	1	2	rs76201203	ENSG00000080503	eqtl_rs76201203_ENSG00000080503_B38.txt	rs76201203_ENSG00000080503_LD.unphased.vcor1	70	2	4	rs7859374	0.748417160294921	rs7035608	0.719661393248535	-0.280901	0.078905371801
70	rs7862617	rs10964527	2.10600564387204e-20	2.39413537191979e-21	0.886349010644076	0.10073550956311	0.0129154797928113	2	2	rs76201203	ENSG00000080503	eqtl_rs76201203_ENSG00000080503_B38.txt	rs76201203_ENSG00000080503_LD.unphased.vcor1	70	2	4	rs7859374	0.748417160294921	rs7035608	0.719661393248535	0.255877	0.065473039129
70	rs7034611	rs7852483	9.12302531071554e-11	4.53838512925813e-11	0.659574343792063	0.328090432993286	0.0123352230780361	1	1	rs76201203	ENSG00000080503	eqtl_rs76201203_ENSG00000080503_B38.txt	rs76201203_ENSG00000080503_LD.unphased.vcor1	70	2	4	rs7859374	0.748417160294921	rs7035608	0.719661393248535	0.0808852	0.00654241557904
70	rs7862617	rs7852483	2.63983271731963e-11	3.00099712594603e-12	0.19085400653244	0.0201184836026962	0.789027509835465	2	1	rs76201203	ENSG00000080503	eqtl_rs76201203_ENSG00000080503_B38.txt	rs76201203_ENSG00000080503_LD.unphased.vcor1	70	2	4	rs7859374	0.748417160294921	rs7035608	0.719661393248535	-0.975315	0.951239349225
70	rs7034611	rs7035608	0.0216502653097941	0.0107702476733297	0.630818423552118	0.313764047616257	0.0229970158485012	1	4	rs76201203	ENSG00000080503	eqtl_rs76201203_ENSG00000080503_B38.txt	rs76201203_ENSG00000080503_LD.unphased.vcor1	70	2	4	rs7859374	0.748417160294921	rs7035608	0.719661393248535	0.103419	0.010695489561
70	rs7862617	rs7035608	0.0280860348711453	0.00319285799340752	0.818335848902084	0.092914571994084	0.0574706862392797	2	4	rs76201203	ENSG00000080503	eqtl_rs76201203_ENSG00000080503_B38.txt	rs76201203_ENSG00000080503_LD.unphased.vcor1	70	2	4	rs7859374	0.748417160294921	rs7035608	0.719661393248535	-0.00907366	8.23313057956e-05
416	rs12319783	rs2102476	0	0	2.1980126227375e-07	0.999999763444094	1.64282265867212e-08	1	1	rs12319783	ENSG00000120860	eqtl_rs12319783_ENSG00000120860_B38.txt	rs12319783_ENSG00000120860_LD.unphased.vcor1	416	4	2	rs12319783	0.999990756000295	rs2102476	1	0.142751	0.020377848001
416	rs2041149	rs2102476	0	0	0.400058834020191	0.595322826133855	0.00461833998098743	4	1	rs12319783	ENSG00000120860	eqtl_rs12319783_ENSG00000120860_B38.txt	rs12319783_ENSG00000120860_LD.unphased.vcor1	416	4	2	rs12319783	0.999990756000295	rs2102476	1	-0.160962	0.025908765444
416	rs11111091	rs2102476	0	0	3.55065592920758e-05	0.999961443988713	3.05028613604996e-06	3	1	rs12319783	ENSG00000120860	eqtl_rs12319783_ENSG00000120860_B38.txt	rs12319783_ENSG00000120860_LD.unphased.vcor1	416	4	2	rs12319783	0.999990756000295	rs2102476	1	0.165293	0.027321775849
416	rs75423089	rs2102476	0	0	0.0278911537996885	0.970740788399024	0.00136805818271282	2	1	rs12319783	ENSG00000120860	eqtl_rs12319783_ENSG00000120860_B38.txt	rs12319783_ENSG00000120860_LD.unphased.vcor1	416	4	2	rs12319783	0.999990756000295	rs2102476	1	0.624757	0.390321309049
416	rs12319783	rs7959191	0	0	2.1980126227375e-07	0.999999763444094	1.69748422479651e-08	1	2	rs12319783	ENSG00000120860	eqtl_rs12319783_ENSG00000120860_B38.txt	rs12319783_ENSG00000120860_LD.unphased.vcor1	416	4	2	rs12319783	0.999990756000295	rs2102476	1	-0.142751	0.020377848001
416	rs2041149	rs7959191	0	0	0.400046736406366	0.595304763940151	0.00464850024932076	4	2	rs12319783	ENSG00000120860	eqtl_rs12319783_ENSG00000120860_B38.txt	rs12319783_ENSG00000120860_LD.unphased.vcor1	416	4	2	rs12319783	0.999990756000295	rs2102476	1	0.160962	0.025908765444
416	rs11111091	rs7959191	0	0	3.55065556545893e-05	0.999961341547185	3.15132543167978e-06	3	2	rs12319783	ENSG00000120860	eqtl_rs12319783_ENSG00000120860_B38.txt	rs12319783_ENSG00000120860_LD.unphased.vcor1	416	4	2	rs12319783	0.999990756000295	rs2102476	1	-0.165293	0.027321775849
416	rs75423089	rs7959191	0	0	0.027892138138762	0.970775118458801	0.00133274397591523	2	2	rs12319783	ENSG00000120860	eqtl_rs12319783_ENSG00000120860_B38.txt	rs12319783_ENSG00000120860_LD.unphased.vcor1	416	4	2	rs12319783	0.999990756000295	rs2102476	1	-0.624757	0.390321309049
188	rs6942325	rs9503071	0	0.00370583538365292	0	0.996286533538605	7.63107769056078e-06	1	1	rs6942325	ENSG00000112679	eqtl_rs6942325_ENSG00000112679_B38.txt	rs6942325_ENSG00000112679_LD.unphased.vcor1	188	6	10	rs6942325	0.999999999999996	rs73358086	1	0.157268	0.024733223824
188	rs4959157	rs9503071	0.000199043452071789	0.00350483968849183	0.0535113661013575	0.942249265553145	0.000535485204933633	5	1	rs6942325	ENSG00000112679	eqtl_rs6942325_ENSG00000112679_B38.txt	rs6942325_ENSG00000112679_LD.unphased.vcor1	188	6	10	rs6942325	0.999999999999996	rs73358086	1	-0.2203	0.04853209
188	rs17133722	rs9503071	1.26955180961322e-27	0.00370572563339889	3.41309653554198e-25	0.996256968641965	3.7305724637129e-05	4	1	rs6942325	ENSG00000112679	eqtl_rs6942325_ENSG00000112679_B38.txt	rs6942325_ENSG00000112679_LD.unphased.vcor1	188	6	10	rs6942325	0.999999999999996	rs73358086	1	-0.14766	0.0218034756
188	rs75148055	rs9503071	0	0.00370583260553618	0	0.996285785160051	8.38223445005827e-06	3	1	rs6942325	ENSG00000112679	eqtl_rs6942325_ENSG00000112679_B38.txt	rs6942325_ENSG00000112679_LD.unphased.vcor1	188	6	10	rs6942325	0.999999999999996	rs73358086	1	0.153365	0.023520823225
188	rs75607457	rs9503071	1.13005210778166e-07	0.00370571637099102	3.03806186155297e-05	0.996254534612485	9.25539269702653e-06	7	1	rs6942325	ENSG00000112679	eqtl_rs6942325_ENSG00000112679_B38.txt	rs6942325_ENSG00000112679_LD.unphased.vcor1	188	6	10	rs6942325	0.999999999999996	rs73358086	1	0.0902801	0.00815049645601
188	rs78262903	rs9503071	0.00177702352364034	0.00188763768225986	0.477739686256777	0.507455207219318	0.011140445318005	2	1	rs6942325	ENSG00000112679	eqtl_rs6942325_ENSG00000112679_B38.txt	rs6942325_ENSG00000112679_LD.unphased.vcor1	188	6	10	rs6942325	0.999999999999996	rs73358086	1	0.0299868	0.00089920817424
188	rs6942325	rs1849044	0	2.73635663153179e-08	0	0.999999972151841	4.84581684188665e-10	1	2	rs6942325	ENSG00000112679	eqtl_rs6942325_ENSG00000112679_B38.txt	rs6942325_ENSG00000112679_LD.unphased.vcor1	188	6	10	rs6942325	0.999999999999996	rs73358086	1	-0.0957821	0.00917421068041
188	rs4959157	rs1849044	1.46972385348178e-09	2.58795074100113e-08	0.0537109744986532	0.945764074153958	0.00052492399815902	5	2	rs6942325	ENSG00000112679	eqtl_rs6942325_ENSG00000112679_B38.txt	rs6942325_ENSG00000112679_LD.unphased.vcor1	188	6	10	rs6942325	0.999999999999996	rs73358086	1	-0.0141635	0.00020060473225
188	rs17133722	rs1849044	9.37453774372255e-33	2.73635660672735e-08	3.42591947798161e-25	0.999999963069016	9.56741173338582e-09	4	2	rs6942325	ENSG00000112679	eqtl_rs6942325_ENSG00000112679_B38.txt	rs6942325_ENSG00000112679_LD.unphased.vcor1	188	6	10	rs6942325	0.999999999999996	rs73358086	1	0.0650593	0.00423271251649
188	rs75148055	rs1849044	0	2.7363566320818e-08	0	0.999999972353294	2.8311183597746e-10	3	2	rs6942325	ENSG00000112679	eqtl_rs6942325_ENSG00000112679_B38.txt	rs6942325_ENSG00000112679_LD.unphased.vcor1	188	6	10	rs6942325	0.999999999999996	rs73358086	1	-0.0896022	0.00802855424484
188	rs75607457	rs1849044	8.34421775979041e-13	2.73627243758426e-08	3.04938962680357e-05	0.999969202971212	2.75768961653802e-07	7	2	rs6942325	ENSG00000112679	eqtl_rs6942325_ENSG00000112679_B38.txt	rs6942325_ENSG00000112679_LD.unphased.vcor1	188	6	10	rs6942325	0.999999999999996	rs73358086	1	-0.0288809	0.00083410638481
188	rs78262903	rs1849044	1.31955488795611e-08	1.40169305424472e-08	0.482230582083031	0.512236863105755	0.00553252759873437	2	2	rs6942325	ENSG00000112679	eqtl_rs6942325_ENSG00000112679_B38.txt	rs6942325_ENSG00000112679_LD.unphased.vcor1	188	6	10	rs6942325	0.999999999999996	rs73358086	1	0.00387029	1.49791446841e-05
188	rs6942325	rs73358086	0	8.36234481212031e-93	0	1	1.05443201421236e-43	1	3	rs6942325	ENSG00000112679	eqtl_rs6942325_ENSG00000112679_B38.txt	rs6942325_ENSG00000112679_LD.unphased.vcor1	188	6	10	rs6942325	0.999999999999996	rs73358086	1	0.665135	0.442404568225
188	rs4959157	rs73358086	4.47956603127187e-94	7.88780572794683e-93	0.0535683009002344	0.94324649768194	0.00318520141783209	5	3	rs6942325	ENSG00000112679	eqtl_rs6942325_ENSG00000112679_B38.txt	rs6942325_ENSG00000112679_LD.unphased.vcor1	188	6	10	rs6942325	0.999999999999996	rs73358086	1	-0.156647	0.024538282609
188	rs17133722	rs73358086	2.86487210309201e-117	8.36234481212054e-93	3.42591960443871e-25	1	1.09172696835316e-14	4	3	rs6942325	ENSG00000112679	eqtl_rs6942325_ENSG00000112679_B38.txt	rs6942325_ENSG00000112679_LD.unphased.vcor1	188	6	10	rs6942325	0.999999999999996	rs73358086	1	-0.7714	0.59505796
188	rs75148055	rs73358086	0	8.36234481212126e-93	0	1	3.08535896082568e-45	3	3	rs6942325	ENSG00000112679	eqtl_rs6942325_ENSG00000112679_B38.txt	rs6942325_ENSG00000112679_LD.unphased.vcor1	188	6	10	rs6942325	0.999999999999996	rs73358086	1	0.636087	0.404606671569
188	rs75607457	rs73358086	2.49306328830675e-97	8.17536233752164e-93	2.98129692606463e-05	0.97759519685271	0.0223749901780229	7	3	rs6942325	ENSG00000112679	eqtl_rs6942325_ENSG00000112679_B38.txt	rs6942325_ENSG00000112679_LD.unphased.vcor1	188	6	10	rs6942325	0.999999999999996	rs73358086	1	0.592706	0.351300402436
188	rs78262903	rs73358086	3.99152860476545e-93	4.2399887812055e-93	0.477321695582327	0.507002126466928	0.0156761779507587	2	3	rs6942325	ENSG00000112679	eqtl_rs6942325_ENSG00000112679_B38.txt	rs6942325_ENSG00000112679_LD.unphased.vcor1	188	6	10	rs6942325	0.999999999999996	rs73358086	1	0.0834835	0.00696949477225
188	rs6942325	rs73358088	0	1.40730485706815e-20	0	0.999999999995111	4.93789369906007e-12	1	5	rs6942325	ENSG00000112679	eqtl_rs6942325_ENSG00000112679_B38.txt	rs6942325_ENSG00000112679_LD.unphased.vcor1	188	6	10	rs6942325	0.999999999999996	rs73358086	1	-0.796683	0.634703802489
188	rs4959157	rs73358088	7.55851394734536e-22	1.33093449661034e-20	0.0537091441797196	0.945731776828778	0.00055907899150089	5	5	rs6942325	ENSG00000112679	eqtl_rs6942325_ENSG00000112679_B38.txt	rs6942325_ENSG00000112679_LD.unphased.vcor1	188	6	10	rs6942325	0.999999999999996	rs73358086	1	0.146453	0.021448481209
188	rs17133722	rs73358088	3.67344500148035e-45	1.07225078975028e-20	2.61026953969003e-25	0.761440801775449	0.238559198224556	4	5	rs6942325	ENSG00000112679	eqtl_rs6942325_ENSG00000112679_B38.txt	rs6942325_ENSG00000112679_LD.unphased.vcor1	188	6	10	rs6942325	0.999999999999996	rs73358086	1	0.934697	0.873658481809
188	rs75148055	rs73358088	0	1.40730485587684e-20	0	0.999999999146894	8.53068210611359e-10	3	5	rs6942325	ENSG00000112679	eqtl_rs6942325_ENSG00000112679_B38.txt	rs6942325_ENSG00000112679_LD.unphased.vcor1	188	6	10	rs6942325	0.999999999999996	rs73358086	1	-0.771462	0.595153617444
188	rs75607457	rs73358088	4.28884553128988e-25	1.40641701285366e-20	3.04755967388928e-05	0.999367914126877	0.000601610276386894	7	5	rs6942325	ENSG00000112679	eqtl_rs6942325_ENSG00000112679_B38.txt	rs6942325_ENSG00000112679_LD.unphased.vcor1	188	6	10	rs6942325	0.999999999999996	rs73358086	1	-0.688024	0.473377024576
188	rs78262903	rs73358088	6.78856936807929e-21	7.21113658730331e-21	0.482380866800217	0.512397123612755	0.00522200958703002	2	5	rs6942325	ENSG00000112679	eqtl_rs6942325_ENSG00000112679_B38.txt	rs6942325_ENSG00000112679_LD.unphased.vcor1	188	6	10	rs6942325	0.999999999999996	rs73358086	1	-0.0565092	0.00319328968464
188	rs6942325	rs9378655	0	0.0230639057746613	0	0.976891198782491	4.4895442880227e-05	1	6	rs6942325	ENSG00000112679	eqtl_rs6942325_ENSG00000112679_B38.txt	rs6942325_ENSG00000112679_LD.unphased.vcor1	188	6	10	rs6942325	0.999999999999996	rs73358086	1	-0.291963	0.085242393369
188	rs4959157	rs9378655	0.00123877622492105	0.0218128857446536	0.0524694175583528	0.92390212066755	0.000576799804521789	5	6	rs6942325	ENSG00000112679	eqtl_rs6942325_ENSG00000112679_B38.txt	rs6942325_ENSG00000112679_LD.unphased.vcor1	188	6	10	rs6942325	0.999999999999996	rs73358086	1	-0.105161	0.011058835921
188	rs17133722	rs9378655	7.90147606634226e-27	0.0230638105345641	3.34673719685463e-25	0.976887156532442	4.90329329961935e-05	4	6	rs6942325	ENSG00000112679	eqtl_rs6942325_ENSG00000112679_B38.txt	rs6942325_ENSG00000112679_LD.unphased.vcor1	188	6	10	rs6942325	0.999999999999996	rs73358086	1	0.394538	0.155660233444
188	rs75148055	rs9378655	0	0.0230630135684986	0	0.976853331114101	8.3655317371288e-05	3	6	rs6942325	ENSG00000112679	eqtl_rs6942325_ENSG00000112679_B38.txt	rs6942325_ENSG00000112679_LD.unphased.vcor1	188	6	10	rs6942325	0.999999999999996	rs73358086	1	-0.283822	0.080554927684
188	rs75607457	rs9378655	7.03284480991908e-07	0.0230624127571575	2.97882106171562e-05	0.976827892143649	7.92036040959293e-05	7	6	rs6942325	ENSG00000112679	eqtl_rs6942325_ENSG00000112679_B38.txt	rs6942325_ENSG00000112679_LD.unphased.vcor1	188	6	10	rs6942325	0.999999999999996	rs73358086	1	-0.278213	0.077402473369
188	rs78262903	rs9378655	0.0111230116883062	0.0118153843906645	0.47112459299691	0.500439631216825	0.00549737970729409	2	6	rs6942325	ENSG00000112679	eqtl_rs6942325_ENSG00000112679_B38.txt	rs6942325_ENSG00000112679_LD.unphased.vcor1	188	6	10	rs6942325	0.999999999999996	rs73358086	1	0.00089774	8.059371076e-07
188	rs6942325	rs1775599	0	1.23409707582271e-102	0	1	2.59361321965184e-50	1	7	rs6942325	ENSG00000112679	eqtl_rs6942325_ENSG00000112679_B38.txt	rs6942325_ENSG00000112679_LD.unphased.vcor1	188	6	10	rs6942325	0.999999999999996	rs73358086	1	0.655475	0.429647475625
188	rs4959157	rs1775599	6.62848132909705e-104	1.16717049442385e-102	0.0537111825232829	0.945767744840665	0.000521072636043133	5	7	rs6942325	ENSG00000112679	eqtl_rs6942325_ENSG00000112679_B38.txt	rs6942325_ENSG00000112679_LD.unphased.vcor1	188	6	10	rs6942325	0.999999999999996	rs73358086	1	-0.140328	0.019691947584
188	rs17133722	rs1775599	4.22791736584185e-127	1.23409707582281e-102	3.42591960443862e-25	1	1.0484363626676e-15	4	7	rs6942325	ENSG00000112679	eqtl_rs6942325_ENSG00000112679_B38.txt	rs6942325_ENSG00000112679_LD.unphased.vcor1	188	6	10	rs6942325	0.999999999999996	rs73358086	1	-0.556859	0.310091945881
188	rs75148055	rs1775599	0	1.23409707582285e-102	0	1	1.06963935339305e-40	3	7	rs6942325	ENSG00000112679	eqtl_rs6942325_ENSG00000112679_B38.txt	rs6942325_ENSG00000112679_LD.unphased.vcor1	188	6	10	rs6942325	0.999999999999996	rs73358086	1	0.694095	0.481767869025
188	rs75607457	rs1775599	3.76324185480071e-107	1.2340587529817e-102	3.04938884349234e-05	0.999968945534729	5.60576835486176e-07	7	7	rs6942325	ENSG00000112679	eqtl_rs6942325_ENSG00000112679_B38.txt	rs6942325_ENSG00000112679_LD.unphased.vcor1	188	6	10	rs6942325	0.999999999999996	rs73358086	1	0.370372	0.137175418384
188	rs78262903	rs1775599	5.93928024263692e-103	6.30898186903906e-103	0.48126523909611	0.511207440951259	0.00752731995263768	2	7	rs6942325	ENSG00000112679	eqtl_rs6942325_ENSG00000112679_B38.txt	rs6942325_ENSG00000112679_LD.unphased.vcor1	188	6	10	rs6942325	0.999999999999996	rs73358086	1	0.0203511	0.00041416727121
188	rs6942325	rs2181107	0	2.64211974091378e-82	0	1	3.41291870443623e-42	1	8	rs6942325	ENSG00000112679	eqtl_rs6942325_ENSG00000112679_B38.txt	rs6942325_ENSG00000112679_LD.unphased.vcor1	188	6	10	rs6942325	0.999999999999996	rs73358086	1	0.771737	0.595577997169
188	rs4959157	rs2181107	1.41901805272832e-83	2.49866586321803e-82	0.0537075602878405	0.945703827937823	0.000588611774344552	5	8	rs6942325	ENSG00000112679	eqtl_rs6942325_ENSG00000112679_B38.txt	rs6942325_ENSG00000112679_LD.unphased.vcor1	188	6	10	rs6942325	0.999999999999996	rs73358086	1	-0.134108	0.017984955664
188	rs17133722	rs2181107	9.05168981767181e-107	2.642119740914e-82	3.42591960443871e-25	0.999999999999972	1.84500623127213e-14	4	8	rs6942325	ENSG00000112679	eqtl_rs6942325_ENSG00000112679_B38.txt	rs6942325_ENSG00000112679_LD.unphased.vcor1	188	6	10	rs6942325	0.999999999999996	rs73358086	1	-0.665886	0.443404164996
188	rs75148055	rs2181107	0	2.64211974091408e-82	0	1	4.64289671673133e-30	3	8	rs6942325	ENSG00000112679	eqtl_rs6942325_ENSG00000112679_B38.txt	rs6942325_ENSG00000112679_LD.unphased.vcor1	188	6	10	rs6942325	0.999999999999996	rs73358086	1	0.816869	0.667274963161
188	rs75607457	rs2181107	8.05676934285959e-87	2.64201109360722e-82	3.0493581415324e-05	0.999958857436732	1.06489818576968e-05	7	8	rs6942325	ENSG00000112679	eqtl_rs6942325_ENSG00000112679_B38.txt	rs6942325_ENSG00000112679_LD.unphased.vcor1	188	6	10	rs6942325	0.999999999999996	rs73358086	1	0.465552	0.216738664704
188	rs78262903	rs2181107	1.27449556991975e-82	1.35382893453507e-82	0.482376158121758	0.512392102373944	0.00523173950430819	2	8	rs6942325	ENSG00000112679	eqtl_rs6942325_ENSG00000112679_B38.txt	rs6942325_ENSG00000112679_LD.unphased.vcor1	188	6	10	rs6942325	0.999999999999996	rs73358086	1	0.0382893	0.00146607049449
188	rs6942325	rs6930635	0	1.59511811471836e-05	0	0.999983789471768	2.59347035483051e-07	1	9	rs6942325	ENSG00000112679	eqtl_rs6942325_ENSG00000112679_B38.txt	rs6942325_ENSG00000112679_LD.unphased.vcor1	188	6	10	rs6942325	0.999999999999996	rs73358086	1	0.102809	0.010569690481
188	rs4959157	rs6930635	8.56771619832905e-07	1.50863901620876e-05	0.0537112407947405	0.945768805031919	0.000504011011557718	5	9	rs6942325	ENSG00000112679	eqtl_rs6942325_ENSG00000112679_B38.txt	rs6942325_ENSG00000112679_LD.unphased.vcor1	188	6	10	rs6942325	0.999999999999996	rs73358086	1	-0.0825469	0.00681399069961
188	rs17133722	rs6930635	5.464644727988e-30	1.59508843141208e-05	3.42580031887514e-25	0.999965143635973	1.89054797110512e-05	4	9	rs6942325	ENSG00000112679	eqtl_rs6942325_ENSG00000112679_B38.txt	rs6942325_ENSG00000112679_LD.unphased.vcor1	188	6	10	rs6942325	0.999999999999996	rs73358086	1	-0.126195	0.015925178025
188	rs75148055	rs6930635	0	1.59511809915524e-05	0	0.999983779695655	2.69123316369334e-07	3	9	rs6942325	ENSG00000112679	eqtl_rs6942325_ENSG00000112679_B38.txt	rs6942325_ENSG00000112679_LD.unphased.vcor1	188	6	10	rs6942325	0.999999999999996	rs73358086	1	0.13206	0.0174398436
188	rs75607457	rs6930635	4.86413737774947e-10	1.59506923506914e-05	3.04934066333748e-05	0.999953146390425	4.09024176136273e-07	7	9	rs6942325	ENSG00000112679	eqtl_rs6942325_ENSG00000112679_B38.txt	rs6942325_ENSG00000112679_LD.unphased.vcor1	188	6	10	rs6942325	0.999999999999996	rs73358086	1	0.0947287	0.00897352660369
188	rs78262903	rs6930635	7.69391494341309e-06	8.17283709420847e-06	0.482333574798508	0.512346724182432	0.0053038342670232	2	9	rs6942325	ENSG00000112679	eqtl_rs6942325_ENSG00000112679_B38.txt	rs6942325_ENSG00000112679_LD.unphased.vcor1	188	6	10	rs6942325	0.999999999999996	rs73358086	1	0.0454082	0.00206190462724
188	rs6942325	rs9392299	0	1.90517522945137e-15	0	1	1.41853270199983e-15	1	4	rs6942325	ENSG00000112679	eqtl_rs6942325_ENSG00000112679_B38.txt	rs6942325_ENSG00000112679_LD.unphased.vcor1	188	6	10	rs6942325	0.999999999999996	rs73358086	1	-0.506412	0.256453113744
188	rs4959157	rs9392299	1.02137701514569e-16	1.79848302585951e-15	0.0536106600252164	0.943993954361317	0.0023953856134634	5	4	rs6942325	ENSG00000112679	eqtl_rs6942325_ENSG00000112679_B38.txt	rs6942325_ENSG00000112679_LD.unphased.vcor1	188	6	10	rs6942325	0.999999999999996	rs73358086	1	0.187586	0.035188507396
188	rs17133722	rs9392299	6.52697716846737e-40	1.90517522945106e-15	3.42591960443854e-25	0.999999999999957	4.26573702240154e-14	4	4	rs6942325	ENSG00000112679	eqtl_rs6942325_ENSG00000112679_B38.txt	rs6942325_ENSG00000112679_LD.unphased.vcor1	188	6	10	rs6942325	0.999999999999996	rs73358086	1	0.541263	0.292965635169
188	rs75148055	rs9392299	0	1.90517522945137e-15	0	1	2.51651873800382e-14	3	4	rs6942325	ENSG00000112679	eqtl_rs6942325_ENSG00000112679_B38.txt	rs6942325_ENSG00000112679_LD.unphased.vcor1	188	6	10	rs6942325	0.999999999999996	rs73358086	1	-0.486529	0.236710467841
188	rs75607457	rs9392299	5.80464355929448e-20	1.90348414177741e-15	3.04677673190551e-05	0.999110653825806	0.000858878406870796	7	4	rs6942325	ENSG00000112679	eqtl_rs6942325_ENSG00000112679_B38.txt	rs6942325_ENSG00000112679_LD.unphased.vcor1	188	6	10	rs6942325	0.999999999999996	rs73358086	1	-0.512589	0.262747482921
188	rs78262903	rs9392299	9.12695334604822e-16	9.69507765712352e-16	0.479061096583624	0.508856988268063	0.0120819151483102	2	4	rs6942325	ENSG00000112679	eqtl_rs6942325_ENSG00000112679_B38.txt	rs6942325_ENSG00000112679_LD.unphased.vcor1	188	6	10	rs6942325	0.999999999999996	rs73358086	1	-0.113317	0.012840742489
188	rs6942325	rs962517	0	0.0826163416931489	0	0.916044936988205	0.00133872131865238	1	10	rs6942325	ENSG00000112679	eqtl_rs6942325_ENSG00000112679_B38.txt	rs6942325_ENSG00000112679_LD.unphased.vcor1	188	6	10	rs6942325	0.999999999999996	rs73358086	1	-0.133706	0.017877294436
188	rs4959157	rs962517	0.00444223045662236	0.078220636990268	0.0492553232102139	0.867306617052082	0.000775192290814082	5	10	rs6942325	ENSG00000112679	eqtl_rs6942325_ENSG00000112679_B38.txt	rs6942325_ENSG00000112679_LD.unphased.vcor1	188	6	10	rs6942325	0.999999999999996	rs73358086	1	0.0205997	0.00042434764009
188	rs17133722	rs962517	2.59212044158425e-26	0.075662033581461	2.87413567118516e-25	0.838767305295535	0.0855706611230067	4	10	rs6942325	ENSG00000112679	eqtl_rs6942325_ENSG00000112679_B38.txt	rs6942325_ENSG00000112679_LD.unphased.vcor1	188	6	10	rs6942325	0.999999999999996	rs73358086	1	0.162571	0.026429330041
188	rs75148055	rs962517	0	0.0826442748469014	0	0.916355335655201	0.0010003894978576	3	10	rs6942325	ENSG00000112679	eqtl_rs6942325_ENSG00000112679_B38.txt	rs6942325_ENSG00000112679_LD.unphased.vcor1	188	6	10	rs6942325	0.999999999999996	rs73358086	1	-0.14429	0.0208196041
188	rs75607457	rs962517	2.52035582989226e-06	0.0826486123537146	2.79456327667612e-05	0.916403595933343	0.000917325724345385	7	10	rs6942325	ENSG00000112679	eqtl_rs6942325_ENSG00000112679_B38.txt	rs6942325_ENSG00000112679_LD.unphased.vcor1	188	6	10	rs6942325	0.999999999999996	rs73358086	1	-0.129376	0.016738149376
188	rs78262903	rs962517	0.0399127965018551	0.0423972432998135	0.442551936717203	0.470089313753873	0.00504870972725581	2	10	rs6942325	ENSG00000112679	eqtl_rs6942325_ENSG00000112679_B38.txt	rs6942325_ENSG00000112679_LD.unphased.vcor1	188	6	10	rs6942325	0.999999999999996	rs73358086	1	-0.150892	0.022768395664
601	rs2319516	rs8003813	0	0	0.0132296705188751	0.985997724224263	0.000772605257957416	1	1	rs2319516	ENSG00000169413	eqtl_rs2319516_ENSG00000169413_B38.txt	rs2319516_ENSG00000169413_LD.unphased.vcor1	601	1	10	rs17254387	0.376782220527944	rs11624095	1	0.110502	0.012210692004
601	rs2319516	rs11624095	5.05051945150441e-269	3.76412132285256e-267	0.0128286419727928	0.956048611155687	0.0311227468714943	1	2	rs2319516	ENSG00000169413	eqtl_rs2319516_ENSG00000169413_B38.txt	rs2319516_ENSG00000169413_LD.unphased.vcor1	601	1	10	rs17254387	0.376782220527944	rs11624095	1	0.728103	0.530133978609
601	rs2319516	rs4982364	0	0	0.0103725873513848	0.772628607085273	0.216998805563417	1	4	rs2319516	ENSG00000169413	eqtl_rs2319516_ENSG00000169413_B38.txt	rs2319516_ENSG00000169413_LD.unphased.vcor1	601	1	10	rs17254387	0.376782220527944	rs11624095	1	0.53186	0.2828750596
601	rs2319516	rs4981332	0	0	0.00610768749830003	0.454122682341169	0.539769630160526	1	5	rs2319516	ENSG00000169413	eqtl_rs2319516_ENSG00000169413_B38.txt	rs2319516_ENSG00000169413_LD.unphased.vcor1	601	1	10	rs17254387	0.376782220527944	rs11624095	1	-0.703502	0.494915064004
601	rs2319516	rs59228356	0	0	0.0132373781477743	0.98657333573881	0.000189286113519955	1	6	rs2319516	ENSG00000169413	eqtl_rs2319516_ENSG00000169413_B38.txt	rs2319516_ENSG00000169413_LD.unphased.vcor1	601	1	10	rs17254387	0.376782220527944	rs11624095	1	0.0481876	0.00232204479376
601	rs2319516	rs12433896	0	0	0.0132361744081247	0.986483439559422	0.000280386034255374	1	7	rs2319516	ENSG00000169413	eqtl_rs2319516_ENSG00000169413_B38.txt	rs2319516_ENSG00000169413_LD.unphased.vcor1	601	1	10	rs17254387	0.376782220527944	rs11624095	1	0.0737272	0.00543570001984
601	rs2319516	rs7157537	0	0	0.0132373516590879	0.986571357543993	0.000191290797119124	1	8	rs2319516	ENSG00000169413	eqtl_rs2319516_ENSG00000169413_B38.txt	rs2319516_ENSG00000169413_LD.unphased.vcor1	601	1	10	rs17254387	0.376782220527944	rs11624095	1	-0.0289188	0.00083629699344
601	rs2319516	rs56067122	0	0	0.0132345177125168	0.986359716285584	0.000405766001929513	1	9	rs2319516	ENSG00000169413	eqtl_rs2319516_ENSG00000169413_B38.txt	rs2319516_ENSG00000169413_LD.unphased.vcor1	601	1	10	rs17254387	0.376782220527944	rs11624095	1	-0.130157	0.016940844649
601	rs2319516	rs67432276	0	0	0.0132380298631434	0.986622006332727	0.000139963803826733	1	10	rs2319516	ENSG00000169413	eqtl_rs2319516_ENSG00000169413_B38.txt	rs2319516_ENSG00000169413_LD.unphased.vcor1	601	1	10	rs17254387	0.376782220527944	rs11624095	1	0.0219282	0.00048084595524
601	rs2319516	rs34185123	0	0	0.0132380419818743	0.986622911367999	0.000139046650131357	1	3	rs2319516	ENSG00000169413	eqtl_rs2319516_ENSG00000169413_B38.txt	rs2319516_ENSG00000169413_LD.unphased.vcor1	601	1	10	rs17254387	0.376782220527944	rs11624095	1	0.0424321	0.00180048311041
508	rs1107257	rs12665578	0	0	0.00329381574678377	0.993931237763989	0.00277494648921477	2	2	rs16882521	ENSG00000096093	eqtl_rs16882521_ENSG00000096093_B38.txt	rs16882521_ENSG00000096093_LD.unphased.vcor1	508	2	7	rs1056706	0.792657525054214	rs147066901	1	-0.206105	0.042479271025
508	rs1056706	rs12665578	0	0	0.0287072000129366	0.939374379629496	0.0319184203575513	1	2	rs16882521	ENSG00000096093	eqtl_rs16882521_ENSG00000096093_B38.txt	rs16882521_ENSG00000096093_LD.unphased.vcor1	508	2	7	rs1056706	0.792657525054214	rs147066901	1	-0.241161	0.058158627921
508	rs1107257	rs3748066	3.24589753409378e-248	9.79477061293172e-246	0.00330226861972757	0.996487092353293	0.000210639026956468	2	1	rs16882521	ENSG00000096093	eqtl_rs16882521_ENSG00000096093_B38.txt	rs16882521_ENSG00000096093_LD.unphased.vcor1	508	2	7	rs1056706	0.792657525054214	rs147066901	1	0.508668	0.258743134224
508	rs1056706	rs3748066	2.91374819219065e-247	9.53519118437637e-246	0.029643508828585	0.97007820594526	0.000278285226120481	1	1	rs16882521	ENSG00000096093	eqtl_rs16882521_ENSG00000096093_B38.txt	rs16882521_ENSG00000096093_LD.unphased.vcor1	508	2	7	rs1056706	0.792657525054214	rs147066901	1	0.0906515	0.00821769445225
508	rs1107257	rs2143830	0	0	0.00330284221215271	0.996660526739671	3.66310482023145e-05	2	3	rs16882521	ENSG00000096093	eqtl_rs16882521_ENSG00000096093_B38.txt	rs16882521_ENSG00000096093_LD.unphased.vcor1	508	2	7	rs1056706	0.792657525054214	rs147066901	1	-0.0713345	0.00508861089025
508	rs1056706	rs2143830	0	0	0.0296432135325815	0.970068522476582	0.000288263990919865	1	3	rs16882521	ENSG00000096093	eqtl_rs16882521_ENSG00000096093_B38.txt	rs16882521_ENSG00000096093_LD.unphased.vcor1	508	2	7	rs1056706	0.792657525054214	rs147066901	1	0.192926	0.037220441476
508	rs1107257	rs62407914	0	0	0.00330286386321133	0.99666707326624	3.0062870538676e-05	2	4	rs16882521	ENSG00000096093	eqtl_rs16882521_ENSG00000096093_B38.txt	rs16882521_ENSG00000096093_LD.unphased.vcor1	508	2	7	rs1056706	0.792657525054214	rs147066901	1	0.196207	0.038497186849
508	rs1056706	rs62407914	0	0	0.0296434891743948	0.970077561436896	0.000278949388754763	1	4	rs16882521	ENSG00000096093	eqtl_rs16882521_ENSG00000096093_B38.txt	rs16882521_ENSG00000096093_LD.unphased.vcor1	508	2	7	rs1056706	0.792657525054214	rs147066901	1	0.170189	0.028964295721
508	rs1107257	rs147066901	0	0	0.00330267027144558	0.996608538174743	8.87916155247712e-05	2	5	rs16882521	ENSG00000096093	eqtl_rs16882521_ENSG00000096093_B38.txt	rs16882521_ENSG00000096093_LD.unphased.vcor1	508	2	7	rs1056706	0.792657525054214	rs147066901	1	-0.17202	0.0295908804
508	rs1056706	rs147066901	0	0	0.0296372544629967	0.969873110332464	0.000489635146901315	1	5	rs16882521	ENSG00000096093	eqtl_rs16882521_ENSG00000096093_B38.txt	rs16882521_ENSG00000096093_LD.unphased.vcor1	508	2	7	rs1056706	0.792657525054214	rs147066901	1	0.421611	0.177755835321
508	rs1107257	rs17664850	0	0	0.00330280160368314	0.996648248375495	4.89501286153949e-05	2	6	rs16882521	ENSG00000096093	eqtl_rs16882521_ENSG00000096093_B38.txt	rs16882521_ENSG00000096093_LD.unphased.vcor1	508	2	7	rs1056706	0.792657525054214	rs147066901	1	-0.17202	0.0295908804
508	rs1056706	rs17664850	0	0	0.0296245377998845	0.9694561003602	0.000919361785978674	1	6	rs16882521	ENSG00000096093	eqtl_rs16882521_ENSG00000096093_B38.txt	rs16882521_ENSG00000096093_LD.unphased.vcor1	508	2	7	rs1056706	0.792657525054214	rs147066901	1	0.421611	0.177755835321
508	rs1107257	rs600291	2.00330570104516e-64	6.04514455654065e-62	0.00330286268127942	0.99666671589123	3.04214274837971e-05	2	9	rs16882521	ENSG00000096093	eqtl_rs16882521_ENSG00000096093_B38.txt	rs16882521_ENSG00000096093_LD.unphased.vcor1	508	2	7	rs1056706	0.792657525054214	rs147066901	1	0.394639	0.155739940321
508	rs1056706	rs600291	1.76614073401046e-63	5.77966538166887e-62	0.0291184731177435	0.952861017549914	0.0180205093323532	1	9	rs16882521	ENSG00000096093	eqtl_rs16882521_ENSG00000096093_B38.txt	rs16882521_ENSG00000096093_LD.unphased.vcor1	508	2	7	rs1056706	0.792657525054214	rs147066901	1	-0.191969	0.036852096961
902	rs1107257	rs471568	0	0	0.00224174041368056	0.99773556577407	2.26938122730342e-05	2	1	rs16882521	ENSG00000170915	eqtl_rs16882521_ENSG00000170915_B38.txt	rs16882521_ENSG00000170915_LD.unphased.vcor1	902	2	10	rs1056706	0.811538500208702	rs4507574	1	0.0507871	0.00257932952641
902	rs1056706	rs471568	0	0	0.0219644081491201	0.977718407490988	0.000317184359940892	1	1	rs16882521	ENSG00000170915	eqtl_rs16882521_ENSG00000170915_B38.txt	rs16882521_ENSG00000170915_LD.unphased.vcor1	902	2	10	rs1056706	0.811538500208702	rs4507574	1	-0.0336462	0.00113206677444
902	rs1107257	rs2147206	0	0	2.69469876564274e-05	0.0100134270938305	0.989959625918406	2	2	rs16882521	ENSG00000170915	eqtl_rs16882521_ENSG00000170915_B38.txt	rs16882521_ENSG00000170915_LD.unphased.vcor1	902	2	10	rs1056706	0.811538500208702	rs4507574	1	-0.94953	0.9016072209
902	rs1056706	rs2147206	0	0	0.0219664630155219	0.977810064805824	0.000223472178750312	1	2	rs16882521	ENSG00000170915	eqtl_rs16882521_ENSG00000170915_B38.txt	rs16882521_ENSG00000170915_LD.unphased.vcor1	902	2	10	rs1056706	0.811538500208702	rs4507574	1	-0.00152541	2.3268756681e-06
902	rs1107257	rs9474192	3.74683861388133e-217	1.66761249051466e-214	0.00224169708046589	0.997716240642146	4.20622773968833e-05	2	3	rs16882521	ENSG00000170915	eqtl_rs16882521_ENSG00000170915_B38.txt	rs16882521_ENSG00000170915_LD.unphased.vcor1	902	2	10	rs1056706	0.811538500208702	rs4507574	1	0.0709419	0.00503275317561
902	rs1056706	rs9474192	3.66743714603176e-216	1.63251525292848e-214	0.0219419195494389	0.976715303512422	0.00134277693812003	1	3	rs16882521	ENSG00000170915	eqtl_rs16882521_ENSG00000170915_B38.txt	rs16882521_ENSG00000170915_LD.unphased.vcor1	902	2	10	rs1056706	0.811538500208702	rs4507574	1	-0.056591	0.003202541281
902	rs1107257	rs474848	1.2005593034008e-226	5.34335181274547e-224	0.00224173822789723	0.997734590989494	2.36707825824041e-05	2	4	rs16882521	ENSG00000170915	eqtl_rs16882521_ENSG00000170915_B38.txt	rs16882521_ENSG00000170915_LD.unphased.vcor1	902	2	10	rs1056706	0.811538500208702	rs4507574	1	-0.0743836	0.00553291994896
902	rs1056706	rs474848	1.17554378698386e-225	5.23279087362915e-224	0.0219502813262447	0.977088280562936	0.000961438110816537	1	4	rs16882521	ENSG00000170915	eqtl_rs16882521_ENSG00000170915_B38.txt	rs16882521_ENSG00000170915_LD.unphased.vcor1	902	2	10	rs1056706	0.811538500208702	rs4507574	1	-0.255803	0.065435174809
902	rs1107257	rs9382102	2.81660554475672e-163	1.25359191343007e-160	0.00223447678418501	0.994496235380801	0.00326928783501389	2	5	rs16882521	ENSG00000170915	eqtl_rs16882521_ENSG00000170915_B38.txt	rs16882521_ENSG00000170915_LD.unphased.vcor1	902	2	10	rs1056706	0.811538500208702	rs4507574	1	0.570169	0.325092688561
902	rs1056706	rs9382102	2.76819300187779e-162	1.23222760709209e-160	0.021960700206509	0.977553014712418	0.000486285081062995	1	5	rs16882521	ENSG00000170915	eqtl_rs16882521_ENSG00000170915_B38.txt	rs16882521_ENSG00000170915_LD.unphased.vcor1	902	2	10	rs1056706	0.811538500208702	rs4507574	1	0.220626	0.048675831876
902	rs1107257	rs72909680	6.77138321719109e-100	3.01375223080455e-97	0.00224174616864685	0.997738132292286	2.01215390646213e-05	2	6	rs16882521	ENSG00000170915	eqtl_rs16882521_ENSG00000170915_B38.txt	rs16882521_ENSG00000170915_LD.unphased.vcor1	902	2	10	rs1056706	0.811538500208702	rs4507574	1	0.00387217	1.49937005089e-05
902	rs1056706	rs72909680	6.63523738171768e-99	2.95359560399709e-97	0.0219667348626271	0.97782219054579	0.000211074591578294	1	6	rs16882521	ENSG00000170915	eqtl_rs16882521_ENSG00000170915_B38.txt	rs16882521_ENSG00000170915_LD.unphased.vcor1	902	2	10	rs1056706	0.811538500208702	rs4507574	1	0.0695865	0.00484228098225
902	rs1107257	rs4507574	0	0	0.00219297537542442	0.975988026084964	0.0218189985367156	2	7	rs16882521	ENSG00000170915	eqtl_rs16882521_ENSG00000170915_B38.txt	rs16882521_ENSG00000170915_LD.unphased.vcor1	902	2	10	rs1056706	0.811538500208702	rs4507574	1	0.404814	0.163874374596
902	rs1056706	rs4507574	0	0	0.0186551179685313	0.83010752046216	0.151237361574656	1	7	rs16882521	ENSG00000170915	eqtl_rs16882521_ENSG00000170915_B38.txt	rs16882521_ENSG00000170915_LD.unphased.vcor1	902	2	10	rs1056706	0.811538500208702	rs4507574	1	0.387683	0.150298108489
902	rs1107257	rs719394	0	0	0.00221096494537416	0.984010759222759	0.013778275829461	2	8	rs16882521	ENSG00000170915	eqtl_rs16882521_ENSG00000170915_B38.txt	rs16882521_ENSG00000170915_LD.unphased.vcor1	902	2	10	rs1056706	0.811538500208702	rs4507574	1	-0.218979	0.047951802441
902	rs1056706	rs719394	0	0	0.0197144088830802	0.877357191298425	0.102928399842689	1	8	rs16882521	ENSG00000170915	eqtl_rs16882521_ENSG00000170915_B38.txt	rs16882521_ENSG00000170915_LD.unphased.vcor1	902	2	10	rs1056706	0.811538500208702	rs4507574	1	-0.225598	0.050894457604
902	rs1107257	rs62407914	0	0	0.00224174477069975	0.997737508829547	2.07463922364168e-05	2	10	rs16882521	ENSG00000170915	eqtl_rs16882521_ENSG00000170915_B38.txt	rs16882521_ENSG00000170915_LD.unphased.vcor1	902	2	10	rs1056706	0.811538500208702	rs4507574	1	0.196207	0.038497186849
902	rs1056706	rs62407914	0	0	0.02196679520007	0.977824881878812	0.000208322918420488	1	10	rs16882521	ENSG00000170915	eqtl_rs16882521_ENSG00000170915_B38.txt	rs16882521_ENSG00000170915_LD.unphased.vcor1	902	2	10	rs1056706	0.811538500208702	rs4507574	1	0.170189	0.028964295721
902	rs1107257	rs76119653	1.58994445985501e-58	7.07639563299013e-56	0.00224174498307917	0.99773760356963	2.06514472963685e-05	2	9	rs16882521	ENSG00000170915	eqtl_rs16882521_ENSG00000170915_B38.txt	rs16882521_ENSG00000170915_LD.unphased.vcor1	902	2	10	rs1056706	0.811538500208702	rs4507574	1	-0.0191393	0.00036631280449
902	rs1056706	rs76119653	1.55779565231968e-57	6.9343387823544e-56	0.0219641671544215	0.977707657922454	0.000328174923123075	1	9	rs16882521	ENSG00000170915	eqtl_rs16882521_ENSG00000170915_B38.txt	rs16882521_ENSG00000170915_LD.unphased.vcor1	902	2	10	rs1056706	0.811538500208702	rs4507574	1	0.120962	0.014631805444
668	rs57668933	rs8000845	0	0	3.3539569376154e-23	1	3.75285736985214e-20	1	4	rs9532692	ENSG00000120690	eqtl_rs9532692_ENSG00000120690_B38.txt	rs9532692_ENSG00000120690_LD.unphased.vcor1	668	1	9	rs7982779	0.207003722919177	rs4356344	1	-0.462414	0.213826707396
668	rs57668933	rs7329399	1.5417427278065e-212	4.59678748563693e-190	3.35395693758681e-23	1	2.58315411260031e-25	1	1	rs9532692	ENSG00000120690	eqtl_rs9532692_ENSG00000120690_B38.txt	rs9532692_ENSG00000120690_LD.unphased.vcor1	668	1	9	rs7982779	0.207003722919177	rs4356344	1	0.156782	0.024580595524
668	rs57668933	rs76500696	0	0	3.35395693758642e-23	1	4.4458015520641e-25	1	2	rs9532692	ENSG00000120690	eqtl_rs9532692_ENSG00000120690_B38.txt	rs9532692_ENSG00000120690_LD.unphased.vcor1	668	1	9	rs7982779	0.207003722919177	rs4356344	1	0.0042018	1.765512324e-05
668	rs57668933	rs75719223	0	0	3.35395693722953e-23	0.999999999893134	1.06813230537916e-10	1	3	rs9532692	ENSG00000120690	eqtl_rs9532692_ENSG00000120690_B38.txt	rs9532692_ENSG00000120690_LD.unphased.vcor1	668	1	9	rs7982779	0.207003722919177	rs4356344	1	0.776036	0.602231873296
668	rs57668933	rs7335572	0	0	3.3539569375788e-23	1	2.77099110863461e-25	1	5	rs9532692	ENSG00000120690	eqtl_rs9532692_ENSG00000120690_B38.txt	rs9532692_ENSG00000120690_LD.unphased.vcor1	668	1	9	rs7982779	0.207003722919177	rs4356344	1	0.117813	0.013879902969
668	rs57668933	rs9525409	0	0	3.3539569375666e-23	1	1.99227637455862e-23	1	6	rs9532692	ENSG00000120690	eqtl_rs9532692_ENSG00000120690_B38.txt	rs9532692_ENSG00000120690_LD.unphased.vcor1	668	1	9	rs7982779	0.207003722919177	rs4356344	1	0.433603	0.188011561609
668	rs57668933	rs7989354	0	0	3.3539569376154e-23	1	1.69053571002913e-16	1	7	rs9532692	ENSG00000120690	eqtl_rs9532692_ENSG00000120690_B38.txt	rs9532692_ENSG00000120690_LD.unphased.vcor1	668	1	9	rs7982779	0.207003722919177	rs4356344	1	0.616539	0.380120338521
668	rs57668933	rs4356344	0	0	3.35395693766421e-23	1	2.19626137556625e-25	1	9	rs9532692	ENSG00000120690	eqtl_rs9532692_ENSG00000120690_B38.txt	rs9532692_ENSG00000120690_LD.unphased.vcor1	668	1	9	rs7982779	0.207003722919177	rs4356344	1	0.148281	0.021987254961
668	rs57668933	rs9594443	0	0	3.35395693766421e-23	1	6.22405653086501e-13	1	10	rs9532692	ENSG00000120690	eqtl_rs9532692_ENSG00000120690_B38.txt	rs9532692_ENSG00000120690_LD.unphased.vcor1	668	1	9	rs7982779	0.207003722919177	rs4356344	1	0.722111	0.521444296321
607	rs28375303	rs2303697	0	0	3.64426219067194e-08	0.281958577017406	0.718041386526071	1	1	rs8103622	ENSG00000105656	eqtl_rs8103622_ENSG00000105656_B38.txt	rs8103622_ENSG00000105656_LD.unphased.vcor1	607	2	10	rs12609001	0.191658922162594	rs11086113	1	0.954394	0.910867907236
607	rs12609001	rs2303697	0	0	0.0304757839193523	0.969204753748056	0.00031946234010663	2	1	rs8103622	ENSG00000105656	eqtl_rs8103622_ENSG00000105656_B38.txt	rs8103622_ENSG00000105656_LD.unphased.vcor1	607	2	10	rs12609001	0.191658922162594	rs11086113	1	-0.0463627	0.00214949995129
607	rs28375303	rs77919635	1.63589684988207e-59	1.27214894806237e-52	1.28593168283157e-07	0.999999870229183	1.17763989245806e-09	1	2	rs8103622	ENSG00000105656	eqtl_rs8103622_ENSG00000105656_B38.txt	rs8103622_ENSG00000105656_LD.unphased.vcor1	607	2	10	rs12609001	0.191658922162594	rs11086113	1	0.135895	0.018467451025
607	rs12609001	rs77919635	3.8767985709044e-54	1.23291794272823e-52	0.0304744037537667	0.969160770353586	0.000364825892641396	2	2	rs8103622	ENSG00000105656	eqtl_rs8103622_ENSG00000105656_B38.txt	rs8103622_ENSG00000105656_LD.unphased.vcor1	607	2	10	rs12609001	0.191658922162594	rs11086113	1	0.100973	0.010195546729
607	rs28375303	rs11086113	0	0	1.28593166118632e-07	0.99999985336309	1.80436921084884e-08	1	3	rs8103622	ENSG00000105656	eqtl_rs8103622_ENSG00000105656_B38.txt	rs8103622_ENSG00000105656_LD.unphased.vcor1	607	2	10	rs12609001	0.191658922162594	rs11086113	1	-0.161811	0.026182799721
607	rs12609001	rs11086113	0	0	0.0304683226798006	0.968966977395363	0.000564699924733666	2	3	rs8103622	ENSG00000105656	eqtl_rs8103622_ENSG00000105656_B38.txt	rs8103622_ENSG00000105656_LD.unphased.vcor1	607	2	10	rs12609001	0.191658922162594	rs11086113	1	-0.0820288	0.00672872402944
607	rs28375303	rs11669867	0	0	1.28593167900994e-07	0.999999867251981	4.15506037528643e-09	1	4	rs8103622	ENSG00000105656	eqtl_rs8103622_ENSG00000105656_B38.txt	rs8103622_ENSG00000105656_LD.unphased.vcor1	607	2	10	rs12609001	0.191658922162594	rs11086113	1	-0.102801	0.010568045601
607	rs12609001	rs11669867	0	0	0.0304700057482391	0.969020613778755	0.000509380473315567	2	4	rs8103622	ENSG00000105656	eqtl_rs8103622_ENSG00000105656_B38.txt	rs8103622_ENSG00000105656_LD.unphased.vcor1	607	2	10	rs12609001	0.191658922162594	rs11086113	1	-0.0469097	0.00220051995409
607	rs28375303	rs3803916	0	0	1.28593168245602e-07	0.999999869936809	1.46995310295568e-09	1	5	rs8103622	ENSG00000105656	eqtl_rs8103622_ENSG00000105656_B38.txt	rs8103622_ENSG00000105656_LD.unphased.vcor1	607	2	10	rs12609001	0.191658922162594	rs11086113	1	-0.0406189	0.00164989503721
607	rs12609001	rs3803916	0	0	0.0304747667623185	0.969172338787483	0.000352894450220332	2	5	rs8103622	ENSG00000105656	eqtl_rs8103622_ENSG00000105656_B38.txt	rs8103622_ENSG00000105656_LD.unphased.vcor1	607	2	10	rs12609001	0.191658922162594	rs11086113	1	-0.0791006	0.00625690492036
607	rs28375303	rs141412226	0	0	1.28593168309985e-07	0.999999870444307	9.64913407650617e-10	1	6	rs8103622	ENSG00000105656	eqtl_rs8103622_ENSG00000105656_B38.txt	rs8103622_ENSG00000105656_LD.unphased.vcor1	607	2	10	rs12609001	0.191658922162594	rs11086113	1	0.0158313	0.00025063005969
607	rs12609001	rs141412226	0	0	0.0304746354271418	0.969168153367127	0.000357211204740087	2	6	rs8103622	ENSG00000105656	eqtl_rs8103622_ENSG00000105656_B38.txt	rs8103622_ENSG00000105656_LD.unphased.vcor1	607	2	10	rs12609001	0.191658922162594	rs11086113	1	-0.130006	0.016901560036
607	rs28375303	rs148358350	0	0	1.28593166247195e-07	0.999999854364784	1.70420096275237e-08	1	7	rs8103622	ENSG00000105656	eqtl_rs8103622_ENSG00000105656_B38.txt	rs8103622_ENSG00000105656_LD.unphased.vcor1	607	2	10	rs12609001	0.191658922162594	rs11086113	1	0.026804	0.000718454416
607	rs12609001	rs148358350	0	0	0.0303632748793058	0.965619291753671	0.0040174333670114	2	7	rs8103622	ENSG00000105656	eqtl_rs8103622_ENSG00000105656_B38.txt	rs8103622_ENSG00000105656_LD.unphased.vcor1	607	2	10	rs12609001	0.191658922162594	rs11086113	1	-0.00916467	8.39911762089e-05
607	rs28375303	rs731945	1.07431560049355e-221	8.35437430638352e-215	1.28546587918477e-07	0.999636913886441	0.00036295756698926	1	8	rs8103622	ENSG00000105656	eqtl_rs8103622_ENSG00000105656_B38.txt	rs8103622_ENSG00000105656_LD.unphased.vcor1	607	2	10	rs12609001	0.191658922162594	rs11086113	1	0.573567	0.328979103489
607	rs12609001	rs731945	2.54532308692406e-216	8.09475768862798e-215	0.0304559105186499	0.968571424004801	0.000972665476553265	2	8	rs8103622	ENSG00000105656	eqtl_rs8103622_ENSG00000105656_B38.txt	rs8103622_ENSG00000105656_LD.unphased.vcor1	607	2	10	rs12609001	0.191658922162594	rs11086113	1	-0.116537	0.013580872369
607	rs28375303	rs2288428	0	0	1.28593144348287e-07	0.999999683699621	1.87709348458326e-07	1	9	rs8103622	ENSG00000105656	eqtl_rs8103622_ENSG00000105656_B38.txt	rs8103622_ENSG00000105656_LD.unphased.vcor1	607	2	10	rs12609001	0.191658922162594	rs11086113	1	0.952332	0.906936238224
607	rs12609001	rs2288428	0	0	0.029559678703843	0.940010117966705	0.0304302033169589	2	9	rs8103622	ENSG00000105656	eqtl_rs8103622_ENSG00000105656_B38.txt	rs8103622_ENSG00000105656_LD.unphased.vcor1	607	2	10	rs12609001	0.191658922162594	rs11086113	1	-0.0483799	0.00234061472401
607	rs28375303	rs80121641	0	0	1.28593168315599e-07	0.999999870458859	9.39959152683871e-10	1	10	rs8103622	ENSG00000105656	eqtl_rs8103622_ENSG00000105656_B38.txt	rs8103622_ENSG00000105656_LD.unphased.vcor1	607	2	10	rs12609001	0.191658922162594	rs11086113	1	0.0109873	0.00012072076129
607	rs12609001	rs80121641	0	0	0.0304751297989575	0.969183908097861	0.000340962096091489	2	10	rs8103622	ENSG00000105656	eqtl_rs8103622_ENSG00000105656_B38.txt	rs8103622_ENSG00000105656_LD.unphased.vcor1	607	2	10	rs12609001	0.191658922162594	rs11086113	1	-0.127497	0.016255485009
427	rs61907765	rs11825217	7.60404850503011e-09	0.0257338980636927	2.11503225887819e-07	0.715258910879617	0.259006971949418	4	2	rs61909064	ENSG00000134954	eqtl_rs61909064_ENSG00000134954_B38.txt	rs61909064_ENSG00000134954_LD.unphased.vcor1	427	10	6	rs4937329	1	rs1946010	0.999953731405705	0.658068	0.433053492624
427	rs4937329	rs11825217	0	0.0347020476521933	0	0.96522186323846	7.60891092918992e-05	7	2	rs61909064	ENSG00000134954	eqtl_rs61909064_ENSG00000134954_B38.txt	rs61909064_ENSG00000134954_LD.unphased.vcor1	427	10	6	rs4937329	1	rs1946010	0.999953731405705	-0.0594052	0.00352897778704
427	rs10750398	rs11825217	2.35756020486106e-293	0.0347011898931475	6.55744881457609e-292	0.965197955521332	0.000100854585562842	8	2	rs61909064	ENSG00000134954	eqtl_rs61909064_ENSG00000134954_B38.txt	rs61909064_ENSG00000134954_LD.unphased.vcor1	427	10	6	rs4937329	1	rs1946010	0.999953731405705	0.0665542	0.00442946153764
427	rs876071	rs11825217	1.49201678817036e-13	0.0347014637219294	4.14997831179097e-12	0.965205587759214	9.29485145562762e-05	9	2	rs61909064	ENSG00000134954	eqtl_rs61909064_ENSG00000134954_B38.txt	rs61909064_ENSG00000134954_LD.unphased.vcor1	427	10	6	rs4937329	1	rs1946010	0.999953731405705	-0.138428	0.019162311184
427	rs7119766	rs11825217	2.28824940506863e-10	0.0346982850880769	6.36466390880789e-09	0.96511699193715	0.000184716381283592	3	2	rs61909064	ENSG00000134954	eqtl_rs61909064_ENSG00000134954_B38.txt	rs61909064_ENSG00000134954_LD.unphased.vcor1	427	10	6	rs4937329	1	rs1946010	0.999953731405705	0.0219665	0.00048252712225
427	rs73029056	rs11825217	2.71920822313199e-12	0.0346983911811891	7.5633566865421e-11	0.965119948983103	0.000181659757355684	6	2	rs61909064	ENSG00000134954	eqtl_rs61909064_ENSG00000134954_B38.txt	rs61909064_ENSG00000134954_LD.unphased.vcor1	427	10	6	rs4937329	1	rs1946010	0.999953731405705	0.0362657	0.00131520099649
427	rs11501246	rs11825217	4.49369998864849e-126	0.0347024006920778	1.24990265796239e-124	0.965231703272002	6.58960359263899e-05	1	2	rs61909064	ENSG00000134954	eqtl_rs61909064_ENSG00000134954_B38.txt	rs61909064_ENSG00000134954_LD.unphased.vcor1	427	10	6	rs4937329	1	rs1946010	0.999953731405705	0.238139	0.056710183321
427	rs11221284	rs11825217	1.08073947498204e-08	0.0347009912981711	3.00602876417481e-07	0.965192420846714	0.000106276444843353	2	2	rs61909064	ENSG00000134954	eqtl_rs61909064_ENSG00000134954_B38.txt	rs61909064_ENSG00000134954_LD.unphased.vcor1	427	10	6	rs4937329	1	rs1946010	0.999953731405705	-0.087118	0.007589545924
427	rs61907721	rs11825217	6.73925548225459e-13	0.0347022056677293	1.87449392732848e-11	0.965226267494915	7.15268179357572e-05	10	2	rs61909064	ENSG00000134954	eqtl_rs61909064_ENSG00000134954_B38.txt	rs61909064_ENSG00000134954_LD.unphased.vcor1	427	10	6	rs4937329	1	rs1946010	0.999953731405705	0.0508603	0.00258677011609
427	rs4144896	rs11825217	3.55466111690983e-20	0.0347020905371661	9.88713173866651e-19	0.965223058541312	7.48509215243732e-05	5	2	rs61909064	ENSG00000134954	eqtl_rs61909064_ENSG00000134954_B38.txt	rs61909064_ENSG00000134954_LD.unphased.vcor1	427	10	6	rs4937329	1	rs1946010	0.999953731405705	0.0983658	0.00967583060964
427	rs61907765	rs67675654	3.57362065243256e-33	1.20939772447759e-26	2.95486558085282e-07	0.999996371569725	3.33294371558017e-06	4	5	rs61909064	ENSG00000134954	eqtl_rs61909064_ENSG00000134954_B38.txt	rs61909064_ENSG00000134954_LD.unphased.vcor1	427	10	6	rs4937329	1	rs1946010	0.999953731405705	0.288679	0.083335565041
427	rs4937329	rs67675654	0	1.20940210464709e-26	0	1	3.34240405714992e-24	7	5	rs61909064	ENSG00000134954	eqtl_rs61909064_ENSG00000134954_B38.txt	rs61909064_ENSG00000134954_LD.unphased.vcor1	427	10	6	rs4937329	1	rs1946010	0.999953731405705	-0.426901	0.182244463801
427	rs10750398	rs67675654	1.11253692966443e-308	1.20940210464722e-26	6.79388865949776e-292	1	7.64396483935035e-25	8	5	rs61909064	ENSG00000134954	eqtl_rs61909064_ENSG00000134954_B38.txt	rs61909064_ENSG00000134954_LD.unphased.vcor1	427	10	6	rs4937329	1	rs1946010	0.999953731405705	0.428863	0.183923472769
427	rs876071	rs67675654	5.19991968702456e-38	1.20940210463386e-26	4.29957883076617e-12	0.999999999989072	6.62615537072939e-12	9	5	rs61909064	ENSG00000134954	eqtl_rs61909064_ENSG00000134954_B38.txt	rs61909064_ENSG00000134954_LD.unphased.vcor1	427	10	6	rs4937329	1	rs1946010	0.999953731405705	-0.175578	0.030827634084
427	rs7119766	rs67675654	7.97564957648558e-35	1.20940209644323e-26	6.5947045617331e-09	0.999999993216235	1.89063687495053e-10	3	5	rs61909064	ENSG00000134954	eqtl_rs61909064_ENSG00000134954_B38.txt	rs61909064_ENSG00000134954_LD.unphased.vcor1	427	10	6	rs4937329	1	rs1946010	0.999953731405705	0.0149783	0.00022434947089
427	rs73029056	rs67675654	9.47771938643957e-37	1.20940210454879e-26	7.83669827431419e-11	0.999999999918742	2.89557535982402e-12	6	5	rs61909064	ENSG00000134954	eqtl_rs61909064_ENSG00000134954_B38.txt	rs61909064_ENSG00000134954_LD.unphased.vcor1	427	10	6	rs4937329	1	rs1946010	0.999953731405705	-0.00785085	6.16358457225e-05
427	rs11501246	rs67675654	1.56608479976558e-150	1.20940210464702e-26	1.29492481760033e-124	1	4.93111639715661e-29	1	5	rs61909064	ENSG00000134954	eqtl_rs61909064_ENSG00000134954_B38.txt	rs61909064_ENSG00000134954_LD.unphased.vcor1	427	10	6	rs4937329	1	rs1946010	0.999953731405705	0.00847415	7.18112182225e-05
427	rs11221284	rs67675654	3.45524714803857e-33	1.10943020027199e-26	2.85698787422477e-07	0.91717209041105	0.0828276238901637	2	5	rs61909064	ENSG00000134954	eqtl_rs61909064_ENSG00000134954_B38.txt	rs61909064_ENSG00000134954_LD.unphased.vcor1	427	10	6	rs4937329	1	rs1946010	0.999953731405705	-0.588721	0.346592415841
427	rs61907721	rs67675654	2.34868925677741e-37	1.20940210462253e-26	1.94202511121215e-11	0.999999999979721	8.55000237475589e-13	10	5	rs61909064	ENSG00000134954	eqtl_rs61909064_ENSG00000134954_B38.txt	rs61909064_ENSG00000134954_LD.unphased.vcor1	427	10	6	rs4937329	1	rs1946010	0.999953731405705	0.0290623	0.00084461728129
427	rs4144896	rs67675654	1.23883448217437e-44	1.20940210464706e-26	1.02433630420703e-18	1	5.57183245813749e-21	5	5	rs61909064	ENSG00000134954	eqtl_rs61909064_ENSG00000134954_B38.txt	rs61909064_ENSG00000134954_LD.unphased.vcor1	427	10	6	rs4937329	1	rs1946010	0.999953731405705	0.141855	0.020122841025
427	rs61907765	rs1946010	2.60723383065232e-18	8.82349574464636e-12	2.95487540357575e-07	0.999999702473248	2.03038668108595e-09	4	7	rs61909064	ENSG00000134954	eqtl_rs61909064_ENSG00000134954_B38.txt	rs61909064_ENSG00000134954_LD.unphased.vcor1	427	10	6	rs4937329	1	rs1946010	0.999953731405705	-0.15754	0.0248188516
427	rs4937329	rs1946010	0	8.82349836831113e-12	0	0.999999999826628	1.64583805296658e-10	7	7	rs61909064	ENSG00000134954	eqtl_rs61909064_ENSG00000134954_B38.txt	rs61909064_ENSG00000134954_LD.unphased.vcor1	427	10	6	rs4937329	1	rs1946010	0.999953731405705	0.466039	0.217192349521
427	rs10750398	rs1946010	5.99458653400764e-303	8.8234983445423e-12	6.79388864002076e-292	0.999999997127475	2.8636511591782e-09	8	7	rs61909064	ENSG00000134954	eqtl_rs61909064_ENSG00000134954_B38.txt	rs61909064_ENSG00000134954_LD.unphased.vcor1	427	10	6	rs4937329	1	rs1946010	0.999953731405705	-0.498822	0.248823387684
427	rs876071	rs1946010	3.79373268041669e-23	8.82349836972113e-12	4.29957883075646e-12	0.999999999986834	4.37022114615085e-14	9	7	rs61909064	ENSG00000134954	eqtl_rs61909064_ENSG00000134954_B38.txt	rs61909064_ENSG00000134954_LD.unphased.vcor1	427	10	6	rs4937329	1	rs1946010	0.999953731405705	0.123966	0.015367569156
427	rs7119766	rs1946010	5.81883649575231e-20	8.82349831112332e-12	6.59470456258447e-09	0.999999993345625	5.08500062010202e-11	3	7	rs61909064	ENSG00000134954	eqtl_rs61909064_ENSG00000134954_B38.txt	rs61909064_ENSG00000134954_LD.unphased.vcor1	427	10	6	rs4937329	1	rs1946010	0.999953731405705	0.0644905	0.00415902459025
427	rs73029056	rs1946010	6.91470944477358e-22	8.82349836904603e-12	7.83669827424815e-11	0.999999999910308	2.49850590956111e-12	6	7	rs61909064	ENSG00000134954	eqtl_rs61909064_ENSG00000134954_B38.txt	rs61909064_ENSG00000134954_LD.unphased.vcor1	427	10	6	rs4937329	1	rs1946010	0.999953731405705	-0.089391	0.007990750881
427	rs11501246	rs1946010	1.14257670170571e-135	8.82349836975862e-12	1.29492481758884e-124	0.999999999991132	6.0954581315093e-14	1	7	rs61909064	ENSG00000134954	eqtl_rs61909064_ENSG00000134954_B38.txt	rs61909064_ENSG00000134954_LD.unphased.vcor1	427	10	6	rs4937329	1	rs1946010	0.999953731405705	0.0540791	0.00292454905681
427	rs11221284	rs1946010	2.74801946873741e-18	8.82349556755537e-12	3.11443302140947e-07	0.99999968239461	6.15326723666627e-09	2	7	rs61909064	ENSG00000134954	eqtl_rs61909064_ENSG00000134954_B38.txt	rs61909064_ENSG00000134954_LD.unphased.vcor1	427	10	6	rs4937329	1	rs1946010	0.999953731405705	0.365853	0.133848417609
427	rs61907721	rs1946010	1.71354554028244e-22	8.82349836958671e-12	1.94202511119637e-11	0.999999999971593	1.62419749478439e-13	10	7	rs61909064	ENSG00000134954	eqtl_rs61909064_ENSG00000134954_B38.txt	rs61909064_ENSG00000134954_LD.unphased.vcor1	427	10	6	rs4937329	1	rs1946010	0.999953731405705	-0.0594703	0.00353671658209
427	rs4144896	rs1946010	9.03822971025597e-30	8.82349836975931e-12	1.02433630419796e-18	0.999999999991147	2.59168019074698e-14	5	7	rs61909064	ENSG00000134954	eqtl_rs61909064_ENSG00000134954_B38.txt	rs61909064_ENSG00000134954_LD.unphased.vcor1	427	10	6	rs4937329	1	rs1946010	0.999953731405705	-0.115558	0.013353651364
427	rs61907765	rs553706	3.88355979743347e-15	1.31428845943444e-08	2.95411831610947e-07	0.99974297274052	0.000256718704763276	4	4	rs61909064	ENSG00000134954	eqtl_rs61909064_ENSG00000134954_B38.txt	rs61909064_ENSG00000134954_LD.unphased.vcor1	427	10	6	rs4937329	1	rs1946010	0.999953731405705	-0.296422	0.087866002084
427	rs4937329	rs553706	0	1.31462566177294e-08	0	0.999999986825856	2.78412126240982e-11	7	4	rs61909064	ENSG00000134954	eqtl_rs61909064_ENSG00000134954_B38.txt	rs61909064_ENSG00000134954_LD.unphased.vcor1	427	10	6	rs4937329	1	rs1946010	0.999953731405705	0.0348838	0.00121687950244
427	rs10750398	rs553706	8.93142037495009e-300	1.31462566176517e-08	6.79388856995316e-292	0.999999986819717	3.40219099422002e-11	8	4	rs61909064	ENSG00000134954	eqtl_rs61909064_ENSG00000134954_B38.txt	rs61909064_ENSG00000134954_LD.unphased.vcor1	427	10	6	rs4937329	1	rs1946010	0.999953731405705	-0.0299015	0.00089409970225
427	rs876071	rs553706	5.65233666548013e-20	1.31462566169794e-08	4.29957877392463e-12	0.999999986768657	8.07855843604513e-11	9	4	rs61909064	ENSG00000134954	eqtl_rs61909064_ENSG00000134954_B38.txt	rs61909064_ENSG00000134954_LD.unphased.vcor1	427	10	6	rs4937329	1	rs1946010	0.999953731405705	0.00680458	4.63023089764e-05
427	rs7119766	rs553706	8.66956784482642e-17	1.3146256522732e-08	6.59470447193345e-09	0.999999979598364	6.606714888574e-10	3	4	rs61909064	ENSG00000134954	eqtl_rs61909064_ENSG00000134954_B38.txt	rs61909064_ENSG00000134954_LD.unphased.vcor1	427	10	6	rs4937329	1	rs1946010	0.999953731405705	-0.0633399	0.00401194293201
427	rs73029056	rs553706	1.03023246539901e-18	1.31462566153914e-08	7.83669817031566e-11	0.99999998664778	1.27596334005843e-10	6	4	rs61909064	ENSG00000134954	eqtl_rs61909064_ENSG00000134954_B38.txt	rs61909064_ENSG00000134954_LD.unphased.vcor1	427	10	6	rs4937329	1	rs1946010	0.999953731405705	0.0564312	0.00318448033344
427	rs11501246	rs553706	1.70234139527774e-132	1.31462566176801e-08	1.29492480053602e-124	0.999999986822104	3.16281198367443e-11	1	4	rs61909064	ENSG00000134954	eqtl_rs61909064_ENSG00000134954_B38.txt	rs61909064_ENSG00000134954_LD.unphased.vcor1	427	10	6	rs4937329	1	rs1946010	0.999953731405705	-0.243428	0.059257191184
427	rs11221284	rs553706	4.09428379557568e-15	1.3146156835335e-08	3.11441033040191e-07	0.999992382063807	7.29334900120549e-06	2	4	rs61909064	ENSG00000134954	eqtl_rs61909064_ENSG00000134954_B38.txt	rs61909064_ENSG00000134954_LD.unphased.vcor1	427	10	6	rs4937329	1	rs1946010	0.999953731405705	0.182945	0.033468873025
427	rs61907721	rs553706	2.55303604700846e-19	1.31462566174705e-08	1.94202508562883e-11	0.999999986806124	2.81971384645993e-11	10	4	rs61909064	ENSG00000134954	eqtl_rs61909064_ENSG00000134954_B38.txt	rs61909064_ENSG00000134954_LD.unphased.vcor1	427	10	6	rs4937329	1	rs1946010	0.999953731405705	0.0156231	0.00024408125361
427	rs4144896	rs553706	1.34661879179065e-26	1.31462566176751e-08	1.02433629070806e-18	0.999999986821678	3.20655689748737e-11	5	4	rs61909064	ENSG00000134954	eqtl_rs61909064_ENSG00000134954_B38.txt	rs61909064_ENSG00000134954_LD.unphased.vcor1	427	10	6	rs4937329	1	rs1946010	0.999953731405705	0.0694862	0.00482833199044
427	rs61907765	rs55836957	1.10310018008911e-14	3.7331518295387e-08	2.9548752928336e-07	0.999999664995165	2.18577856549252e-09	4	1	rs61909064	ENSG00000134954	eqtl_rs61909064_ENSG00000134954_B38.txt	rs61909064_ENSG00000134954_LD.unphased.vcor1	427	10	6	rs4937329	1	rs1946010	0.999953731405705	-0.0178593	0.00031895459649
427	rs4937329	rs55836957	0	3.73315294049333e-08	0	0.999999962590892	7.75751269660285e-11	7	1	rs61909064	ENSG00000134954	eqtl_rs61909064_ENSG00000134954_B38.txt	rs61909064_ENSG00000134954_LD.unphased.vcor1	427	10	6	rs4937329	1	rs1946010	0.999953731405705	0.0292546	0.00085583162116
427	rs10750398	rs55836957	2.53626254262308e-299	3.73315294044112e-08	6.79388840524945e-292	0.999999962576795	9.17075269091797e-11	8	1	rs61909064	ENSG00000134954	eqtl_rs61909064_ENSG00000134954_B38.txt	rs61909064_ENSG00000134954_LD.unphased.vcor1	427	10	6	rs4937329	1	rs1946010	0.999953731405705	-0.0220838	0.00048769422244
427	rs876071	rs55836957	1.60508801397729e-19	3.73312846940813e-08	4.29955048592386e-12	0.999993394383015	6.56828139896214e-06	9	1	rs61909064	ENSG00000134954	eqtl_rs61909064_ENSG00000134954_B38.txt	rs61909064_ENSG00000134954_LD.unphased.vcor1	427	10	6	rs4937329	1	rs1946010	0.999953731405705	-0.439231	0.192923871361
427	rs7119766	rs55836957	2.46190407262979e-16	3.73315291516677e-08	6.59470431502649e-09	0.999999955806275	2.67489651216373e-10	3	1	rs61909064	ENSG00000134954	eqtl_rs61909064_ENSG00000134954_B38.txt	rs61909064_ENSG00000134954_LD.unphased.vcor1	427	10	6	rs4937329	1	rs1946010	0.999953731405705	-0.006167	3.8031889e-05
427	rs73029056	rs55836957	2.92555932026922e-18	3.73315293970217e-08	7.83669798012745e-11	0.999999962378688	2.11417390787752e-10	6	1	rs61909064	ENSG00000134954	eqtl_rs61909064_ENSG00000134954_B38.txt	rs61909064_ENSG00000134954_LD.unphased.vcor1	427	10	6	rs4937329	1	rs1946010	0.999953731405705	-0.0355488	0.00126371718144
427	rs11501246	rs55836957	4.83415239022946e-132	3.73315294025141e-08	1.29492476907473e-124	0.999999962525977	1.4252094111545e-10	1	1	rs61909064	ENSG00000134954	eqtl_rs61909064_ENSG00000134954_B38.txt	rs61909064_ENSG00000134954_LD.unphased.vcor1	427	10	6	rs4937329	1	rs1946010	0.999953731405705	-0.00121184	1.4685561856e-06
427	rs11221284	rs55836957	1.16266548377906e-14	3.73315176962251e-08	3.11443291720942e-07	0.999999648945225	2.27995286757312e-09	2	1	rs61909064	ENSG00000134954	eqtl_rs61909064_ENSG00000134954_B38.txt	rs61909064_ENSG00000134954_LD.unphased.vcor1	427	10	6	rs4937329	1	rs1946010	0.999953731405705	-0.0117518	0.00013810480324
427	rs61907721	rs55836957	1.74011720076412e-20	8.96032286442836e-10	4.66125327144566e-13	0.0220461159172538	0.977953883186251	10	1	rs61909064	ENSG00000134954	eqtl_rs61909064_ENSG00000134954_B38.txt	rs61909064_ENSG00000134954_LD.unphased.vcor1	427	10	6	rs4937329	1	rs1946010	0.999953731405705	-0.979931	0.960264764761
427	rs4144896	rs55836957	3.82400408536085e-26	3.73315293976732e-08	1.02433626568846e-18	0.999999962396026	2.72445417671992e-10	5	1	rs61909064	ENSG00000134954	eqtl_rs61909064_ENSG00000134954_B38.txt	rs61909064_ENSG00000134954_LD.unphased.vcor1	427	10	6	rs4937329	1	rs1946010	0.999953731405705	-0.22614	0.0511392996
427	rs61907765	rs7946009	2.10061377127502e-09	0.00710897367703815	1.04538528232667e-07	0.352502319723821	0.640388599959998	4	8	rs61909064	ENSG00000134954	eqtl_rs61909064_ENSG00000134954_B38.txt	rs61909064_ENSG00000134954_LD.unphased.vcor1	427	10	6	rs4937329	1	rs1946010	0.999953731405705	0.611851	0.374361646201
427	rs4937329	rs7946009	0	0.0196974196576853	0	0.98025591047838	4.66698638850997e-05	7	8	rs61909064	ENSG00000134954	eqtl_rs61909064_ENSG00000134954_B38.txt	rs61909064_ENSG00000134954_LD.unphased.vcor1	427	10	6	rs4937329	1	rs1946010	0.999953731405705	-0.0815324	0.00664753224976
427	rs10750398	rs7946009	1.33820998176152e-293	0.0196972610066383	6.65969650740225e-292	0.980247998956657	5.47400367476674e-05	8	8	rs61909064	ENSG00000134954	eqtl_rs61909064_ENSG00000134954_B38.txt	rs61909064_ENSG00000134954_LD.unphased.vcor1	427	10	6	rs4937329	1	rs1946010	0.999953731405705	0.0542386	0.00294182572996
427	rs876071	rs7946009	8.46887857016684e-14	0.0196969956905413	4.21459724587564e-12	0.980234768321865	6.82359832923784e-05	9	8	rs61909064	ENSG00000134954	eqtl_rs61909064_ENSG00000134954_B38.txt	rs61909064_ENSG00000134954_LD.unphased.vcor1	427	10	6	rs4937329	1	rs1946010	0.999953731405705	-0.0835334	0.00697782891556
427	rs7119766	rs7946009	1.2989604219218e-10	0.0196970220720409	6.46436830021194e-09	0.98023608391295	6.68874207436823e-05	3	8	rs61909064	ENSG00000134954	eqtl_rs61909064_ENSG00000134954_B38.txt	rs61909064_ENSG00000134954_LD.unphased.vcor1	427	10	6	rs4937329	1	rs1946010	0.999953731405705	0.0835105	0.00697400361025
427	rs73029056	rs7946009	1.54363168769618e-12	0.0196974750531127	7.68199213828441e-11	0.9802586729069	4.38519616230915e-05	6	8	rs61909064	ENSG00000134954	eqtl_rs61909064_ENSG00000134954_B38.txt	rs61909064_ENSG00000134954_LD.unphased.vcor1	427	10	6	rs4937329	1	rs1946010	0.999953731405705	-0.114797	0.013178351209
427	rs11501246	rs7946009	2.55069211384875e-126	0.0196976077620892	1.2693699489296e-124	0.980265290763897	3.71014739932074e-05	1	8	rs61909064	ENSG00000134954	eqtl_rs61909064_ENSG00000134954_B38.txt	rs61909064_ENSG00000134954_LD.unphased.vcor1	427	10	6	rs4937329	1	rs1946010	0.999953731405705	0.216208	0.046745899264
427	rs11221284	rs7946009	6.1344405405462e-09	0.0196968069312152	3.05284766961354e-07	0.980225356001329	7.75256482488979e-05	2	8	rs61909064	ENSG00000134954	eqtl_rs61909064_ENSG00000134954_B38.txt	rs61909064_ENSG00000134954_LD.unphased.vcor1	427	10	6	rs4937329	1	rs1946010	0.999953731405705	-0.119377	0.014250868129
427	rs61907721	rs7946009	3.82531460541781e-13	0.019697554801197	1.90369483598394e-11	0.980262649739687	3.97954396958382e-05	10	8	rs61909064	ENSG00000134954	eqtl_rs61909064_ENSG00000134954_B38.txt	rs61909064_ENSG00000134954_LD.unphased.vcor1	427	10	6	rs4937329	1	rs1946010	0.999953731405705	0.0444628	0.00197694058384
427	rs4144896	rs7946009	2.01769083474133e-20	0.0196975429500499	1.00411809718058e-18	0.980262058753265	4.03982966868178e-05	5	8	rs61909064	ENSG00000134954	eqtl_rs61909064_ENSG00000134954_B38.txt	rs61909064_ENSG00000134954_LD.unphased.vcor1	427	10	6	rs4937329	1	rs1946010	0.999953731405705	0.0703361	0.00494716696321
629	rs55801737	rs2609259	0	0	0.0139850311895677	0.985696067996826	0.000318900953230607	1	1	rs34051876	ENSG00000138640	eqtl_rs34051876_ENSG00000138640_B38.txt	rs34051876_ENSG00000138640_LD.unphased.vcor1	629	1	7	rs7680357	0.0595081676712644	rs2446298	1	0.226344	0.051231606336
629	rs55801737	rs78366141	9.79206665278999e-69	6.90167058565263e-67	0.0139864732835281	0.985797916367498	0.00021561034896874	1	3	rs34051876	ENSG00000138640	eqtl_rs34051876_ENSG00000138640_B38.txt	rs34051876_ENSG00000138640_LD.unphased.vcor1	629	1	7	rs7680357	0.0595081676712644	rs2446298	1	0.070742	0.005004430564
629	rs55801737	rs7663772	5.33234043075932e-150	3.75835443207202e-148	0.0139837721398216	0.985607146693361	0.000409081166814782	1	4	rs34051876	ENSG00000138640	eqtl_rs34051876_ENSG00000138640_B38.txt	rs34051876_ENSG00000138640_LD.unphased.vcor1	629	1	7	rs7680357	0.0595081676712644	rs2446298	1	0.381077	0.145219679929
629	rs55801737	rs13135897	0	0	0.0139874853340398	0.985869392959452	0.000143121706517582	1	5	rs34051876	ENSG00000138640	eqtl_rs34051876_ENSG00000138640_B38.txt	rs34051876_ENSG00000138640_LD.unphased.vcor1	629	1	7	rs7680357	0.0595081676712644	rs2446298	1	0.311269	0.096888390361
629	rs55801737	rs1585258	0	0	0.0139872528941531	0.985852976771667	0.000159770334384827	1	6	rs34051876	ENSG00000138640	eqtl_rs34051876_ENSG00000138640_B38.txt	rs34051876_ENSG00000138640_LD.unphased.vcor1	629	1	7	rs7680357	0.0595081676712644	rs2446298	1	-0.213182	0.045446565124
629	rs55801737	rs2446298	0	0	0.0139851137656186	0.985701899156425	0.000312986192086627	1	7	rs34051876	ENSG00000138640	eqtl_rs34051876_ENSG00000138640_B38.txt	rs34051876_ENSG00000138640_LD.unphased.vcor1	629	1	7	rs7680357	0.0595081676712644	rs2446298	1	0.226344	0.051231606336
629	rs55801737	rs2670626	0	0	0.0138649679321417	0.977216537953581	0.00891849411425968	1	2	rs34051876	ENSG00000138640	eqtl_rs34051876_ENSG00000138640_B38.txt	rs34051876_ENSG00000138640_LD.unphased.vcor1	629	1	7	rs7680357	0.0595081676712644	rs2446298	1	-0.50622	0.2562586884
495	rs72778635	rs141847598	0	0	1.11753873913992e-06	0.999998854051657	2.84096169420261e-08	1	3	rs2544920	ENSG00000113532	eqtl_rs2544920_ENSG00000113532_B38.txt	rs2544920_ENSG00000113532_LD.unphased.vcor1	495	1	10	rs72778635	0.0362666253679206	rs4703128	1	-0.076068	0.005786340624
495	rs72778635	rs17158363	0	0	1.11753865102351e-06	0.999998775045538	1.07415610987813e-07	1	1	rs2544920	ENSG00000113532	eqtl_rs2544920_ENSG00000113532_B38.txt	rs2544920_ENSG00000113532_LD.unphased.vcor1	495	1	10	rs72778635	0.0362666253679206	rs4703128	1	0.0449052	0.00201647698704
495	rs72778635	rs279106	1.44999740604021e-63	1.29749036316767e-57	1.11753796774458e-06	0.999998162406468	7.20055578033034e-07	1	2	rs2544920	ENSG00000113532	eqtl_rs2544920_ENSG00000113532_B38.txt	rs2544920_ENSG00000113532_LD.unphased.vcor1	495	1	10	rs72778635	0.0362666253679206	rs4703128	1	0.573356	0.328737102736
495	rs72778635	rs72776666	1.66272508275197e-236	1.48784388336202e-230	1.11753875137656e-06	0.99999886502322	1.74379883270104e-08	1	4	rs2544920	ENSG00000113532	eqtl_rs2544920_ENSG00000113532_B38.txt	rs2544920_ENSG00000113532_LD.unphased.vcor1	495	1	10	rs72778635	0.0362666253679206	rs4703128	1	0.00745715	5.56090861225e-05
495	rs72778635	rs6895935	0	0	1.11753758965151e-06	0.999997823402263	1.0590601991233e-06	1	5	rs2544920	ENSG00000113532	eqtl_rs2544920_ENSG00000113532_B38.txt	rs2544920_ENSG00000113532_LD.unphased.vcor1	495	1	10	rs72778635	0.0362666253679206	rs4703128	1	-0.435035	0.189255451225
495	rs72778635	rs4703128	0	0	1.12307897736021e-07	0.0986930247021688	0.901306863101766	1	6	rs2544920	ENSG00000113532	eqtl_rs2544920_ENSG00000113532_B38.txt	rs2544920_ENSG00000113532_LD.unphased.vcor1	495	1	10	rs72778635	0.0362666253679206	rs4703128	1	-0.98527	0.9707569729
495	rs72778635	rs966257	0	0	1.00443153475447e-07	0.0880549078355988	0.911944991676557	1	9	rs2544920	ENSG00000113532	eqtl_rs2544920_ENSG00000113532_B38.txt	rs2544920_ENSG00000113532_LD.unphased.vcor1	495	1	10	rs72778635	0.0362666253679206	rs4703128	1	-0.98527	0.9707569729
495	rs72778635	rs9327283	0	0	1.11753875110518e-06	0.999998864779817	1.76813265117797e-08	1	10	rs2544920	ENSG00000113532	eqtl_rs2544920_ENSG00000113532_B38.txt	rs2544920_ENSG00000113532_LD.unphased.vcor1	495	1	10	rs72778635	0.0362666253679206	rs4703128	1	0.0357589	0.00127869892921
495	rs72778635	rs6874602	1.0143411162411e-223	9.07655294971656e-218	1.1175375884385e-06	0.999997822314737	1.06014772730606e-06	1	8	rs2544920	ENSG00000113532	eqtl_rs2544920_ENSG00000113532_B38.txt	rs2544920_ENSG00000113532_LD.unphased.vcor1	495	1	10	rs72778635	0.0362666253679206	rs4703128	1	0.444413	0.197502914569
495	rs72778635	rs10035928	3.2698327767106e-37	2.92592007356606e-31	1.11753868351316e-06	0.999998804175907	7.82854025683617e-08	1	7	rs2544920	ENSG00000113532	eqtl_rs2544920_ENSG00000113532_B38.txt	rs2544920_ENSG00000113532_LD.unphased.vcor1	495	1	10	rs72778635	0.0362666253679206	rs4703128	1	-0.40948	0.1676738704
521	rs72778635	rs10214408	0	0	1.11753865099048e-06	0.999998782297385	1.00163876979532e-07	1	1	rs2544920	ENSG00000174132	eqtl_rs2544920_ENSG00000174132_B38.txt	rs2544920_ENSG00000174132_LD.unphased.vcor1	521	1	10	rs72778635	0.0362666252137414	rs143650985	1	-0.0433653	0.00188054924409
521	rs72778635	rs157178	8.42629431966294e-250	7.54003814826885e-244	1.11753856746907e-06	0.999998707410935	1.75050477157014e-07	1	2	rs2544920	ENSG00000174132	eqtl_rs2544920_ENSG00000174132_B38.txt	rs2544920_ENSG00000174132_LD.unphased.vcor1	521	1	10	rs72778635	0.0362666252137414	rs143650985	1	-0.521463	0.271923660369
521	rs72778635	rs143650985	0	0	1.11753875010048e-06	0.999998871161507	1.12996680335623e-08	1	3	rs2544920	ENSG00000174132	eqtl_rs2544920_ENSG00000174132_B38.txt	rs2544920_ENSG00000174132_LD.unphased.vcor1	521	1	10	rs72778635	0.0362666252137414	rs143650985	1	0.0138836	0.00019275434896
521	rs72778635	rs72778691	0	0	1.11753868652519e-06	0.999998814158765	6.83025464308484e-08	1	4	rs2544920	ENSG00000174132	eqtl_rs2544920_ENSG00000174132_B38.txt	rs2544920_ENSG00000174132_LD.unphased.vcor1	521	1	10	rs72778635	0.0362666252137414	rs143650985	1	0.349758	0.122330658564
521	rs72778635	rs2544919	9.26892826605874e-303	8.29404600270904e-297	1.11753875206237e-06	0.99999887292024	9.54095197317966e-09	1	5	rs2544920	ENSG00000174132	eqtl_rs2544920_ENSG00000174132_B38.txt	rs2544920_ENSG00000174132_LD.unphased.vcor1	521	1	10	rs72778635	0.0362666252137414	rs143650985	1	-0.157886	0.024927988996
521	rs72778635	rs378413	1.16336352539742e-40	1.04100391334918e-34	1.11753871209471e-06	0.999998837084754	4.53765283666641e-08	1	6	rs2544920	ENSG00000174132	eqtl_rs2544920_ENSG00000174132_B38.txt	rs2544920_ENSG00000174132_LD.unphased.vcor1	521	1	10	rs72778635	0.0362666252137414	rs143650985	1	-0.0680681	0.00463326623761
521	rs72778635	rs4357007	0	0	1.11753749095681e-06	0.99999774219332	1.14026907610338e-06	1	7	rs2544920	ENSG00000174132	eqtl_rs2544920_ENSG00000174132_B38.txt	rs2544920_ENSG00000174132_LD.unphased.vcor1	521	1	10	rs72778635	0.0362666252137414	rs143650985	1	-0.711072	0.505623389184
521	rs72778635	rs17726244	0	0	1.11739903413672e-06	0.999873599623442	0.000125282977552143	1	8	rs2544920	ENSG00000174132	eqtl_rs2544920_ENSG00000174132_B38.txt	rs2544920_ENSG00000174132_LD.unphased.vcor1	521	1	10	rs72778635	0.0362666252137414	rs143650985	1	-0.825496	0.681443646016
521	rs72778635	rs9327283	5.6155564530651e-161	5.02492653040415e-155	1.11753874298355e-06	0.999998864780215	1.76810449196119e-08	1	9	rs2544920	ENSG00000174132	eqtl_rs2544920_ENSG00000174132_B38.txt	rs2544920_ENSG00000174132_LD.unphased.vcor1	521	1	10	rs72778635	0.0362666252137414	rs143650985	1	0.0357589	0.00127869892921
521	rs72778635	rs6874986	0	0	1.11753850410063e-06	0.999998650593853	2.31867722983623e-07	1	10	rs2544920	ENSG00000174132	eqtl_rs2544920_ENSG00000174132_B38.txt	rs2544920_ENSG00000174132_LD.unphased.vcor1	521	1	10	rs72778635	0.0362666252137414	rs143650985	1	0.422918	0.178859634724
305	rs2239726	rs3755887	0	4.40672537392972e-15	0	0.999999999999773	1.62580590600708e-13	4	1	rs113877763	ENSG00000125386	eqtl_rs113877763_ENSG00000125386_B38.txt	rs113877763_ENSG00000125386_LD.unphased.vcor1	305	8	2	rs12503560	1	rs13139534	0.50258512782025	0.413154	0.170696227716
305	rs9761799	rs3755887	0	4.40672537403893e-15	0	1	8.21492904779626e-15	6	1	rs113877763	ENSG00000125386	eqtl_rs113877763_ENSG00000125386_B38.txt	rs113877763_ENSG00000125386_LD.unphased.vcor1	305	8	2	rs12503560	1	rs13139534	0.50258512782025	0.417095	0.173968239025
305	rs12503560	rs3755887	0	4.40672537403893e-15	0	1	1.32474133359554e-13	7	1	rs113877763	ENSG00000125386	eqtl_rs113877763_ENSG00000125386_B38.txt	rs113877763_ENSG00000125386_LD.unphased.vcor1	305	8	2	rs12503560	1	rs13139534	0.50258512782025	0.419888	0.176305932544
305	rs6600766	rs3755887	5.86685486680938e-19	4.40505854534648e-15	0.000133134115901927	0.999621262261954	0.000245603622142899	8	1	rs113877763	ENSG00000125386	eqtl_rs113877763_ENSG00000125386_B38.txt	rs113877763_ENSG00000125386_LD.unphased.vcor1	305	8	2	rs12503560	1	rs13139534	0.50258512782025	0.434064	0.188411556096
305	rs1784166	rs3755887	8.09597209881918e-25	4.39397061082267e-15	1.83718553162222e-10	0.997099813882173	0.00290018593410295	1	1	rs113877763	ENSG00000125386	eqtl_rs113877763_ENSG00000125386_B38.txt	rs113877763_ENSG00000125386_LD.unphased.vcor1	305	8	2	rs12503560	1	rs13139534	0.50258512782025	0.763195	0.582466608025
305	rs6825878	rs3755887	1.44439496272586e-20	4.406706458078e-15	3.2777058703735e-06	0.999995705469827	1.0168242969385e-06	3	1	rs113877763	ENSG00000125386	eqtl_rs113877763_ENSG00000125386_B38.txt	rs113877763_ENSG00000125386_LD.unphased.vcor1	305	8	2	rs12503560	1	rs13139534	0.50258512782025	-0.33978	0.1154504484
305	rs1203853	rs3755887	1.33833233511839e-18	4.40526910801456e-15	0.00030370223273624	0.999669481954727	2.68158125304926e-05	5	1	rs113877763	ENSG00000125386	eqtl_rs113877763_ENSG00000125386_B38.txt	rs113877763_ENSG00000125386_LD.unphased.vcor1	305	8	2	rs12503560	1	rs13139534	0.50258512782025	-0.35202	0.1239180804
305	rs35689959	rs3755887	6.37854368851889e-19	4.40607750697485e-15	0.000144745659129387	0.999852977672349	2.27666851425071e-06	2	1	rs113877763	ENSG00000125386	eqtl_rs113877763_ENSG00000125386_B38.txt	rs113877763_ENSG00000125386_LD.unphased.vcor1	305	8	2	rs12503560	1	rs13139534	0.50258512782025	0.142356	0.020265230736
305	rs2239726	rs13139534	0	0.0498951616353205	0	0.949949054911312	0.000155783453333584	4	2	rs113877763	ENSG00000125386	eqtl_rs113877763_ENSG00000125386_B38.txt	rs113877763_ENSG00000125386_LD.unphased.vcor1	305	8	2	rs12503560	1	rs13139534	0.50258512782025	-0.142622	0.020341034884
305	rs9761799	rs13139534	0	0.0498980514483444	0	0.950004189833913	9.7758719917199e-05	6	2	rs113877763	ENSG00000125386	eqtl_rs113877763_ENSG00000125386_B38.txt	rs113877763_ENSG00000125386_LD.unphased.vcor1	305	8	2	rs12503560	1	rs13139534	0.50258512782025	-0.151204	0.022862649616
305	rs12503560	rs13139534	0	0.0498956951841613	0	0.949959234510112	0.000145070298121871	7	2	rs113877763	ENSG00000125386	eqtl_rs113877763_ENSG00000125386_B38.txt	rs113877763_ENSG00000125386_LD.unphased.vcor1	305	8	2	rs12503560	1	rs13139534	0.50258512782025	-0.146973	0.021601062729
305	rs6600766	rs13139534	6.64473809700608e-06	0.0498912296286689	0.00012650855391149	0.949874302738625	0.000101314340698274	8	2	rs113877763	ENSG00000125386	eqtl_rs113877763_ENSG00000125386_B38.txt	rs113877763_ENSG00000125386_LD.unphased.vcor1	305	8	2	rs12503560	1	rs13139534	0.50258512782025	0.0951487	0.00905327511169
305	rs1784166	rs13139534	9.19072907612331e-12	0.0498813397076916	1.74981440628416e-10	0.949685345447438	0.000433314660697123	1	2	rs113877763	ENSG00000125386	eqtl_rs113877763_ENSG00000125386_B38.txt	rs113877763_ENSG00000125386_LD.unphased.vcor1	305	8	2	rs12503560	1	rs13139534	0.50258512782025	0.178522	0.031870104484
305	rs6825878	rs13139534	1.63543418779047e-07	0.0498954827666871	3.11368802042033e-06	0.949955188365299	0.000146051636574602	3	2	rs113877763	ENSG00000125386	eqtl_rs113877763_ENSG00000125386_B38.txt	rs113877763_ENSG00000125386_LD.unphased.vcor1	305	8	2	rs12503560	1	rs13139534	0.50258512782025	0.104221	0.010862016841
305	rs1203853	rs13139534	1.51539748843776e-05	0.0498809867101295	0.000288515125900512	0.949679219138727	0.000136125050359032	5	2	rs113877763	ENSG00000125386	eqtl_rs113877763_ENSG00000125386_B38.txt	rs113877763_ENSG00000125386_LD.unphased.vcor1	305	8	2	rs12503560	1	rs13139534	0.50258512782025	0.203075	0.041239455625
305	rs35689959	rs13139534	4.83253997550097e-08	0.000333815157932323	9.20062815260624e-07	0.00436487522754323	0.995300341226311	2	2	rs113877763	ENSG00000125386	eqtl_rs113877763_ENSG00000125386_B38.txt	rs113877763_ENSG00000125386_LD.unphased.vcor1	305	8	2	rs12503560	1	rs13139534	0.50258512782025	0.980664	0.961701880896
307	rs35139572	rs1877722	0	0	0.197515790420506	0.779034035076862	0.0234501745027394	2	1	rs113877763	ENSG00000168884	eqtl_rs113877763_ENSG00000168884_B38.txt	rs113877763_ENSG00000168884_LD.unphased.vcor1	307	1	9	rs232719	0.160170714447055	rs13121085	1	0.59109	0.3493873881
307	rs35139572	rs2880006	0	0	0.191964835045958	0.757083854214446	0.0509513107400002	2	3	rs113877763	ENSG00000168884	eqtl_rs113877763_ENSG00000168884_B38.txt	rs113877763_ENSG00000168884_LD.unphased.vcor1	307	1	9	rs232719	0.160170714447055	rs13121085	1	-0.647756	0.419587835536
307	rs35139572	rs13121085	0	0	0.144335526760129	0.568742954186426	0.28692151905351	2	4	rs113877763	ENSG00000168884	eqtl_rs113877763_ENSG00000168884_B38.txt	rs113877763_ENSG00000168884_LD.unphased.vcor1	307	1	9	rs232719	0.160170714447055	rs13121085	1	-0.731144	0.534571548736
307	rs35139572	rs185656469	0	0	0.201696260887146	0.79556489808025	0.00273884103252322	2	5	rs113877763	ENSG00000168884	eqtl_rs113877763_ENSG00000168884_B38.txt	rs113877763_ENSG00000168884_LD.unphased.vcor1	307	1	9	rs232719	0.160170714447055	rs13121085	1	0.7052	0.49730704
307	rs35139572	rs13146313	0	0	0.17409399071499	0.686417052055766	0.139488957229666	2	6	rs113877763	ENSG00000168884	eqtl_rs113877763_ENSG00000168884_B38.txt	rs113877763_ENSG00000168884_LD.unphased.vcor1	307	1	9	rs232719	0.160170714447055	rs13121085	1	0.736645	0.542645856025
307	rs35139572	rs13129007	0	0	0.182047886211687	0.71786919550762	0.100082918280095	2	7	rs113877763	ENSG00000168884	eqtl_rs113877763_ENSG00000168884_B38.txt	rs113877763_ENSG00000168884_LD.unphased.vcor1	307	1	9	rs232719	0.160170714447055	rs13121085	1	-0.736645	0.542645856025
307	rs35139572	rs71608235	0	0	0.192078414246153	0.757532981223455	0.0503886045302366	2	8	rs113877763	ENSG00000168884	eqtl_rs113877763_ENSG00000168884_B38.txt	rs113877763_ENSG00000168884_LD.unphased.vcor1	307	1	9	rs232719	0.160170714447055	rs13121085	1	0.651743	0.424768938049
307	rs35139572	rs34212605	4.9415882871117e-28	1.94915921254483e-27	0.00899723569748781	0.0335738227358787	0.95742894156663	2	10	rs113877763	ENSG00000168884	eqtl_rs113877763_ENSG00000168884_B38.txt	rs113877763_ENSG00000168884_LD.unphased.vcor1	307	1	9	rs232719	0.160170714447055	rs13121085	1	0.989487	0.979084523169
307	rs35139572	rs57989672	5.16239957087883e-09	2.03625597637502e-08	0.201772845672664	0.795867737873436	0.00235939092893933	2	2	rs113877763	ENSG00000168884	eqtl_rs113877763_ENSG00000168884_B38.txt	rs113877763_ENSG00000168884_LD.unphased.vcor1	307	1	9	rs232719	0.160170714447055	rs13121085	1	-0.0687406	0.00472527008836
										rs2111485	ENSG00000115267	eqtl_rs2111485_ENSG00000115267_B38.txt	rs2111485_ENSG00000115267_LD.unphased.vcor1	13	2	0	rs2111485	0.999887112053264	rs13015258	0.866022717738412		
900	rs3761959	rs1581997	0	0	3.07975192621559e-21	1	1.68582807130788e-21	3	1	rs73011567	ENSG00000143297	eqtl_rs73011567_ENSG00000143297_B38.txt	rs73011567_ENSG00000143297_LD.unphased.vcor1	900	3	2	rs3761959	0.481303439110294	rs1581997	1	0.142546	0.020319362116
900	rs73011567	rs1581997	0	0	1.82390471896108e-22	1	1.56204065347323e-22	1	1	rs73011567	ENSG00000143297	eqtl_rs73011567_ENSG00000143297_B38.txt	rs73011567_ENSG00000143297_LD.unphased.vcor1	900	3	2	rs3761959	0.481303439110294	rs1581997	1	-0.155451	0.024165013401
900	rs2026391	rs1581997	0	0	2.39815590432552e-14	1	1.94580806577225e-16	4	1	rs73011567	ENSG00000143297	eqtl_rs73011567_ENSG00000143297_B38.txt	rs73011567_ENSG00000143297_LD.unphased.vcor1	900	3	2	rs3761959	0.481303439110294	rs1581997	1	-0.273921	0.075032714241
900	rs3761959	rs34892321	0	0	3.07975192621559e-21	1	1.57074454230151e-21	3	2	rs73011567	ENSG00000143297	eqtl_rs73011567_ENSG00000143297_B38.txt	rs73011567_ENSG00000143297_LD.unphased.vcor1	900	3	2	rs3761959	0.481303439110294	rs1581997	1	0.142546	0.020319362116
900	rs73011567	rs34892321	0	0	1.82390471896108e-22	1	1.45065127693505e-22	1	2	rs73011567	ENSG00000143297	eqtl_rs73011567_ENSG00000143297_B38.txt	rs73011567_ENSG00000143297_LD.unphased.vcor1	900	3	2	rs3761959	0.481303439110294	rs1581997	1	-0.155451	0.024165013401
900	rs2026391	rs34892321	0	0	2.39815590432552e-14	1	1.98570546748523e-16	4	2	rs73011567	ENSG00000143297	eqtl_rs73011567_ENSG00000143297_B38.txt	rs73011567_ENSG00000143297_LD.unphased.vcor1	900	3	2	rs3761959	0.481303439110294	rs1581997	1	-0.273921	0.075032714241
350	rs1894400	rs424634	0	0	5.79009832764809e-05	0.99993908663593	3.01237497777643e-06	1	1	rs35346340	ENSG00000140564	eqtl_rs35346340_ENSG00000140564_B38.txt	rs35346340_ENSG00000140564_LD.unphased.vcor1	350	2	10	rs387833	0.314005651080849	rs1858876	1	0.265396	0.070435036816
350	rs387833	rs424634	0	0	0.602838352240918	0.375601054984036	0.0215605927633105	2	1	rs35346340	ENSG00000140564	eqtl_rs35346340_ENSG00000140564_B38.txt	rs35346340_ENSG00000140564_LD.unphased.vcor1	350	2	10	rs387833	0.314005651080849	rs1858876	1	-0.491363	0.241437597769
350	rs1894400	rs55670715	5.52195307229528e-22	9.53630911329045e-18	5.79011305471269e-05	0.999941635079252	4.63790199377719e-07	1	2	rs35346340	ENSG00000140564	eqtl_rs35346340_ENSG00000140564_B38.txt	rs35346340_ENSG00000140564_LD.unphased.vcor1	350	2	10	rs387833	0.314005651080849	rs1858876	1	-0.0237296	0.00056309391616
350	rs387833	rs55670715	5.82726163559441e-18	3.63111750984946e-18	0.611024817265548	0.380728881755887	0.00824630097856616	2	2	rs35346340	ENSG00000140564	eqtl_rs35346340_ENSG00000140564_B38.txt	rs35346340_ENSG00000140564_LD.unphased.vcor1	350	2	10	rs387833	0.314005651080849	rs1858876	1	-0.136035	0.018505521225
350	rs1894400	rs424002	0	0	5.79011141246212e-05	0.999941350897715	7.47988439048944e-07	1	3	rs35346340	ENSG00000140564	eqtl_rs35346340_ENSG00000140564_B38.txt	rs35346340_ENSG00000140564_LD.unphased.vcor1	350	2	10	rs387833	0.314005651080849	rs1858876	1	0.244572	0.059815463184
350	rs387833	rs424002	0	0	0.138510532828135	0.0847560301939167	0.776733436977737	2	3	rs35346340	ENSG00000140564	eqtl_rs35346340_ENSG00000140564_B38.txt	rs35346340_ENSG00000140564_LD.unphased.vcor1	350	2	10	rs387833	0.314005651080849	rs1858876	1	-0.816076	0.665980037776
350	rs1894400	rs1858876	0	0	5.7900975806254e-05	0.9999389573937	3.14164469935938e-06	1	4	rs35346340	ENSG00000140564	eqtl_rs35346340_ENSG00000140564_B38.txt	rs35346340_ENSG00000140564_LD.unphased.vcor1	350	2	10	rs387833	0.314005651080849	rs1858876	1	-0.262449	0.068879477601
350	rs387833	rs1858876	0	0	0.603201022316125	0.375828223793994	0.0209707539086285	2	4	rs35346340	ENSG00000140564	eqtl_rs35346340_ENSG00000140564_B38.txt	rs35346340_ENSG00000140564_LD.unphased.vcor1	350	2	10	rs387833	0.314005651080849	rs1858876	1	0.49635	0.2463633225
350	rs1894400	rs439188	0	0	5.79011182414287e-05	0.999941422135168	6.76746436021934e-07	1	5	rs35346340	ENSG00000140564	eqtl_rs35346340_ENSG00000140564_B38.txt	rs35346340_ENSG00000140564_LD.unphased.vcor1	350	2	10	rs387833	0.314005651080849	rs1858876	1	-0.231999	0.053823536001
350	rs387833	rs439188	0	0	0.10803866998103	0.0656691063983995	0.826292223620525	2	5	rs35346340	ENSG00000140564	eqtl_rs35346340_ENSG00000140564_B38.txt	rs35346340_ENSG00000140564_LD.unphased.vcor1	350	2	10	rs387833	0.314005651080849	rs1858876	1	0.846589	0.716712934921
350	rs1894400	rs8041787	0	0	5.7901120265919e-05	0.999941457175947	6.41710348768867e-07	1	6	rs35346340	ENSG00000140564	eqtl_rs35346340_ENSG00000140564_B38.txt	rs35346340_ENSG00000140564_LD.unphased.vcor1	350	2	10	rs387833	0.314005651080849	rs1858876	1	0.000809678	6.55578463684e-07
350	rs387833	rs8041787	0	0	0.536861059134952	0.334274288323662	0.128864652539012	2	6	rs35346340	ENSG00000140564	eqtl_rs35346340_ENSG00000140564_B38.txt	rs35346340_ENSG00000140564_LD.unphased.vcor1	350	2	10	rs387833	0.314005651080849	rs1858876	1	-0.444027	0.197159976729
350	rs1894400	rs8041774	1.62141792185449e-19	2.80015825962214e-15	5.79011304733051e-05	0.999941633801792	4.65067733995279e-07	1	7	rs35346340	ENSG00000140564	eqtl_rs35346340_ENSG00000140564_B38.txt	rs35346340_ENSG00000140564_LD.unphased.vcor1	350	2	10	rs387833	0.314005651080849	rs1858876	1	-0.119169	0.014201250561
350	rs387833	rs8041774	1.68367272217063e-15	1.04914003946316e-15	0.60124260776177	0.374601514739126	0.0241558774990979	2	7	rs35346340	ENSG00000140564	eqtl_rs35346340_ENSG00000140564_B38.txt	rs35346340_ENSG00000140564_LD.unphased.vcor1	350	2	10	rs387833	0.314005651080849	rs1858876	1	0.209248	0.043784725504
350	rs1894400	rs376702	0	0	5.79011185984686e-05	0.999941428306638	6.70560457205073e-07	1	8	rs35346340	ENSG00000140564	eqtl_rs35346340_ENSG00000140564_B38.txt	rs35346340_ENSG00000140564_LD.unphased.vcor1	350	2	10	rs387833	0.314005651080849	rs1858876	1	-0.210721	0.044403339841
350	rs387833	rs376702	0	0	0.559706718067044	0.348584320926621	0.0917089610094038	2	8	rs35346340	ENSG00000140564	eqtl_rs35346340_ENSG00000140564_B38.txt	rs35346340_ENSG00000140564_LD.unphased.vcor1	350	2	10	rs387833	0.314005651080849	rs1858876	1	0.518124	0.268452479376
350	rs1894400	rs385143	0	0	5.7901115686118e-05	0.999941377916308	7.20968058355207e-07	1	9	rs35346340	ENSG00000140564	eqtl_rs35346340_ENSG00000140564_B38.txt	rs35346340_ENSG00000140564_LD.unphased.vcor1	350	2	10	rs387833	0.314005651080849	rs1858876	1	-0.233601	0.054569427201
350	rs387833	rs385143	0	0	0.151800181629564	0.0930803822430689	0.755119436127252	2	9	rs35346340	ENSG00000140564	eqtl_rs35346340_ENSG00000140564_B38.txt	rs35346340_ENSG00000140564_LD.unphased.vcor1	350	2	10	rs387833	0.314005651080849	rs1858876	1	0.822101	0.675850054201
350	rs1894400	rs2238337	0	0	5.79011150040559e-05	0.999941366115397	7.3277567093812e-07	1	10	rs35346340	ENSG00000140564	eqtl_rs35346340_ENSG00000140564_B38.txt	rs35346340_ENSG00000140564_LD.unphased.vcor1	350	2	10	rs387833	0.314005651080849	rs1858876	1	0.211694	0.044814349636
350	rs387833	rs2238337	0	0	0.568795823380177	0.354277542288822	0.0769266343364144	2	10	rs35346340	ENSG00000140564	eqtl_rs35346340_ENSG00000140564_B38.txt	rs35346340_ENSG00000140564_LD.unphased.vcor1	350	2	10	rs387833	0.314005651080849	rs1858876	1	-0.518487	0.268828769169
734	rs1894400	rs1573643	0	0	8.17328122373194e-06	0.120260617585915	0.879731209133618	1	1	rs35346340	ENSG00000182511	eqtl_rs35346340_ENSG00000182511_B38.txt	rs35346340_ENSG00000182511_LD.unphased.vcor1	734	1	10	rs387833	0.283662075655877	rs112565281	1	-0.970881	0.942609916161
734	rs1894400	rs34864584	0	0	6.69784977123731e-05	0.999931533173332	1.48832896246752e-06	1	2	rs35346340	ENSG00000182511	eqtl_rs35346340_ENSG00000182511_B38.txt	rs35346340_ENSG00000182511_LD.unphased.vcor1	734	1	10	rs387833	0.283662075655877	rs112565281	1	-0.281128	0.079032952384
734	rs1894400	rs112565281	4.64076549767021e-105	6.9282649379881e-101	6.69784995676868e-05	0.999931560927135	1.46057330732844e-06	1	3	rs35346340	ENSG00000182511	eqtl_rs35346340_ENSG00000182511_B38.txt	rs35346340_ENSG00000182511_LD.unphased.vcor1	734	1	10	rs387833	0.283662075655877	rs112565281	1	-0.0409144	0.00167398812736
734	rs1894400	rs436723	3.81829157431705e-160	5.70038189833932e-156	6.69784870438728e-05	0.999931373582674	1.64793029565198e-06	1	4	rs35346340	ENSG00000182511	eqtl_rs35346340_ENSG00000182511_B38.txt	rs35346340_ENSG00000182511_LD.unphased.vcor1	734	1	10	rs387833	0.283662075655877	rs112565281	1	0.134059	0.017971815481
734	rs1894400	rs60994696	2.4808070129865e-109	3.70363213883961e-105	6.69785613059544e-05	0.999932484473728	5.36964963951276e-07	1	5	rs35346340	ENSG00000182511	eqtl_rs35346340_ENSG00000182511_B38.txt	rs35346340_ENSG00000182511_LD.unphased.vcor1	734	1	10	rs387833	0.283662075655877	rs112565281	1	0.0465931	0.00217091696761
734	rs1894400	rs4932179	0	0	6.69372626432162e-05	0.999314695192027	0.000618367545334261	1	6	rs35346340	ENSG00000182511	eqtl_rs35346340_ENSG00000182511_B38.txt	rs35346340_ENSG00000182511_LD.unphased.vcor1	734	1	10	rs387833	0.283662075655877	rs112565281	1	-0.62155	0.3863244025
734	rs1894400	rs12906125	0	0	6.69014765029045e-07	0.00800382574484297	0.991995505229872	1	7	rs35346340	ENSG00000182511	eqtl_rs35346340_ENSG00000182511_B38.txt	rs35346340_ENSG00000182511_LD.unphased.vcor1	734	1	10	rs387833	0.283662075655877	rs112565281	1	0.99465	0.9893286225
734	rs1894400	rs1894400	0	0	4.99123931297629e-07	0.00546241812538147	0.994537082755578	1	8	rs35346340	ENSG00000182511	eqtl_rs35346340_ENSG00000182511_B38.txt	rs35346340_ENSG00000182511_LD.unphased.vcor1	734	1	10	rs387833	0.283662075655877	rs112565281	1	1	1
734	rs1894400	rs76792278	0	0	6.69785603373512e-05	0.999932469984438	5.51455046171912e-07	1	9	rs35346340	ENSG00000182511	eqtl_rs35346340_ENSG00000182511_B38.txt	rs35346340_ENSG00000182511_LD.unphased.vcor1	734	1	10	rs387833	0.283662075655877	rs112565281	1	0.046507	0.002162901049
734	rs1894400	rs1029420	0	0	6.67961398256547e-05	0.997203630127464	0.00272957373293334	1	10	rs35346340	ENSG00000182511	eqtl_rs35346340_ENSG00000182511_B38.txt	rs35346340_ENSG00000182511_LD.unphased.vcor1	734	1	10	rs387833	0.283662075655877	rs112565281	1	-0.698756	0.488259947536
354	rs11762856	rs113716711	0	5.33058622516815e-25	0	1	5.09433900495406e-21	2	1	rs7784748	ENSG00000164916	eqtl_rs7784748_ENSG00000164916_B38.txt	rs7784748_ENSG00000164916_LD.unphased.vcor1	354	3	10	rs11762856	1	rs62453197	1	0.0896732	0.00804128279824
354	rs7784748	rs113716711	0	5.33058622516694e-25	0	1	4.03112397386562e-25	3	1	rs7784748	ENSG00000164916	eqtl_rs7784748_ENSG00000164916_B38.txt	rs7784748_ENSG00000164916_LD.unphased.vcor1	354	3	10	rs11762856	1	rs62453197	1	0.0919916	0.00846245447056
354	rs73307305	rs113716711	1.00359679109644e-25	4.31490917372903e-25	0.188271373673313	0.809457868708323	0.00227075761836083	1	1	rs7784748	ENSG00000164916	eqtl_rs7784748_ENSG00000164916_B38.txt	rs7784748_ENSG00000164916_LD.unphased.vcor1	354	3	10	rs11762856	1	rs62453197	1	0.0420369	0.00176710096161
354	rs11762856	rs7800598	0	8.66033681964416e-42	0	1	4.89077375963553e-33	2	2	rs7784748	ENSG00000164916	eqtl_rs7784748_ENSG00000164916_B38.txt	rs7784748_ENSG00000164916_LD.unphased.vcor1	354	3	10	rs11762856	1	rs62453197	1	0.188632	0.035582031424
354	rs7784748	rs7800598	0	8.66033681964416e-42	0	1	6.02352172082773e-40	3	2	rs7784748	ENSG00000164916	eqtl_rs7784748_ENSG00000164916_B38.txt	rs7784748_ENSG00000164916_LD.unphased.vcor1	354	3	10	rs11762856	1	rs62453197	1	0.149821	0.022446332041
354	rs73307305	rs7800598	1.4945932787852e-42	6.42592155219865e-42	0.172579116714595	0.741823219673168	0.0855976636122354	1	2	rs7784748	ENSG00000164916	eqtl_rs7784748_ENSG00000164916_B38.txt	rs7784748_ENSG00000164916_LD.unphased.vcor1	354	3	10	rs11762856	1	rs62453197	1	0.735531	0.541005851961
354	rs11762856	rs113548383	0	6.76212897926222e-41	0	1	1.11748699827784e-42	2	3	rs7784748	ENSG00000164916	eqtl_rs7784748_ENSG00000164916_B38.txt	rs7784748_ENSG00000164916_LD.unphased.vcor1	354	3	10	rs11762856	1	rs62453197	1	-0.167761	0.028143753121
354	rs7784748	rs113548383	0	6.76212897926068e-41	0	1	1.31433997585342e-43	3	3	rs7784748	ENSG00000164916	eqtl_rs7784748_ENSG00000164916_B38.txt	rs7784748_ENSG00000164916_LD.unphased.vcor1	354	3	10	rs11762856	1	rs62453197	1	-0.184788	0.034146604944
354	rs73307305	rs113548383	1.27250442240663e-41	5.47106273611579e-41	0.188181033859174	0.809068498228398	0.00275046791242916	1	3	rs7784748	ENSG00000164916	eqtl_rs7784748_ENSG00000164916_B38.txt	rs7784748_ENSG00000164916_LD.unphased.vcor1	354	3	10	rs11762856	1	rs62453197	1	-0.0833543	0.00694793932849
354	rs11762856	rs62453197	0	2.10918412409157e-38	0	1	9.80162191229034e-37	2	4	rs7784748	ENSG00000164916	eqtl_rs7784748_ENSG00000164916_B38.txt	rs7784748_ENSG00000164916_LD.unphased.vcor1	354	3	10	rs11762856	1	rs62453197	1	0.00113159	1.2804959281e-06
354	rs7784748	rs62453197	0	2.10918412409157e-38	0	1	6.73668512477522e-40	3	4	rs7784748	ENSG00000164916	eqtl_rs7784748_ENSG00000164916_B38.txt	rs7784748_ENSG00000164916_LD.unphased.vcor1	354	3	10	rs11762856	1	rs62453197	1	0.00117441	1.3792388481e-06
354	rs73307305	rs62453197	3.96850807189272e-39	1.70623820615446e-38	0.188153704864501	0.808950708482272	0.00289558665322641	1	4	rs7784748	ENSG00000164916	eqtl_rs7784748_ENSG00000164916_B38.txt	rs7784748_ENSG00000164916_LD.unphased.vcor1	354	3	10	rs11762856	1	rs62453197	1	-0.103207	0.010651684849
354	rs11762856	rs10228886	0	4.78860184026959e-118	0	1	6.93002958825633e-71	2	5	rs7784748	ENSG00000164916	eqtl_rs7784748_ENSG00000164916_B38.txt	rs7784748_ENSG00000164916_LD.unphased.vcor1	354	3	10	rs11762856	1	rs62453197	1	0.828502	0.686415564004
354	rs7784748	rs10228886	0	4.78860184026959e-118	0	1	3.98737878631371e-52	3	5	rs7784748	ENSG00000164916	eqtl_rs7784748_ENSG00000164916_B38.txt	rs7784748_ENSG00000164916_LD.unphased.vcor1	354	3	10	rs11762856	1	rs62453197	1	0.849844	0.722234824336
354	rs73307305	rs10228886	9.01618092998519e-119	3.87645737331332e-118	0.188284205509892	0.809513174759346	0.00220261973079008	1	5	rs7784748	ENSG00000164916	eqtl_rs7784748_ENSG00000164916_B38.txt	rs7784748_ENSG00000164916_LD.unphased.vcor1	354	3	10	rs11762856	1	rs62453197	1	0.160124	0.025639695376
354	rs11762856	rs55801721	0	8.75486038703681e-93	0	1	1.47290240944058e-58	2	6	rs7784748	ENSG00000164916	eqtl_rs7784748_ENSG00000164916_B38.txt	rs7784748_ENSG00000164916_LD.unphased.vcor1	354	3	10	rs11762856	1	rs62453197	1	0.403252	0.162612175504
354	rs7784748	rs55801721	0	8.75486038703681e-93	0	1	1.37729741839052e-67	3	6	rs7784748	ENSG00000164916	eqtl_rs7784748_ENSG00000164916_B38.txt	rs7784748_ENSG00000164916_LD.unphased.vcor1	354	3	10	rs11762856	1	rs62453197	1	0.42268	0.1786583824
354	rs73307305	rs55801721	1.64685334860278e-93	7.08055534325606e-93	0.188107322766799	0.808750798621742	0.00314187861146492	1	6	rs7784748	ENSG00000164916	eqtl_rs7784748_ENSG00000164916_B38.txt	rs7784748_ENSG00000164916_LD.unphased.vcor1	354	3	10	rs11762856	1	rs62453197	1	0.084411	0.007125216921
354	rs11762856	rs7797790	0	0	0	1	0	2	7	rs7784748	ENSG00000164916	eqtl_rs7784748_ENSG00000164916_B38.txt	rs7784748_ENSG00000164916_LD.unphased.vcor1	354	3	10	rs11762856	1	rs62453197	1	-0.609946	0.372034122916
354	rs7784748	rs7797790	0	0	0	1	0	3	7	rs7784748	ENSG00000164916	eqtl_rs7784748_ENSG00000164916_B38.txt	rs7784748_ENSG00000164916_LD.unphased.vcor1	354	3	10	rs11762856	1	rs62453197	1	-0.646727	0.418255812529
354	rs73307305	rs7797790	0	0	0.188176108589056	0.809047269988147	0.00277662141951484	1	7	rs7784748	ENSG00000164916	eqtl_rs7784748_ENSG00000164916_B38.txt	rs7784748_ENSG00000164916_LD.unphased.vcor1	354	3	10	rs11762856	1	rs62453197	1	-0.0669378	0.00448066906884
354	rs11762856	rs7798915	0	0	0	1	0	2	8	rs7784748	ENSG00000164916	eqtl_rs7784748_ENSG00000164916_B38.txt	rs7784748_ENSG00000164916_LD.unphased.vcor1	354	3	10	rs11762856	1	rs62453197	1	-0.590325	0.348483605625
354	rs7784748	rs7798915	0	0	0	1	0	3	8	rs7784748	ENSG00000164916	eqtl_rs7784748_ENSG00000164916_B38.txt	rs7784748_ENSG00000164916_LD.unphased.vcor1	354	3	10	rs11762856	1	rs62453197	1	-0.620967	0.385600015089
354	rs73307305	rs7798915	0	0	0.188315257732546	0.80964701185319	0.00203773041624749	1	8	rs7784748	ENSG00000164916	eqtl_rs7784748_ENSG00000164916_B38.txt	rs7784748_ENSG00000164916_LD.unphased.vcor1	354	3	10	rs11762856	1	rs62453197	1	-0.116456	0.013561999936
354	rs11762856	rs116110248	0	0	0	1	0	2	9	rs7784748	ENSG00000164916	eqtl_rs7784748_ENSG00000164916_B38.txt	rs7784748_ENSG00000164916_LD.unphased.vcor1	354	3	10	rs11762856	1	rs62453197	1	0.0453248	0.00205433749504
354	rs7784748	rs116110248	0	0	0	1	0	3	9	rs7784748	ENSG00000164916	eqtl_rs7784748_ENSG00000164916_B38.txt	rs7784748_ENSG00000164916_LD.unphased.vcor1	354	3	10	rs11762856	1	rs62453197	1	0.0606477	0.00367814351529
354	rs73307305	rs116110248	0	0	0.188315092309733	0.809646298877196	0.00203860881302506	1	9	rs7784748	ENSG00000164916	eqtl_rs7784748_ENSG00000164916_B38.txt	rs7784748_ENSG00000164916_LD.unphased.vcor1	354	3	10	rs11762856	1	rs62453197	1	-0.162954	0.026554006116
354	rs11762856	rs13232425	0	7.26837310657245e-199	0	1	5.87725120795423e-113	2	10	rs7784748	ENSG00000164916	eqtl_rs7784748_ENSG00000164916_B38.txt	rs7784748_ENSG00000164916_LD.unphased.vcor1	354	3	10	rs11762856	1	rs62453197	1	-0.808451	0.653593019401
354	rs7784748	rs13232425	0	7.26837310657245e-199	0	1	2.23936241651946e-86	3	10	rs7784748	ENSG00000164916	eqtl_rs7784748_ENSG00000164916_B38.txt	rs7784748_ENSG00000164916_LD.unphased.vcor1	354	3	10	rs11762856	1	rs62453197	1	-0.83183	0.6919411489
354	rs73307305	rs13232425	1.36879613735783e-199	5.88506366545628e-199	0.188322216992445	0.809677006723648	0.00200077628388212	1	10	rs7784748	ENSG00000164916	eqtl_rs7784748_ENSG00000164916_B38.txt	rs7784748_ENSG00000164916_LD.unphased.vcor1	354	3	10	rs11762856	1	rs62453197	1	-0.171018	0.029247156324
488	rs2510066	rs28395880	2.21330856310271e-30	5.91108221477591e-28	0.00373023996144978	0.996234954305039	3.48057335134004e-05	1	8	rs2510066	ENSG00000173264	eqtl_rs2510066_ENSG00000173264_B38.txt	rs2510066_ENSG00000173264_LD.unphased.vcor1	488	1	10	rs2510066	0.295816573720105	rs11231711	1	0.139144	0.019361052736
488	rs2510066	rs1662185	0	0	0.00221814059841568	0.591586321863508	0.406195537538516	1	1	rs2510066	ENSG00000173264	eqtl_rs2510066_ENSG00000173264_B38.txt	rs2510066_ENSG00000173264_LD.unphased.vcor1	488	1	10	rs2510066	0.295816573720105	rs11231711	1	-0.649074	0.421297057476
488	rs2510066	rs3751117	0	0	0.00364778538606056	0.974169518669174	0.0221826959447822	1	2	rs2510066	ENSG00000173264	eqtl_rs2510066_ENSG00000173264_B38.txt	rs2510066_ENSG00000173264_LD.unphased.vcor1	488	1	10	rs2510066	0.295816573720105	rs11231711	1	-0.396358	0.157099664164
488	rs2510066	rs953778	0	0	0.00370159765259977	0.988570067070507	0.0077283352767076	1	3	rs2510066	ENSG00000173264	eqtl_rs2510066_ENSG00000173264_B38.txt	rs2510066_ENSG00000173264_LD.unphased.vcor1	488	1	10	rs2510066	0.295816573720105	rs11231711	1	-0.485135	0.235355968225
488	rs2510066	rs12575642	4.29935026297341e-59	1.14822728733892e-56	0.00373022399822456	0.996230682431461	3.90935703212685e-05	1	5	rs2510066	ENSG00000173264	eqtl_rs2510066_ENSG00000173264_B38.txt	rs2510066_ENSG00000173264_LD.unphased.vcor1	488	1	10	rs2510066	0.295816573720105	rs11231711	1	-0.0301224	0.00090735898176
488	rs2510066	rs34292685	0	0	0.00372987921049555	0.996138414762632	0.000131706026905649	1	6	rs2510066	ENSG00000173264	eqtl_rs2510066_ENSG00000173264_B38.txt	rs2510066_ENSG00000173264_LD.unphased.vcor1	488	1	10	rs2510066	0.295816573720105	rs11231711	1	-0.221365	0.049002463225
488	rs2510066	rs72924108	0	0	0.00373022153934527	0.996230024417625	3.97540426357709e-05	1	7	rs2510066	ENSG00000173264	eqtl_rs2510066_ENSG00000173264_B38.txt	rs2510066_ENSG00000173264_LD.unphased.vcor1	488	1	10	rs2510066	0.295816573720105	rs11231711	1	0.245544	0.060291855936
488	rs2510066	rs887314	0	0	3.76886202253911e-05	0.00808173701214145	0.991880574367589	1	9	rs2510066	ENSG00000173264	eqtl_rs2510066_ENSG00000173264_B38.txt	rs2510066_ENSG00000173264_LD.unphased.vcor1	488	1	10	rs2510066	0.295816573720105	rs11231711	1	-1	1
488	rs2510066	rs11231711	0	0	0.00368991874068908	0.985444706495722	0.0108653747638001	1	10	rs2510066	ENSG00000173264	eqtl_rs2510066_ENSG00000173264_B38.txt	rs2510066_ENSG00000173264_LD.unphased.vcor1	488	1	10	rs2510066	0.295816573720105	rs11231711	1	-0.440091	0.193680088281
488	rs2510066	rs12286894	5.49715885219291e-58	1.46812597505356e-55	0.00373023289755949	0.996233063957322	3.67031451175214e-05	1	4	rs2510066	ENSG00000173264	eqtl_rs2510066_ENSG00000173264_B38.txt	rs2510066_ENSG00000173264_LD.unphased.vcor1	488	1	10	rs2510066	0.295816573720105	rs11231711	1	-0.0399509	0.00159607441081
285	rs4251697	rs7964189	2.37705394764373e-165	8.78096461808063e-112	2.70705332617931e-54	1	1.37719624072074e-56	1	1	rs542129885	ENSG00000183150	eqtl_rs542129885_ENSG00000183150_B38.txt	rs542129885_ENSG00000183150_LD.unphased.vcor1	285	3	10	rs4251697	1	rs10845604	1	-0.100518	0.010103868324
285	rs142518706	rs7964189	2.19268012419202e-121	8.78096461587369e-112	2.4970834293959e-10	0.999999999748695	1.58995434873694e-12	2	1	rs542129885	ENSG00000183150	eqtl_rs542129885_ENSG00000183150_B38.txt	rs542129885_ENSG00000183150_LD.unphased.vcor1	285	3	10	rs4251697	1	rs10845604	1	-0.03944	0.0015555136
285	rs112677364	rs7964189	3.33883471712555e-112	5.3736157553965e-112	0.380235527911221	0.611946259461687	0.00781821262711805	3	1	rs542129885	ENSG00000183150	eqtl_rs542129885_ENSG00000183150_B38.txt	rs542129885_ENSG00000183150_LD.unphased.vcor1	285	3	10	rs4251697	1	rs10845604	1	0.125065	0.015641254225
285	rs4251697	rs11610608	3.36161522935558e-148	1.24179867343072e-94	2.70705332617916e-54	1	1.91808168174505e-56	1	2	rs542129885	ENSG00000183150	eqtl_rs542129885_ENSG00000183150_B38.txt	rs542129885_ENSG00000183150_LD.unphased.vcor1	285	3	10	rs4251697	1	rs10845604	1	-0.156767	0.024575892289
285	rs142518706	rs11610608	3.10087489007009e-104	1.24179867311882e-94	2.49708342939619e-10	0.999999999748781	1.52500160789071e-12	2	2	rs542129885	ENSG00000183150	eqtl_rs542129885_ENSG00000183150_B38.txt	rs542129885_ENSG00000183150_LD.unphased.vcor1	285	3	10	rs4251697	1	rs10845604	1	-0.143223	0.020512827729
285	rs112677364	rs11610608	4.69334657971481e-95	7.55360575260947e-95	0.377947462832149	0.608251817295735	0.0138007198721227	3	2	rs542129885	ENSG00000183150	eqtl_rs542129885_ENSG00000183150_B38.txt	rs542129885_ENSG00000183150_LD.unphased.vcor1	285	3	10	rs4251697	1	rs10845604	1	0.0792332	0.00627789998224
285	rs4251697	rs12371581	6.54360314627211e-76	2.4172420554078e-22	2.70705332617931e-54	1	6.34789536019788e-25	1	3	rs542129885	ENSG00000183150	eqtl_rs542129885_ENSG00000183150_B38.txt	rs542129885_ENSG00000183150_LD.unphased.vcor1	285	3	10	rs4251697	1	rs10845604	1	-0.174898	0.030589310404
285	rs142518706	rs12371581	6.03605508138999e-32	2.41724205479725e-22	2.49708342939273e-10	0.99999999974743	2.86752169030226e-12	2	3	rs542129885	ENSG00000183150	eqtl_rs542129885_ENSG00000183150_B38.txt	rs542129885_ENSG00000183150_LD.unphased.vcor1	285	3	10	rs4251697	1	rs10845604	1	-0.063517	0.004034409289
285	rs112677364	rs12371581	9.2249560941593e-23	1.4846907262631e-22	0.381631457781462	0.614200208538778	0.00416833367976062	3	3	rs542129885	ENSG00000183150	eqtl_rs542129885_ENSG00000183150_B38.txt	rs542129885_ENSG00000183150_LD.unphased.vcor1	285	3	10	rs4251697	1	rs10845604	1	0.12411	0.0154032921
285	rs4251697	rs7330	2.35111392927776e-132	8.68514080066591e-79	2.70705332617916e-54	1	2.30330526497712e-54	1	4	rs542129885	ENSG00000183150	eqtl_rs542129885_ENSG00000183150_B38.txt	rs542129885_ENSG00000183150_LD.unphased.vcor1	285	3	10	rs4251697	1	rs10845604	1	0.208114	0.043311436996
285	rs142518706	rs7330	2.16875211751325e-88	8.68514079841097e-79	2.49708342937504e-10	0.999999999740282	1.00085595354911e-11	2	4	rs542129885	ENSG00000183150	eqtl_rs542129885_ENSG00000183150_B38.txt	rs542129885_ENSG00000183150_LD.unphased.vcor1	285	3	10	rs4251697	1	rs10845604	1	-0.234392	0.054939609664
285	rs112677364	rs7330	3.31411970305301e-79	5.33383870733425e-79	0.381585028857427	0.61412524171363	0.00428972942893097	3	4	rs542129885	ENSG00000183150	eqtl_rs542129885_ENSG00000183150_B38.txt	rs542129885_ENSG00000183150_LD.unphased.vcor1	285	3	10	rs4251697	1	rs10845604	1	-0.0500994	0.00250994988036
285	rs4251697	rs10845604	0	0	2.70705332603459e-54	1	3.49448475451651e-51	1	5	rs542129885	ENSG00000183150	eqtl_rs542129885_ENSG00000183150_B38.txt	rs542129885_ENSG00000183150_LD.unphased.vcor1	285	3	10	rs4251697	1	rs10845604	1	0.259542	0.067362049764
285	rs142518706	rs10845604	0	0	2.49708342827903e-10	0.999999999359716	3.99485647670447e-10	2	5	rs542129885	ENSG00000183150	eqtl_rs542129885_ENSG00000183150_B38.txt	rs542129885_ENSG00000183150_LD.unphased.vcor1	285	3	10	rs4251697	1	rs10845604	1	0.31101	0.0967272201
285	rs112677364	rs10845604	0	0	0.381538067503009	0.614049415229311	0.00441251726908527	3	5	rs542129885	ENSG00000183150	eqtl_rs542129885_ENSG00000183150_B38.txt	rs542129885_ENSG00000183150_LD.unphased.vcor1	285	3	10	rs4251697	1	rs10845604	1	-0.111576	0.012449203776
285	rs4251697	rs11055008	1.81210780854576e-103	6.69402331687114e-50	2.70705332617931e-54	1	1.1140725920698e-49	1	6	rs542129885	ENSG00000183150	eqtl_rs542129885_ENSG00000183150_B38.txt	rs542129885_ENSG00000183150_LD.unphased.vcor1	285	3	10	rs4251697	1	rs10845604	1	-0.302747	0.091655746009
285	rs142518706	rs11055008	1.67155345260206e-59	6.69402324529613e-50	2.49708340332371e-10	0.999999989286721	1.04635628457926e-08	2	6	rs542129885	ENSG00000183150	eqtl_rs542129885_ENSG00000183150_B38.txt	rs542129885_ENSG00000183150_LD.unphased.vcor1	285	3	10	rs4251697	1	rs10845604	1	-0.506189	0.256227303721
285	rs112677364	rs11055008	2.55441203888536e-50	4.11114353984744e-50	0.381595927885019	0.614142839913748	0.00426123220123841	3	6	rs542129885	ENSG00000183150	eqtl_rs542129885_ENSG00000183150_B38.txt	rs542129885_ENSG00000183150_LD.unphased.vcor1	285	3	10	rs4251697	1	rs10845604	1	-0.0271047	0.00073466476209
285	rs4251697	rs111648492	0	0	2.70705332615277e-54	1	1.20974593776578e-56	1	7	rs542129885	ENSG00000183150	eqtl_rs542129885_ENSG00000183150_B38.txt	rs542129885_ENSG00000183150_LD.unphased.vcor1	285	3	10	rs4251697	1	rs10845604	1	0.0983903	0.00968065113409
285	rs142518706	rs111648492	0	0	2.49708342936915e-10	0.999999999752617	1.5973192342255e-12	2	7	rs542129885	ENSG00000183150	eqtl_rs542129885_ENSG00000183150_B38.txt	rs542129885_ENSG00000183150_LD.unphased.vcor1	285	3	10	rs4251697	1	rs10845604	1	0.0501843	0.00251846396649
285	rs112677364	rs111648492	0	0	0.379667419839339	0.611028959328387	0.00930362083198872	3	7	rs542129885	ENSG00000183150	eqtl_rs542129885_ENSG00000183150_B38.txt	rs542129885_ENSG00000183150_LD.unphased.vcor1	285	3	10	rs4251697	1	rs10845604	1	-0.136281	0.018572510961
285	rs4251697	rs10845608	0	0	2.70705332603459e-54	1	1.58469570141089e-52	1	8	rs542129885	ENSG00000183150	eqtl_rs542129885_ENSG00000183150_B38.txt	rs542129885_ENSG00000183150_LD.unphased.vcor1	285	3	10	rs4251697	1	rs10845604	1	-0.219179	0.048039434041
285	rs142518706	rs10845608	0	0	2.49708342856972e-10	0.999999999476131	2.6169477460131e-10	2	8	rs542129885	ENSG00000183150	eqtl_rs542129885_ENSG00000183150_B38.txt	rs542129885_ENSG00000183150_LD.unphased.vcor1	285	3	10	rs4251697	1	rs10845604	1	-0.293411	0.086090014921
285	rs112677364	rs10845608	0	0	0.381314297428828	0.613688103129296	0.00499759943233277	3	8	rs542129885	ENSG00000183150	eqtl_rs542129885_ENSG00000183150_B38.txt	rs542129885_ENSG00000183150_LD.unphased.vcor1	285	3	10	rs4251697	1	rs10845604	1	0.0515206	0.00265437222436
285	rs4251697	rs7973428	2.63802498146293e-157	9.74500559686522e-104	2.70705332617916e-54	1	2.17874831174089e-54	1	9	rs542129885	ENSG00000183150	eqtl_rs542129885_ENSG00000183150_B38.txt	rs542129885_ENSG00000183150_LD.unphased.vcor1	285	3	10	rs4251697	1	rs10845604	1	0.315	0.099225
285	rs142518706	rs7973428	2.43340919947319e-113	9.74500559418775e-104	2.49708342933728e-10	0.999999999725162	2.51562642273681e-11	2	9	rs542129885	ENSG00000183150	eqtl_rs542129885_ENSG00000183150_B38.txt	rs542129885_ENSG00000183150_LD.unphased.vcor1	285	3	10	rs4251697	1	rs10845604	1	0.519239	0.269609139121
285	rs112677364	rs7973428	3.62559455349915e-104	5.83513520912937e-104	0.372046431113937	0.598723670303035	0.0292298985830165	3	9	rs542129885	ENSG00000183150	eqtl_rs542129885_ENSG00000183150_B38.txt	rs542129885_ENSG00000183150_LD.unphased.vcor1	285	3	10	rs4251697	1	rs10845604	1	-0.0503407	0.00253418607649
285	rs4251697	rs7132848	0	0	2.70705332617923e-54	1	7.84966090989631e-53	1	10	rs542129885	ENSG00000183150	eqtl_rs542129885_ENSG00000183150_B38.txt	rs542129885_ENSG00000183150_LD.unphased.vcor1	285	3	10	rs4251697	1	rs10845604	1	0.188112	0.035386124544
285	rs142518706	rs7132848	0	0	2.49708342647919e-10	0.99999999857846	1.17192779907519e-09	2	10	rs542129885	ENSG00000183150	eqtl_rs542129885_ENSG00000183150_B38.txt	rs542129885_ENSG00000183150_LD.unphased.vcor1	285	3	10	rs4251697	1	rs10845604	1	0.304702	0.092843308804
285	rs112677364	rs7132848	0	0	0.380264252764231	0.611992640270046	0.00774310696577491	3	10	rs542129885	ENSG00000183150	eqtl_rs542129885_ENSG00000183150_B38.txt	rs542129885_ENSG00000183150_LD.unphased.vcor1	285	3	10	rs4251697	1	rs10845604	1	-0.00958705	9.19115277025e-05
										rs77885959	ENSG00000110768	eqtl_rs77885959_ENSG00000110768_B38.txt	rs77885959_ENSG00000110768_LD.unphased.vcor1	667	0	6	rs4150599	0.0915859844417949	rs10832917	1		
723	rs12447324	rs12922541	0	0	0	1	0	3	1	rs8047421	ENSG00000155393	eqtl_rs8047421_ENSG00000155393_B38.txt	rs8047421_ENSG00000155393_LD.unphased.vcor1	723	9	9	rs12447324	1	rs1008815	1	0.728462	0.530656885444
723	rs147897393	rs12922541	0	0	0	1	0	5	1	rs8047421	ENSG00000155393	eqtl_rs8047421_ENSG00000155393_B38.txt	rs8047421_ENSG00000155393_LD.unphased.vcor1	723	9	9	rs12447324	1	rs1008815	1	-0.615923	0.379361141929
723	rs4785379	rs12922541	0	0	0	1	0	8	1	rs8047421	ENSG00000155393	eqtl_rs8047421_ENSG00000155393_B38.txt	rs8047421_ENSG00000155393_LD.unphased.vcor1	723	9	9	rs12447324	1	rs1008815	1	-0.621034	0.385683229156
723	rs79680109	rs12922541	0	0	6.836494525937e-05	0.99992165130867	9.98376690519685e-06	9	1	rs8047421	ENSG00000155393	eqtl_rs8047421_ENSG00000155393_B38.txt	rs8047421_ENSG00000155393_LD.unphased.vcor1	723	9	9	rs12447324	1	rs1008815	1	-0.0667177	0.00445125149329
723	rs72794299	rs12922541	0	0	6.39398401433312e-22	1	2.1436868417233e-23	10	1	rs8047421	ENSG00000155393	eqtl_rs8047421_ENSG00000155393_B38.txt	rs8047421_ENSG00000155393_LD.unphased.vcor1	723	9	9	rs12447324	1	rs1008815	1	-0.369143	0.136266554449
723	rs8056208	rs12922541	0	0	1.11253692964374e-308	1	4.11764480150945e-174	4	1	rs8047421	ENSG00000155393	eqtl_rs8047421_ENSG00000155393_B38.txt	rs8047421_ENSG00000155393_LD.unphased.vcor1	723	9	9	rs12447324	1	rs1008815	1	-0.623446	0.388684914916
723	rs7193138	rs12922541	0	0	0	1	0	6	1	rs8047421	ENSG00000155393	eqtl_rs8047421_ENSG00000155393_B38.txt	rs8047421_ENSG00000155393_LD.unphased.vcor1	723	9	9	rs12447324	1	rs1008815	1	-0.739684	0.547132419856
723	rs12918359	rs12922541	0	0	1.21305372283849e-39	1	1.59413269148675e-25	7	1	rs8047421	ENSG00000155393	eqtl_rs8047421_ENSG00000155393_B38.txt	rs8047421_ENSG00000155393_LD.unphased.vcor1	723	9	9	rs12447324	1	rs1008815	1	0.763111	0.582338398321
723	rs1872691	rs12922541	0	0	4.30415106787604e-10	0.999999999534339	4.18304266381004e-11	2	1	rs8047421	ENSG00000155393	eqtl_rs8047421_ENSG00000155393_B38.txt	rs8047421_ENSG00000155393_LD.unphased.vcor1	723	9	9	rs12447324	1	rs1008815	1	0.0223062	0.00049756655844
723	rs12447324	rs56198068	0	0	0	1	0	3	2	rs8047421	ENSG00000155393	eqtl_rs8047421_ENSG00000155393_B38.txt	rs8047421_ENSG00000155393_LD.unphased.vcor1	723	9	9	rs12447324	1	rs1008815	1	-0.730074	0.533008045476
723	rs147897393	rs56198068	0	0	0	1	0	5	2	rs8047421	ENSG00000155393	eqtl_rs8047421_ENSG00000155393_B38.txt	rs8047421_ENSG00000155393_LD.unphased.vcor1	723	9	9	rs12447324	1	rs1008815	1	0.617996	0.381919056016
723	rs4785379	rs56198068	0	0	0	1	0	8	2	rs8047421	ENSG00000155393	eqtl_rs8047421_ENSG00000155393_B38.txt	rs8047421_ENSG00000155393_LD.unphased.vcor1	723	9	9	rs12447324	1	rs1008815	1	0.623189	0.388364529721
723	rs79680109	rs56198068	0	0	6.83646468037757e-05	0.999917277297037	1.4358069352282e-05	9	2	rs8047421	ENSG00000155393	eqtl_rs8047421_ENSG00000155393_B38.txt	rs8047421_ENSG00000155393_LD.unphased.vcor1	723	9	9	rs12447324	1	rs1008815	1	0.0742537	0.00551361196369
723	rs72794299	rs56198068	0	0	6.39398401433312e-22	1	1.9523401011222e-23	10	2	rs8047421	ENSG00000155393	eqtl_rs8047421_ENSG00000155393_B38.txt	rs8047421_ENSG00000155393_LD.unphased.vcor1	723	9	9	rs12447324	1	rs1008815	1	0.373871	0.139779524641
723	rs8056208	rs56198068	0	0	1.11253692964374e-308	1	5.07270843369321e-172	4	2	rs8047421	ENSG00000155393	eqtl_rs8047421_ENSG00000155393_B38.txt	rs8047421_ENSG00000155393_LD.unphased.vcor1	723	9	9	rs12447324	1	rs1008815	1	0.625668	0.391460446224
723	rs7193138	rs56198068	0	0	0	1	0	6	2	rs8047421	ENSG00000155393	eqtl_rs8047421_ENSG00000155393_B38.txt	rs8047421_ENSG00000155393_LD.unphased.vcor1	723	9	9	rs12447324	1	rs1008815	1	0.741496	0.549816318016
723	rs12918359	rs56198068	0	0	1.21305372283849e-39	1	8.5203272625743e-26	7	2	rs8047421	ENSG00000155393	eqtl_rs8047421_ENSG00000155393_B38.txt	rs8047421_ENSG00000155393_LD.unphased.vcor1	723	9	9	rs12447324	1	rs1008815	1	-0.765019	0.585254070361
723	rs1872691	rs56198068	0	0	4.30415106787604e-10	0.999999999534339	4.93207578480192e-11	2	2	rs8047421	ENSG00000155393	eqtl_rs8047421_ENSG00000155393_B38.txt	rs8047421_ENSG00000155393_LD.unphased.vcor1	723	9	9	rs12447324	1	rs1008815	1	-0.0185502	0.00034410992004
723	rs12447324	rs7186983	0	0	0	1	0	3	3	rs8047421	ENSG00000155393	eqtl_rs8047421_ENSG00000155393_B38.txt	rs8047421_ENSG00000155393_LD.unphased.vcor1	723	9	9	rs12447324	1	rs1008815	1	0.815142	0.664456480164
723	rs147897393	rs7186983	0	0	0	1	2.36489699732523e-223	5	3	rs8047421	ENSG00000155393	eqtl_rs8047421_ENSG00000155393_B38.txt	rs8047421_ENSG00000155393_LD.unphased.vcor1	723	9	9	rs12447324	1	rs1008815	1	-0.986793	0.973760424849
723	rs4785379	rs7186983	0	0	0	1	9.55808405670846e-73	8	3	rs8047421	ENSG00000155393	eqtl_rs8047421_ENSG00000155393_B38.txt	rs8047421_ENSG00000155393_LD.unphased.vcor1	723	9	9	rs12447324	1	rs1008815	1	-0.993383	0.986809784689
723	rs79680109	rs7186983	0	0	6.83655902953583e-05	0.999931104642723	5.29761957603757e-07	9	3	rs8047421	ENSG00000155393	eqtl_rs8047421_ENSG00000155393_B38.txt	rs8047421_ENSG00000155393_LD.unphased.vcor1	723	9	9	rs12447324	1	rs1008815	1	0.025008	0.000625400064
723	rs72794299	rs7186983	0	0	6.3939840147053e-22	1	2.79786008642106e-17	10	3	rs8047421	ENSG00000155393	eqtl_rs8047421_ENSG00000155393_B38.txt	rs8047421_ENSG00000155393_LD.unphased.vcor1	723	9	9	rs12447324	1	rs1008815	1	-0.522714	0.273229925796
723	rs8056208	rs7186983	0	0	1.11253692928011e-308	0.0660732180727802	0.933926781941168	4	3	rs8047421	ENSG00000155393	eqtl_rs8047421_ENSG00000155393_B38.txt	rs8047421_ENSG00000155393_LD.unphased.vcor1	723	9	9	rs12447324	1	rs1008815	1	-1	1
723	rs7193138	rs7186983	0	0	0	1	0	6	3	rs8047421	ENSG00000155393	eqtl_rs8047421_ENSG00000155393_B38.txt	rs8047421_ENSG00000155393_LD.unphased.vcor1	723	9	9	rs12447324	1	rs1008815	1	-0.833734	0.695112382756
723	rs12918359	rs7186983	0	0	1.2130537229091e-39	1	4.55832073291266e-13	7	3	rs8047421	ENSG00000155393	eqtl_rs8047421_ENSG00000155393_B38.txt	rs8047421_ENSG00000155393_LD.unphased.vcor1	723	9	9	rs12447324	1	rs1008815	1	0.821213	0.674390791369
723	rs1872691	rs7186983	0	0	4.30415106825184e-10	0.999999999563443	5.13743318887329e-12	2	3	rs8047421	ENSG00000155393	eqtl_rs8047421_ENSG00000155393_B38.txt	rs8047421_ENSG00000155393_LD.unphased.vcor1	723	9	9	rs12447324	1	rs1008815	1	0.128809	0.016591758481
723	rs12447324	rs11076512	0	0	0	1	0	3	4	rs8047421	ENSG00000155393	eqtl_rs8047421_ENSG00000155393_B38.txt	rs8047421_ENSG00000155393_LD.unphased.vcor1	723	9	9	rs12447324	1	rs1008815	1	-0.558911	0.312381505921
723	rs147897393	rs11076512	0	0	0	1	0	5	4	rs8047421	ENSG00000155393	eqtl_rs8047421_ENSG00000155393_B38.txt	rs8047421_ENSG00000155393_LD.unphased.vcor1	723	9	9	rs12447324	1	rs1008815	1	0.731831	0.535576612561
723	rs4785379	rs11076512	0	0	0	1	0	8	4	rs8047421	ENSG00000155393	eqtl_rs8047421_ENSG00000155393_B38.txt	rs8047421_ENSG00000155393_LD.unphased.vcor1	723	9	9	rs12447324	1	rs1008815	1	0.738268	0.545039639824
723	rs79680109	rs11076512	0	0	6.83652120284643e-05	0.999925561225991	6.07344824135559e-06	9	4	rs8047421	ENSG00000155393	eqtl_rs8047421_ENSG00000155393_B38.txt	rs8047421_ENSG00000155393_LD.unphased.vcor1	723	9	9	rs12447324	1	rs1008815	1	0.0199292	0.00039717301264
723	rs72794299	rs11076512	0	0	6.39398401396094e-22	1	2.75439636256036e-23	10	4	rs8047421	ENSG00000155393	eqtl_rs8047421_ENSG00000155393_B38.txt	rs8047421_ENSG00000155393_LD.unphased.vcor1	723	9	9	rs12447324	1	rs1008815	1	0.387638	0.150263219044
723	rs8056208	rs11076512	0	0	1.11253692964374e-308	1	2.15496150447939e-121	4	4	rs8047421	ENSG00000155393	eqtl_rs8047421_ENSG00000155393_B38.txt	rs8047421_ENSG00000155393_LD.unphased.vcor1	723	9	9	rs12447324	1	rs1008815	1	0.73343	0.5379195649
723	rs7193138	rs11076512	0	0	0	1	0	6	4	rs8047421	ENSG00000155393	eqtl_rs8047421_ENSG00000155393_B38.txt	rs8047421_ENSG00000155393_LD.unphased.vcor1	723	9	9	rs12447324	1	rs1008815	1	0.572284	0.327508976656
723	rs12918359	rs11076512	0	0	1.21305372276788e-39	1	1.76960016569701e-34	7	4	rs8047421	ENSG00000155393	eqtl_rs8047421_ENSG00000155393_B38.txt	rs8047421_ENSG00000155393_LD.unphased.vcor1	723	9	9	rs12447324	1	rs1008815	1	-0.569164	0.323947658896
723	rs1872691	rs11076512	0	0	4.3041510661223e-10	0.999999999301508	1.65722697683347e-10	2	4	rs8047421	ENSG00000155393	eqtl_rs8047421_ENSG00000155393_B38.txt	rs8047421_ENSG00000155393_LD.unphased.vcor1	723	9	9	rs12447324	1	rs1008815	1	-0.0785428	0.00616897143184
723	rs12447324	rs1861662	0	0	0	1	0	3	5	rs8047421	ENSG00000155393	eqtl_rs8047421_ENSG00000155393_B38.txt	rs8047421_ENSG00000155393_LD.unphased.vcor1	723	9	9	rs12447324	1	rs1008815	1	0.808264	0.653290693696
723	rs147897393	rs1861662	0	0	0	1	3.93165664494247e-181	5	5	rs8047421	ENSG00000155393	eqtl_rs8047421_ENSG00000155393_B38.txt	rs8047421_ENSG00000155393_LD.unphased.vcor1	723	9	9	rs12447324	1	rs1008815	1	-0.988369	0.976873280161
723	rs4785379	rs1861662	0	0	0	1	9.43577347695527e-29	8	5	rs8047421	ENSG00000155393	eqtl_rs8047421_ENSG00000155393_B38.txt	rs8047421_ENSG00000155393_LD.unphased.vcor1	723	9	9	rs12447324	1	rs1008815	1	-0.998338	0.996678762244
723	rs79680109	rs1861662	0	0	6.83655886757421e-05	0.999931080895634	5.53502888383853e-07	9	5	rs8047421	ENSG00000155393	eqtl_rs8047421_ENSG00000155393_B38.txt	rs8047421_ENSG00000155393_LD.unphased.vcor1	723	9	9	rs12447324	1	rs1008815	1	0.0267841	0.00071738801281
723	rs72794299	rs1861662	0	0	6.3939840147053e-22	1	9.76187637404369e-17	10	5	rs8047421	ENSG00000155393	eqtl_rs8047421_ENSG00000155393_B38.txt	rs8047421_ENSG00000155393_LD.unphased.vcor1	723	9	9	rs12447324	1	rs1008815	1	-0.525689	0.276348924721
723	rs8056208	rs1861662	0	0	1.11253692964374e-308	0.999999937950635	6.20402380940961e-08	4	5	rs8047421	ENSG00000155393	eqtl_rs8047421_ENSG00000155393_B38.txt	rs8047421_ENSG00000155393_LD.unphased.vcor1	723	9	9	rs12447324	1	rs1008815	1	-0.991714	0.983496657796
723	rs7193138	rs1861662	0	0	0	1	0	6	5	rs8047421	ENSG00000155393	eqtl_rs8047421_ENSG00000155393_B38.txt	rs8047421_ENSG00000155393_LD.unphased.vcor1	723	9	9	rs12447324	1	rs1008815	1	-0.827025	0.683970350625
723	rs12918359	rs1861662	0	0	1.2130537229091e-39	1	2.10140161266606e-12	7	5	rs8047421	ENSG00000155393	eqtl_rs8047421_ENSG00000155393_B38.txt	rs8047421_ENSG00000155393_LD.unphased.vcor1	723	9	9	rs12447324	1	rs1008815	1	0.817492	0.668293170064
723	rs1872691	rs1861662	0	0	4.30415106825184e-10	0.999999999563443	4.11719886349382e-12	2	5	rs8047421	ENSG00000155393	eqtl_rs8047421_ENSG00000155393_B38.txt	rs8047421_ENSG00000155393_LD.unphased.vcor1	723	9	9	rs12447324	1	rs1008815	1	0.124431	0.015483073761
723	rs12447324	rs62033029	0	0	0	1	0	3	6	rs8047421	ENSG00000155393	eqtl_rs8047421_ENSG00000155393_B38.txt	rs8047421_ENSG00000155393_LD.unphased.vcor1	723	9	9	rs12447324	1	rs1008815	1	0.109306	0.011947801636
723	rs147897393	rs62033029	0	0	0	1	0	5	6	rs8047421	ENSG00000155393	eqtl_rs8047421_ENSG00000155393_B38.txt	rs8047421_ENSG00000155393_LD.unphased.vcor1	723	9	9	rs12447324	1	rs1008815	1	0.225747	0.050961708009
723	rs4785379	rs62033029	0	0	0	1	0	8	6	rs8047421	ENSG00000155393	eqtl_rs8047421_ENSG00000155393_B38.txt	rs8047421_ENSG00000155393_LD.unphased.vcor1	723	9	9	rs12447324	1	rs1008815	1	0.229547	0.052691825209
723	rs79680109	rs62033029	0	0	6.83562068032584e-05	0.99979358440295	0.00013805940891119	9	6	rs8047421	ENSG00000155393	eqtl_rs8047421_ENSG00000155393_B38.txt	rs8047421_ENSG00000155393_LD.unphased.vcor1	723	9	9	rs12447324	1	rs1008815	1	-0.115062	0.013239263844
723	rs72794299	rs62033029	0	0	6.39398401451921e-22	1	8.45617771198178e-22	10	6	rs8047421	ENSG00000155393	eqtl_rs8047421_ENSG00000155393_B38.txt	rs8047421_ENSG00000155393_LD.unphased.vcor1	723	9	9	rs12447324	1	rs1008815	1	0.0672317	0.00452010148489
723	rs8056208	rs62033029	0	0	1.11253692964374e-308	1	1.11264730123265e-308	4	6	rs8047421	ENSG00000155393	eqtl_rs8047421_ENSG00000155393_B38.txt	rs8047421_ENSG00000155393_LD.unphased.vcor1	723	9	9	rs12447324	1	rs1008815	1	0.229914	0.052860447396
723	rs7193138	rs62033029	0	0	0	1	0	6	6	rs8047421	ENSG00000155393	eqtl_rs8047421_ENSG00000155393_B38.txt	rs8047421_ENSG00000155393_LD.unphased.vcor1	723	9	9	rs12447324	1	rs1008815	1	-0.104188	0.010855139344
723	rs12918359	rs62033029	0	0	1.21305372287379e-39	1	9.74839872636726e-42	7	6	rs8047421	ENSG00000155393	eqtl_rs8047421_ENSG00000155393_B38.txt	rs8047421_ENSG00000155393_LD.unphased.vcor1	723	9	9	rs12447324	1	rs1008815	1	0.0962921	0.00927216852241
723	rs1872691	rs62033029	0	0	4.30415106800131e-10	0.999999999534339	1.73240247042247e-11	2	6	rs8047421	ENSG00000155393	eqtl_rs8047421_ENSG00000155393_B38.txt	rs8047421_ENSG00000155393_LD.unphased.vcor1	723	9	9	rs12447324	1	rs1008815	1	-0.0990527	0.00981143737729
723	rs12447324	rs1008815	0	0	0	1	0	3	8	rs8047421	ENSG00000155393	eqtl_rs8047421_ENSG00000155393_B38.txt	rs8047421_ENSG00000155393_LD.unphased.vcor1	723	9	9	rs12447324	1	rs1008815	1	0.558741	0.312191505081
723	rs147897393	rs1008815	0	0	0	1	0	5	8	rs8047421	ENSG00000155393	eqtl_rs8047421_ENSG00000155393_B38.txt	rs8047421_ENSG00000155393_LD.unphased.vcor1	723	9	9	rs12447324	1	rs1008815	1	-0.731618	0.535264897924
723	rs4785379	rs1008815	0	0	0	1	0	8	8	rs8047421	ENSG00000155393	eqtl_rs8047421_ENSG00000155393_B38.txt	rs8047421_ENSG00000155393_LD.unphased.vcor1	723	9	9	rs12447324	1	rs1008815	1	-0.738086	0.544770943396
723	rs79680109	rs1008815	0	0	6.83650624994795e-05	0.999923369058248	8.26572413975794e-06	9	8	rs8047421	ENSG00000155393	eqtl_rs8047421_ENSG00000155393_B38.txt	rs8047421_ENSG00000155393_LD.unphased.vcor1	723	9	9	rs12447324	1	rs1008815	1	-0.0244487	0.00059773893169
723	rs72794299	rs1008815	0	0	6.39398401544965e-22	1	2.27871017965426e-23	10	8	rs8047421	ENSG00000155393	eqtl_rs8047421_ENSG00000155393_B38.txt	rs8047421_ENSG00000155393_LD.unphased.vcor1	723	9	9	rs12447324	1	rs1008815	1	-0.389137	0.151427604769
723	rs8056208	rs1008815	0	0	1.11253692964374e-308	1	4.65362577658132e-120	4	8	rs8047421	ENSG00000155393	eqtl_rs8047421_ENSG00000155393_B38.txt	rs8047421_ENSG00000155393_LD.unphased.vcor1	723	9	9	rs12447324	1	rs1008815	1	-0.733253	0.537659962009
723	rs7193138	rs1008815	0	0	0	1	0	6	8	rs8047421	ENSG00000155393	eqtl_rs8047421_ENSG00000155393_B38.txt	rs8047421_ENSG00000155393_LD.unphased.vcor1	723	9	9	rs12447324	1	rs1008815	1	-0.57218	0.3273899524
723	rs12918359	rs1008815	0	0	1.21305372305032e-39	1	9.30716619386616e-35	7	8	rs8047421	ENSG00000155393	eqtl_rs8047421_ENSG00000155393_B38.txt	rs8047421_ENSG00000155393_LD.unphased.vcor1	723	9	9	rs12447324	1	rs1008815	1	0.569042	0.323808797764
723	rs1872691	rs1008815	0	0	4.30415106912871e-10	0.999999999534339	2.08735320702442e-10	2	8	rs8047421	ENSG00000155393	eqtl_rs8047421_ENSG00000155393_B38.txt	rs8047421_ENSG00000155393_LD.unphased.vcor1	723	9	9	rs12447324	1	rs1008815	1	0.0749107	0.00561161297449
723	rs12447324	rs75859969	0	2.8856499634352e-263	0	1	9.5846353929782e-203	3	9	rs8047421	ENSG00000155393	eqtl_rs8047421_ENSG00000155393_B38.txt	rs8047421_ENSG00000155393_LD.unphased.vcor1	723	9	9	rs12447324	1	rs1008815	1	-0.51254	0.2626972516
723	rs147897393	rs75859969	0	2.88564996342733e-263	0	1	5.79671243581074e-201	5	9	rs8047421	ENSG00000155393	eqtl_rs8047421_ENSG00000155393_B38.txt	rs8047421_ENSG00000155393_LD.unphased.vcor1	723	9	9	rs12447324	1	rs1008815	1	0.592268	0.350781383824
723	rs4785379	rs75859969	0	2.88564996344308e-263	0	1	7.62434777376498e-160	8	9	rs8047421	ENSG00000155393	eqtl_rs8047421_ENSG00000155393_B38.txt	rs8047421_ENSG00000155393_LD.unphased.vcor1	723	9	9	rs12447324	1	rs1008815	1	0.603444	0.364144661136
723	rs79680109	rs75859969	1.97278918706673e-267	2.88544758351922e-263	6.83655055901821e-05	0.999929863239541	1.77125484357098e-06	9	9	rs8047421	ENSG00000155393	eqtl_rs8047421_ENSG00000155393_B38.txt	rs8047421_ENSG00000155393_LD.unphased.vcor1	723	9	9	rs12447324	1	rs1008815	1	0.0413641	0.00171098876881
723	rs72794299	rs75859969	1.8450799737818e-284	2.8856499634375e-263	6.39398401455483e-22	1	1.09536114512662e-22	10	9	rs8047421	ENSG00000155393	eqtl_rs8047421_ENSG00000155393_B38.txt	rs8047421_ENSG00000155393_LD.unphased.vcor1	723	9	9	rs12447324	1	rs1008815	1	0.367359	0.134952634881
723	rs8056208	rs75859969	0	2.8856499634375e-263	1.11253692964374e-308	1	3.20345169592784e-162	4	9	rs8047421	ENSG00000155393	eqtl_rs8047421_ENSG00000155393_B38.txt	rs8047421_ENSG00000155393_LD.unphased.vcor1	723	9	9	rs12447324	1	rs1008815	1	0.597531	0.357043295961
723	rs7193138	rs75859969	0	2.8856499634352e-263	0	1	4.79443935001606e-243	6	9	rs8047421	ENSG00000155393	eqtl_rs8047421_ENSG00000155393_B38.txt	rs8047421_ENSG00000155393_LD.unphased.vcor1	723	9	9	rs12447324	1	rs1008815	1	0.511217	0.261342821089
723	rs12918359	rs75859969	3.50044843108953e-302	2.88564996343717e-263	1.21305372288469e-39	1	1.33589535005815e-34	7	9	rs8047421	ENSG00000155393	eqtl_rs8047421_ENSG00000155393_B38.txt	rs8047421_ENSG00000155393_LD.unphased.vcor1	723	9	9	rs12447324	1	rs1008815	1	-0.508922	0.259001602084
723	rs1872691	rs75859969	1.24202733725228e-272	2.88564996216692e-263	4.3041510681804e-10	0.999999999559805	9.7700041282371e-12	2	9	rs8047421	ENSG00000155393	eqtl_rs8047421_ENSG00000155393_B38.txt	rs8047421_ENSG00000155393_LD.unphased.vcor1	723	9	9	rs12447324	1	rs1008815	1	-0.0297439	0.00088469958721
723	rs12447324	rs12447324	0	0	0	0	1	3	10	rs8047421	ENSG00000155393	eqtl_rs8047421_ENSG00000155393_B38.txt	rs8047421_ENSG00000155393_LD.unphased.vcor1	723	9	9	rs12447324	1	rs1008815	1	1	1
723	rs147897393	rs12447324	0	0	0	1	0	5	10	rs8047421	ENSG00000155393	eqtl_rs8047421_ENSG00000155393_B38.txt	rs8047421_ENSG00000155393_LD.unphased.vcor1	723	9	9	rs12447324	1	rs1008815	1	-0.814211	0.662939552521
723	rs4785379	rs12447324	0	0	0	1	0	8	10	rs8047421	ENSG00000155393	eqtl_rs8047421_ENSG00000155393_B38.txt	rs8047421_ENSG00000155393_LD.unphased.vcor1	723	9	9	rs12447324	1	rs1008815	1	-0.810058	0.656193963364
723	rs79680109	rs12447324	0	0	6.83655896904893e-05	0.999931095766667	5.3865413768173e-07	9	10	rs8047421	ENSG00000155393	eqtl_rs8047421_ENSG00000155393_B38.txt	rs8047421_ENSG00000155393_LD.unphased.vcor1	723	9	9	rs12447324	1	rs1008815	1	-0.0333268	0.00111067559824
723	rs72794299	rs12447324	0	0	6.3939840147053e-22	1	2.32612327694051e-19	10	10	rs8047421	ENSG00000155393	eqtl_rs8047421_ENSG00000155393_B38.txt	rs8047421_ENSG00000155393_LD.unphased.vcor1	723	9	9	rs12447324	1	rs1008815	1	-0.437275	0.191209425625
723	rs8056208	rs12447324	0	0	1.11253692964374e-308	1	1.47900799294811e-107	4	10	rs8047421	ENSG00000155393	eqtl_rs8047421_ENSG00000155393_B38.txt	rs8047421_ENSG00000155393_LD.unphased.vcor1	723	9	9	rs12447324	1	rs1008815	1	-0.815142	0.664456480164
723	rs7193138	rs12447324	0	0	0	1	8.31813852565407e-89	6	10	rs8047421	ENSG00000155393	eqtl_rs8047421_ENSG00000155393_B38.txt	rs8047421_ENSG00000155393_LD.unphased.vcor1	723	9	9	rs12447324	1	rs1008815	1	-0.984742	0.969716806564
723	rs12918359	rs12447324	0	0	1.18029088466631e-39	0.972937311337225	0.0270626886648247	7	10	rs8047421	ENSG00000155393	eqtl_rs8047421_ENSG00000155393_B38.txt	rs8047421_ENSG00000155393_LD.unphased.vcor1	723	9	9	rs12447324	1	rs1008815	1	0.960624	0.922798469376
723	rs1872691	rs12447324	0	0	4.30415106825184e-10	0.999999999563443	3.31691693246178e-12	2	10	rs8047421	ENSG00000155393	eqtl_rs8047421_ENSG00000155393_B38.txt	rs8047421_ENSG00000155393_LD.unphased.vcor1	723	9	9	rs12447324	1	rs1008815	1	0.0702457	0.00493445836849
1438	rs9271763	rs9271055	0	0	0	1	0	1	1	rs9268807	ENSG00000198502	eqtl_rs9268807_ENSG00000198502_B38.txt	rs9268807_ENSG00000198502_LD.unphased.vcor1	1438	9	10	rs2760981	1	rs9269448	1	-0.458329	0.210065472241
1438	rs9273371	rs9271055	0	0	0	1	0	2	1	rs9268807	ENSG00000198502	eqtl_rs9268807_ENSG00000198502_B38.txt	rs9268807_ENSG00000198502_LD.unphased.vcor1	1438	9	10	rs2760981	1	rs9269448	1	0.226622	0.051357530884
1438	rs9273324	rs9271055	0	0	0	1	0	3	1	rs9268807	ENSG00000198502	eqtl_rs9268807_ENSG00000198502_B38.txt	rs9268807_ENSG00000198502_LD.unphased.vcor1	1438	9	10	rs2760981	1	rs9269448	1	0.199816	0.039926433856
1438	rs3021302	rs9271055	0	0	0	1	0	4	1	rs9268807	ENSG00000198502	eqtl_rs9268807_ENSG00000198502_B38.txt	rs9268807_ENSG00000198502_LD.unphased.vcor1	1438	9	10	rs2760981	1	rs9269448	1	-0.199066	0.039627272356
1438	rs34386495	rs9271055	0	0	0	1	0	5	1	rs9268807	ENSG00000198502	eqtl_rs9268807_ENSG00000198502_B38.txt	rs9268807_ENSG00000198502_LD.unphased.vcor1	1438	9	10	rs2760981	1	rs9269448	1	0.192713	0.037138300369
1438	rs9270502	rs9271055	0	0	0	1	0	6	1	rs9268807	ENSG00000198502	eqtl_rs9268807_ENSG00000198502_B38.txt	rs9268807_ENSG00000198502_LD.unphased.vcor1	1438	9	10	rs2760981	1	rs9269448	1	0.678424	0.460259123776
1438	rs2760981	rs9271055	0	0	0	1	0	7	1	rs9268807	ENSG00000198502	eqtl_rs9268807_ENSG00000198502_B38.txt	rs9268807_ENSG00000198502_LD.unphased.vcor1	1438	9	10	rs2760981	1	rs9269448	1	0.568986	0.323745068196
1438	rs9461776	rs9271055	0	0	0	1	0	8	1	rs9268807	ENSG00000198502	eqtl_rs9268807_ENSG00000198502_B38.txt	rs9268807_ENSG00000198502_LD.unphased.vcor1	1438	9	10	rs2760981	1	rs9269448	1	-0.140378	0.019705982884
1438	rs4380799	rs9271055	0	0	0	1	0	9	1	rs9268807	ENSG00000198502	eqtl_rs9268807_ENSG00000198502_B38.txt	rs9268807_ENSG00000198502_LD.unphased.vcor1	1438	9	10	rs2760981	1	rs9269448	1	-0.14117	0.0199289689
1438	rs9271763	rs9271707	0	0	0	1	0	1	2	rs9268807	ENSG00000198502	eqtl_rs9268807_ENSG00000198502_B38.txt	rs9268807_ENSG00000198502_LD.unphased.vcor1	1438	9	10	rs2760981	1	rs9269448	1	0.240487	0.057833997169
1438	rs9273371	rs9271707	0	0	0	1	0	2	2	rs9268807	ENSG00000198502	eqtl_rs9268807_ENSG00000198502_B38.txt	rs9268807_ENSG00000198502_LD.unphased.vcor1	1438	9	10	rs2760981	1	rs9269448	1	-0.0423269	0.00179156646361
1438	rs9273324	rs9271707	0	0	0	1	0	3	2	rs9268807	ENSG00000198502	eqtl_rs9268807_ENSG00000198502_B38.txt	rs9268807_ENSG00000198502_LD.unphased.vcor1	1438	9	10	rs2760981	1	rs9269448	1	0.00615936	3.79377156096e-05
1438	rs3021302	rs9271707	0	0	0	1	0	4	2	rs9268807	ENSG00000198502	eqtl_rs9268807_ENSG00000198502_B38.txt	rs9268807_ENSG00000198502_LD.unphased.vcor1	1438	9	10	rs2760981	1	rs9269448	1	-0.00346187	1.19845438969e-05
1438	rs34386495	rs9271707	0	0	0	1	0	5	2	rs9268807	ENSG00000198502	eqtl_rs9268807_ENSG00000198502_B38.txt	rs9268807_ENSG00000198502_LD.unphased.vcor1	1438	9	10	rs2760981	1	rs9269448	1	0.00864655	7.47628269025e-05
1438	rs9270502	rs9271707	0	0	0	1	0	6	2	rs9268807	ENSG00000198502	eqtl_rs9268807_ENSG00000198502_B38.txt	rs9268807_ENSG00000198502_LD.unphased.vcor1	1438	9	10	rs2760981	1	rs9269448	1	0.475777	0.226363753729
1438	rs2760981	rs9271707	0	0	0	1	0	7	2	rs9268807	ENSG00000198502	eqtl_rs9268807_ENSG00000198502_B38.txt	rs9268807_ENSG00000198502_LD.unphased.vcor1	1438	9	10	rs2760981	1	rs9269448	1	0.277886	0.077220628996
1438	rs9461776	rs9271707	0	0	0	1	0	8	2	rs9268807	ENSG00000198502	eqtl_rs9268807_ENSG00000198502_B38.txt	rs9268807_ENSG00000198502_LD.unphased.vcor1	1438	9	10	rs2760981	1	rs9269448	1	-0.311345	0.096935709025
1438	rs4380799	rs9271707	0	0	0	1	0	9	2	rs9268807	ENSG00000198502	eqtl_rs9268807_ENSG00000198502_B38.txt	rs9268807_ENSG00000198502_LD.unphased.vcor1	1438	9	10	rs2760981	1	rs9269448	1	-0.321876	0.103604159376
1438	rs9271763	rs9269448	0	0	0	1	0	1	3	rs9268807	ENSG00000198502	eqtl_rs9268807_ENSG00000198502_B38.txt	rs9268807_ENSG00000198502_LD.unphased.vcor1	1438	9	10	rs2760981	1	rs9269448	1	-0.454865	0.206902168225
1438	rs9273371	rs9269448	0	0	0	1	0	2	3	rs9268807	ENSG00000198502	eqtl_rs9268807_ENSG00000198502_B38.txt	rs9268807_ENSG00000198502_LD.unphased.vcor1	1438	9	10	rs2760981	1	rs9269448	1	0.22402	0.0501849604
1438	rs9273324	rs9269448	0	0	0	1	0	3	3	rs9268807	ENSG00000198502	eqtl_rs9268807_ENSG00000198502_B38.txt	rs9268807_ENSG00000198502_LD.unphased.vcor1	1438	9	10	rs2760981	1	rs9269448	1	0.200475	0.040190225625
1438	rs3021302	rs9269448	0	0	0	1	0	4	3	rs9268807	ENSG00000198502	eqtl_rs9268807_ENSG00000198502_B38.txt	rs9268807_ENSG00000198502_LD.unphased.vcor1	1438	9	10	rs2760981	1	rs9269448	1	-0.199723	0.039889276729
1438	rs34386495	rs9269448	0	0	0	1	0	5	3	rs9268807	ENSG00000198502	eqtl_rs9268807_ENSG00000198502_B38.txt	rs9268807_ENSG00000198502_LD.unphased.vcor1	1438	9	10	rs2760981	1	rs9269448	1	0.189732	0.035998231824
1438	rs9270502	rs9269448	0	0	0	1	0	6	3	rs9268807	ENSG00000198502	eqtl_rs9268807_ENSG00000198502_B38.txt	rs9268807_ENSG00000198502_LD.unphased.vcor1	1438	9	10	rs2760981	1	rs9269448	1	0.675573	0.456398878329
1438	rs2760981	rs9269448	0	0	0	1	0	7	3	rs9268807	ENSG00000198502	eqtl_rs9268807_ENSG00000198502_B38.txt	rs9268807_ENSG00000198502_LD.unphased.vcor1	1438	9	10	rs2760981	1	rs9269448	1	0.566076	0.320442037776
1438	rs9461776	rs9269448	0	0	0	1	0	8	3	rs9268807	ENSG00000198502	eqtl_rs9268807_ENSG00000198502_B38.txt	rs9268807_ENSG00000198502_LD.unphased.vcor1	1438	9	10	rs2760981	1	rs9269448	1	-0.140732	0.019805495824
1438	rs4380799	rs9269448	0	0	0	1	0	9	3	rs9268807	ENSG00000198502	eqtl_rs9268807_ENSG00000198502_B38.txt	rs9268807_ENSG00000198502_LD.unphased.vcor1	1438	9	10	rs2760981	1	rs9269448	1	-0.141548	0.020035836304
1438	rs9271763	rs9270559	0	0	0	1	0	1	4	rs9268807	ENSG00000198502	eqtl_rs9268807_ENSG00000198502_B38.txt	rs9268807_ENSG00000198502_LD.unphased.vcor1	1438	9	10	rs2760981	1	rs9269448	1	-0.528125	0.278916015625
1438	rs9273371	rs9270559	0	0	0	1	0	2	4	rs9268807	ENSG00000198502	eqtl_rs9268807_ENSG00000198502_B38.txt	rs9268807_ENSG00000198502_LD.unphased.vcor1	1438	9	10	rs2760981	1	rs9269448	1	-0.0858289	0.00736660007521
1438	rs9273324	rs9270559	0	0	0	1	0	3	4	rs9268807	ENSG00000198502	eqtl_rs9268807_ENSG00000198502_B38.txt	rs9268807_ENSG00000198502_LD.unphased.vcor1	1438	9	10	rs2760981	1	rs9269448	1	-0.455726	0.207686187076
1438	rs3021302	rs9270559	0	0	0	1	0	4	4	rs9268807	ENSG00000198502	eqtl_rs9268807_ENSG00000198502_B38.txt	rs9268807_ENSG00000198502_LD.unphased.vcor1	1438	9	10	rs2760981	1	rs9269448	1	0.451349	0.203715919801
1438	rs34386495	rs9270559	0	0	0	1	0	5	4	rs9268807	ENSG00000198502	eqtl_rs9268807_ENSG00000198502_B38.txt	rs9268807_ENSG00000198502_LD.unphased.vcor1	1438	9	10	rs2760981	1	rs9269448	1	0.0509894	0.00259991891236
1438	rs9270502	rs9270559	0	0	0	1	0	6	4	rs9268807	ENSG00000198502	eqtl_rs9268807_ENSG00000198502_B38.txt	rs9268807_ENSG00000198502_LD.unphased.vcor1	1438	9	10	rs2760981	1	rs9269448	1	-0.512616	0.262775163456
1438	rs2760981	rs9270559	0	0	0	1	0	7	4	rs9268807	ENSG00000198502	eqtl_rs9268807_ENSG00000198502_B38.txt	rs9268807_ENSG00000198502_LD.unphased.vcor1	1438	9	10	rs2760981	1	rs9269448	1	-0.634224	0.402240082176
1438	rs9461776	rs9270559	0	0	0	1	0	8	4	rs9268807	ENSG00000198502	eqtl_rs9268807_ENSG00000198502_B38.txt	rs9268807_ENSG00000198502_LD.unphased.vcor1	1438	9	10	rs2760981	1	rs9269448	1	0.314865	0.099139968225
1438	rs4380799	rs9270559	0	0	0	1	0	9	4	rs9268807	ENSG00000198502	eqtl_rs9268807_ENSG00000198502_B38.txt	rs9268807_ENSG00000198502_LD.unphased.vcor1	1438	9	10	rs2760981	1	rs9269448	1	-0.273951	0.075049150401
1438	rs9271763	rs9273324	0	0	0	1	0	1	5	rs9268807	ENSG00000198502	eqtl_rs9268807_ENSG00000198502_B38.txt	rs9268807_ENSG00000198502_LD.unphased.vcor1	1438	9	10	rs2760981	1	rs9269448	1	0.361923	0.130988257929
1438	rs9273371	rs9273324	0	0	0	1	0	2	5	rs9268807	ENSG00000198502	eqtl_rs9268807_ENSG00000198502_B38.txt	rs9268807_ENSG00000198502_LD.unphased.vcor1	1438	9	10	rs2760981	1	rs9269448	1	0.566414	0.320824819396
1438	rs9273324	rs9273324	0	0	0	1.64985636026105e-08	0.999999983498128	3	5	rs9268807	ENSG00000198502	eqtl_rs9268807_ENSG00000198502_B38.txt	rs9268807_ENSG00000198502_LD.unphased.vcor1	1438	9	10	rs2760981	1	rs9269448	1	1	1
1438	rs3021302	rs9273324	0	0	0	1	0	4	5	rs9268807	ENSG00000198502	eqtl_rs9268807_ENSG00000198502_B38.txt	rs9268807_ENSG00000198502_LD.unphased.vcor1	1438	9	10	rs2760981	1	rs9269448	1	-0.996248	0.992510077504
1438	rs34386495	rs9273324	0	0	0	1	0	5	5	rs9268807	ENSG00000198502	eqtl_rs9268807_ENSG00000198502_B38.txt	rs9268807_ENSG00000198502_LD.unphased.vcor1	1438	9	10	rs2760981	1	rs9269448	1	-0.175555	0.030819558025
1438	rs9270502	rs9273324	0	0	0	1	0	6	5	rs9268807	ENSG00000198502	eqtl_rs9268807_ENSG00000198502_B38.txt	rs9268807_ENSG00000198502_LD.unphased.vcor1	1438	9	10	rs2760981	1	rs9269448	1	0.313603	0.098346841609
1438	rs2760981	rs9273324	0	0	0	1	0	7	5	rs9268807	ENSG00000198502	eqtl_rs9268807_ENSG00000198502_B38.txt	rs9268807_ENSG00000198502_LD.unphased.vcor1	1438	9	10	rs2760981	1	rs9269448	1	0.3631	0.13184161
1438	rs9461776	rs9273324	0	0	0	1	0	8	5	rs9268807	ENSG00000198502	eqtl_rs9268807_ENSG00000198502_B38.txt	rs9268807_ENSG00000198502_LD.unphased.vcor1	1438	9	10	rs2760981	1	rs9269448	1	0.0884364	0.00782099684496
1438	rs4380799	rs9273324	0	0	0	1	0	9	5	rs9268807	ENSG00000198502	eqtl_rs9268807_ENSG00000198502_B38.txt	rs9268807_ENSG00000198502_LD.unphased.vcor1	1438	9	10	rs2760981	1	rs9269448	1	0.119744	0.014338625536
1438	rs9271763	rs9273049	0	0	0	1	0	1	6	rs9268807	ENSG00000198502	eqtl_rs9268807_ENSG00000198502_B38.txt	rs9268807_ENSG00000198502_LD.unphased.vcor1	1438	9	10	rs2760981	1	rs9269448	1	-0.522852	0.273374213904
1438	rs9273371	rs9273049	0	0	0	1	0	2	6	rs9268807	ENSG00000198502	eqtl_rs9268807_ENSG00000198502_B38.txt	rs9268807_ENSG00000198502_LD.unphased.vcor1	1438	9	10	rs2760981	1	rs9269448	1	0.0250513	0.00062756763169
1438	rs9273324	rs9273049	0	0	0	1	0	3	6	rs9268807	ENSG00000198502	eqtl_rs9268807_ENSG00000198502_B38.txt	rs9268807_ENSG00000198502_LD.unphased.vcor1	1438	9	10	rs2760981	1	rs9269448	1	-0.32006	0.1024384036
1438	rs3021302	rs9273049	0	0	0	1	0	4	6	rs9268807	ENSG00000198502	eqtl_rs9268807_ENSG00000198502_B38.txt	rs9268807_ENSG00000198502_LD.unphased.vcor1	1438	9	10	rs2760981	1	rs9269448	1	0.321576	0.103411123776
1438	rs34386495	rs9273049	0	0	0	1	0	5	6	rs9268807	ENSG00000198502	eqtl_rs9268807_ENSG00000198502_B38.txt	rs9268807_ENSG00000198502_LD.unphased.vcor1	1438	9	10	rs2760981	1	rs9269448	1	0.112501	0.012656475001
1438	rs9270502	rs9273049	0	0	0	1	0	6	6	rs9268807	ENSG00000198502	eqtl_rs9268807_ENSG00000198502_B38.txt	rs9268807_ENSG00000198502_LD.unphased.vcor1	1438	9	10	rs2760981	1	rs9269448	1	-0.0446339	0.00199218502921
1438	rs2760981	rs9273049	0	0	0	1	0	7	6	rs9268807	ENSG00000198502	eqtl_rs9268807_ENSG00000198502_B38.txt	rs9268807_ENSG00000198502_LD.unphased.vcor1	1438	9	10	rs2760981	1	rs9269448	1	0.0754483	0.00569244597289
1438	rs9461776	rs9273049	0	0	0	1	0	8	6	rs9268807	ENSG00000198502	eqtl_rs9268807_ENSG00000198502_B38.txt	rs9268807_ENSG00000198502_LD.unphased.vcor1	1438	9	10	rs2760981	1	rs9269448	1	-0.263395	0.069376926025
1438	rs4380799	rs9273049	0	0	0	1	0	9	6	rs9268807	ENSG00000198502	eqtl_rs9268807_ENSG00000198502_B38.txt	rs9268807_ENSG00000198502_LD.unphased.vcor1	1438	9	10	rs2760981	1	rs9269448	1	0.216925	0.047056455625
1438	rs9271763	rs9273082	0	0	0	1	0	1	7	rs9268807	ENSG00000198502	eqtl_rs9268807_ENSG00000198502_B38.txt	rs9268807_ENSG00000198502_LD.unphased.vcor1	1438	9	10	rs2760981	1	rs9269448	1	-0.232098	0.053869481604
1438	rs9273371	rs9273082	0	0	0	1	0	2	7	rs9268807	ENSG00000198502	eqtl_rs9268807_ENSG00000198502_B38.txt	rs9268807_ENSG00000198502_LD.unphased.vcor1	1438	9	10	rs2760981	1	rs9269448	1	0.400005	0.160004000025
1438	rs9273324	rs9273082	0	0	0	1	0	3	7	rs9268807	ENSG00000198502	eqtl_rs9268807_ENSG00000198502_B38.txt	rs9268807_ENSG00000198502_LD.unphased.vcor1	1438	9	10	rs2760981	1	rs9269448	1	0.371474	0.137992932676
1438	rs3021302	rs9273082	0	0	0	1	0	4	7	rs9268807	ENSG00000198502	eqtl_rs9268807_ENSG00000198502_B38.txt	rs9268807_ENSG00000198502_LD.unphased.vcor1	1438	9	10	rs2760981	1	rs9269448	1	-0.370081	0.136959946561
1438	rs34386495	rs9273082	0	0	0	1	0	5	7	rs9268807	ENSG00000198502	eqtl_rs9268807_ENSG00000198502_B38.txt	rs9268807_ENSG00000198502_LD.unphased.vcor1	1438	9	10	rs2760981	1	rs9269448	1	-0.0292026	0.00085279184676
1438	rs9270502	rs9273082	0	0	0	1	0	6	7	rs9268807	ENSG00000198502	eqtl_rs9268807_ENSG00000198502_B38.txt	rs9268807_ENSG00000198502_LD.unphased.vcor1	1438	9	10	rs2760981	1	rs9269448	1	0.202353	0.040946736609
1438	rs2760981	rs9273082	0	0	0	1	0	7	7	rs9268807	ENSG00000198502	eqtl_rs9268807_ENSG00000198502_B38.txt	rs9268807_ENSG00000198502_LD.unphased.vcor1	1438	9	10	rs2760981	1	rs9269448	1	0.35952	0.1292546304
1438	rs9461776	rs9273082	0	0	0	1	0	8	7	rs9268807	ENSG00000198502	eqtl_rs9268807_ENSG00000198502_B38.txt	rs9268807_ENSG00000198502_LD.unphased.vcor1	1438	9	10	rs2760981	1	rs9269448	1	-0.243547	0.059315141209
1438	rs4380799	rs9273082	0	0	0	1	0	9	7	rs9268807	ENSG00000198502	eqtl_rs9268807_ENSG00000198502_B38.txt	rs9268807_ENSG00000198502_LD.unphased.vcor1	1438	9	10	rs2760981	1	rs9269448	1	0.308056	0.094898499136
1438	rs9271763	rs9270871	0	0	0	1	0	1	8	rs9268807	ENSG00000198502	eqtl_rs9268807_ENSG00000198502_B38.txt	rs9268807_ENSG00000198502_LD.unphased.vcor1	1438	9	10	rs2760981	1	rs9269448	1	-0.182594	0.033340568836
1438	rs9273371	rs9270871	0	0	0	1	0	2	8	rs9268807	ENSG00000198502	eqtl_rs9268807_ENSG00000198502_B38.txt	rs9268807_ENSG00000198502_LD.unphased.vcor1	1438	9	10	rs2760981	1	rs9269448	1	0.0956958	0.00915768613764
1438	rs9273324	rs9270871	0	0	0	1	0	3	8	rs9268807	ENSG00000198502	eqtl_rs9268807_ENSG00000198502_B38.txt	rs9268807_ENSG00000198502_LD.unphased.vcor1	1438	9	10	rs2760981	1	rs9269448	1	-0.269112	0.072421268544
1438	rs3021302	rs9270871	0	0	0	1	0	4	8	rs9268807	ENSG00000198502	eqtl_rs9268807_ENSG00000198502_B38.txt	rs9268807_ENSG00000198502_LD.unphased.vcor1	1438	9	10	rs2760981	1	rs9269448	1	0.268102	0.071878682404
1438	rs34386495	rs9270871	0	0	0	1	0	5	8	rs9268807	ENSG00000198502	eqtl_rs9268807_ENSG00000198502_B38.txt	rs9268807_ENSG00000198502_LD.unphased.vcor1	1438	9	10	rs2760981	1	rs9269448	1	-0.143827	0.020686205929
1438	rs9270502	rs9270871	0	0	0	1	0	6	8	rs9268807	ENSG00000198502	eqtl_rs9268807_ENSG00000198502_B38.txt	rs9268807_ENSG00000198502_LD.unphased.vcor1	1438	9	10	rs2760981	1	rs9269448	1	-0.398268	0.158617399824
1438	rs2760981	rs9270871	0	0	0	1	0	7	8	rs9268807	ENSG00000198502	eqtl_rs9268807_ENSG00000198502_B38.txt	rs9268807_ENSG00000198502_LD.unphased.vcor1	1438	9	10	rs2760981	1	rs9269448	1	-0.484866	0.235095037956
1438	rs9461776	rs9270871	0	0	0	1	0	8	8	rs9268807	ENSG00000198502	eqtl_rs9268807_ENSG00000198502_B38.txt	rs9268807_ENSG00000198502_LD.unphased.vcor1	1438	9	10	rs2760981	1	rs9269448	1	-0.168554	0.028410450916
1438	rs4380799	rs9270871	0	0	0	1	0	9	8	rs9268807	ENSG00000198502	eqtl_rs9268807_ENSG00000198502_B38.txt	rs9268807_ENSG00000198502_LD.unphased.vcor1	1438	9	10	rs2760981	1	rs9269448	1	-0.198817	0.039528199489
1438	rs9271763	rs9271377	0	0	0	1	0	1	9	rs9268807	ENSG00000198502	eqtl_rs9268807_ENSG00000198502_B38.txt	rs9268807_ENSG00000198502_LD.unphased.vcor1	1438	9	10	rs2760981	1	rs9269448	1	-0.327337	0.107149511569
1438	rs9273371	rs9271377	0	0	0	1	0	2	9	rs9268807	ENSG00000198502	eqtl_rs9268807_ENSG00000198502_B38.txt	rs9268807_ENSG00000198502_LD.unphased.vcor1	1438	9	10	rs2760981	1	rs9269448	1	-0.285898	0.081737666404
1438	rs9273324	rs9271377	0	0	0	1	0	3	9	rs9268807	ENSG00000198502	eqtl_rs9268807_ENSG00000198502_B38.txt	rs9268807_ENSG00000198502_LD.unphased.vcor1	1438	9	10	rs2760981	1	rs9269448	1	-0.590879	0.349137992641
1438	rs3021302	rs9271377	0	0	0	1	0	4	9	rs9268807	ENSG00000198502	eqtl_rs9268807_ENSG00000198502_B38.txt	rs9268807_ENSG00000198502_LD.unphased.vcor1	1438	9	10	rs2760981	1	rs9269448	1	0.585876	0.343250687376
1438	rs34386495	rs9271377	0	0	0	1	0	5	9	rs9268807	ENSG00000198502	eqtl_rs9268807_ENSG00000198502_B38.txt	rs9268807_ENSG00000198502_LD.unphased.vcor1	1438	9	10	rs2760981	1	rs9269448	1	0.24499	0.0600201001
1438	rs9270502	rs9271377	0	0	0	1	0	6	9	rs9268807	ENSG00000198502	eqtl_rs9268807_ENSG00000198502_B38.txt	rs9268807_ENSG00000198502_LD.unphased.vcor1	1438	9	10	rs2760981	1	rs9269448	1	-0.493187	0.243233416969
1438	rs2760981	rs9271377	0	0	0	1	0	7	9	rs9268807	ENSG00000198502	eqtl_rs9268807_ENSG00000198502_B38.txt	rs9268807_ENSG00000198502_LD.unphased.vcor1	1438	9	10	rs2760981	1	rs9269448	1	-0.249319	0.062159963761
1438	rs9461776	rs9271377	0	0	0	1	0	8	9	rs9268807	ENSG00000198502	eqtl_rs9268807_ENSG00000198502_B38.txt	rs9268807_ENSG00000198502_LD.unphased.vcor1	1438	9	10	rs2760981	1	rs9269448	1	0.428602	0.183699674404
1438	rs4380799	rs9271377	0	0	0	1	0	9	9	rs9268807	ENSG00000198502	eqtl_rs9268807_ENSG00000198502_B38.txt	rs9268807_ENSG00000198502_LD.unphased.vcor1	1438	9	10	rs2760981	1	rs9269448	1	0.411111	0.169012254321
1438	rs9271763	rs9271408	0	0	0	1	0	1	10	rs9268807	ENSG00000198502	eqtl_rs9268807_ENSG00000198502_B38.txt	rs9268807_ENSG00000198502_LD.unphased.vcor1	1438	9	10	rs2760981	1	rs9269448	1	-0.723114	0.522893856996
1438	rs9273371	rs9271408	0	0	0	1	0	2	10	rs9268807	ENSG00000198502	eqtl_rs9268807_ENSG00000198502_B38.txt	rs9268807_ENSG00000198502_LD.unphased.vcor1	1438	9	10	rs2760981	1	rs9269448	1	0.0905685	0.00820265319225
1438	rs9273324	rs9271408	0	0	0	1	0	3	10	rs9268807	ENSG00000198502	eqtl_rs9268807_ENSG00000198502_B38.txt	rs9268807_ENSG00000198502_LD.unphased.vcor1	1438	9	10	rs2760981	1	rs9269448	1	-0.274968	0.075607401024
1438	rs3021302	rs9271408	0	0	0	1	0	4	10	rs9268807	ENSG00000198502	eqtl_rs9268807_ENSG00000198502_B38.txt	rs9268807_ENSG00000198502_LD.unphased.vcor1	1438	9	10	rs2760981	1	rs9269448	1	0.271092	0.073490872464
1438	rs34386495	rs9271408	0	0	0	1	0	5	10	rs9268807	ENSG00000198502	eqtl_rs9268807_ENSG00000198502_B38.txt	rs9268807_ENSG00000198502_LD.unphased.vcor1	1438	9	10	rs2760981	1	rs9269448	1	0.192148	0.036920853904
1438	rs9270502	rs9271408	0	0	0	1	0	6	10	rs9268807	ENSG00000198502	eqtl_rs9268807_ENSG00000198502_B38.txt	rs9268807_ENSG00000198502_LD.unphased.vcor1	1438	9	10	rs2760981	1	rs9269448	1	-0.174926	0.030599105476
1438	rs2760981	rs9271408	0	0	0	1	0	7	10	rs9268807	ENSG00000198502	eqtl_rs9268807_ENSG00000198502_B38.txt	rs9268807_ENSG00000198502_LD.unphased.vcor1	1438	9	10	rs2760981	1	rs9269448	1	-0.0662917	0.00439458948889
1438	rs9461776	rs9271408	0	0	0	1	0	8	10	rs9268807	ENSG00000198502	eqtl_rs9268807_ENSG00000198502_B38.txt	rs9268807_ENSG00000198502_LD.unphased.vcor1	1438	9	10	rs2760981	1	rs9269448	1	0.205188	0.042102115344
1438	rs4380799	rs9271408	0	0	0	1	0	9	10	rs9268807	ENSG00000198502	eqtl_rs9268807_ENSG00000198502_B38.txt	rs9268807_ENSG00000198502_LD.unphased.vcor1	1438	9	10	rs2760981	1	rs9269448	1	0.185563	0.034433626969
954	rs114445199	rs72850069	0	0	3.02347557200135e-241	1	8.8223381634333e-239	1	1	rs9268807	ENSG00000204287	eqtl_rs9268807_ENSG00000204287_B38.txt	rs9268807_ENSG00000204287_LD.unphased.vcor1	954	9	6	rs114445199	1	rs62405590	1	0.0868818	0.00754844717124
954	rs558721	rs72850069	0	0	0	1	0	2	1	rs9268807	ENSG00000204287	eqtl_rs9268807_ENSG00000204287_B38.txt	rs9268807_ENSG00000204287_LD.unphased.vcor1	954	9	6	rs114445199	1	rs62405590	1	0.0909746	0.00827637784516
954	rs9273324	rs72850069	0	0	0	1	0	3	1	rs9268807	ENSG00000204287	eqtl_rs9268807_ENSG00000204287_B38.txt	rs9268807_ENSG00000204287_LD.unphased.vcor1	954	9	6	rs114445199	1	rs62405590	1	0.119744	0.014338625536
954	rs3021302	rs72850069	0	0	0	1	0	4	1	rs9268807	ENSG00000204287	eqtl_rs9268807_ENSG00000204287_B38.txt	rs9268807_ENSG00000204287_LD.unphased.vcor1	954	9	6	rs114445199	1	rs62405590	1	-0.119295	0.014231297025
954	rs4367411	rs72850069	0	0	0	1	0	5	1	rs9268807	ENSG00000204287	eqtl_rs9268807_ENSG00000204287_B38.txt	rs9268807_ENSG00000204287_LD.unphased.vcor1	954	9	6	rs114445199	1	rs62405590	1	-0.14117	0.0199289689
954	rs9270502	rs72850069	0	0	0	1	0	6	1	rs9268807	ENSG00000204287	eqtl_rs9268807_ENSG00000204287_B38.txt	rs9268807_ENSG00000204287_LD.unphased.vcor1	954	9	6	rs114445199	1	rs62405590	1	-0.184629	0.034087867641
954	rs4713573	rs72850069	0	0	0	1	0	7	1	rs9268807	ENSG00000204287	eqtl_rs9268807_ENSG00000204287_B38.txt	rs9268807_ENSG00000204287_LD.unphased.vcor1	954	9	6	rs114445199	1	rs62405590	1	0.558183	0.311568261489
954	rs9270560	rs72850069	0	0	0	1	0	8	1	rs9268807	ENSG00000204287	eqtl_rs9268807_ENSG00000204287_B38.txt	rs9268807_ENSG00000204287_LD.unphased.vcor1	954	9	6	rs114445199	1	rs62405590	1	-0.394643	0.155743097449
954	rs9273325	rs72850069	0	0	0	1	0	10	1	rs9268807	ENSG00000204287	eqtl_rs9268807_ENSG00000204287_B38.txt	rs9268807_ENSG00000204287_LD.unphased.vcor1	954	9	6	rs114445199	1	rs62405590	1	0.117964	0.013915505296
954	rs114445199	rs9271161	0	0	3.02347557200135e-241	1	2.67980947238992e-240	1	2	rs9268807	ENSG00000204287	eqtl_rs9268807_ENSG00000204287_B38.txt	rs9268807_ENSG00000204287_LD.unphased.vcor1	954	9	6	rs114445199	1	rs62405590	1	0.133543	0.017833732849
954	rs558721	rs9271161	0	0	0	1	0	2	2	rs9268807	ENSG00000204287	eqtl_rs9268807_ENSG00000204287_B38.txt	rs9268807_ENSG00000204287_LD.unphased.vcor1	954	9	6	rs114445199	1	rs62405590	1	-0.215718	0.046534255524
954	rs9273324	rs9271161	0	0	0	1	0	3	2	rs9268807	ENSG00000204287	eqtl_rs9268807_ENSG00000204287_B38.txt	rs9268807_ENSG00000204287_LD.unphased.vcor1	954	9	6	rs114445199	1	rs62405590	1	-0.199816	0.039926433856
954	rs3021302	rs9271161	0	0	0	1	0	4	2	rs9268807	ENSG00000204287	eqtl_rs9268807_ENSG00000204287_B38.txt	rs9268807_ENSG00000204287_LD.unphased.vcor1	954	9	6	rs114445199	1	rs62405590	1	0.199066	0.039627272356
954	rs4367411	rs9271161	0	0	0	1	1.11253693058429e-308	5	2	rs9268807	ENSG00000204287	eqtl_rs9268807_ENSG00000204287_B38.txt	rs9268807_ENSG00000204287_LD.unphased.vcor1	954	9	6	rs114445199	1	rs62405590	1	-1	1
954	rs9270502	rs9271161	0	0	0	1	0	6	2	rs9268807	ENSG00000204287	eqtl_rs9268807_ENSG00000204287_B38.txt	rs9268807_ENSG00000204287_LD.unphased.vcor1	954	9	6	rs114445199	1	rs62405590	1	-0.678424	0.460259123776
954	rs4713573	rs9271161	0	0	0	1	0	7	2	rs9268807	ENSG00000204287	eqtl_rs9268807_ENSG00000204287_B38.txt	rs9268807_ENSG00000204287_LD.unphased.vcor1	954	9	6	rs114445199	1	rs62405590	1	0.165851	0.027506554201
954	rs9270560	rs9271161	0	0	0	1	0	8	2	rs9268807	ENSG00000204287	eqtl_rs9268807_ENSG00000204287_B38.txt	rs9268807_ENSG00000204287_LD.unphased.vcor1	954	9	6	rs114445199	1	rs62405590	1	0.605967	0.367196005089
954	rs9273325	rs9271161	0	0	0	1	0	10	2	rs9268807	ENSG00000204287	eqtl_rs9268807_ENSG00000204287_B38.txt	rs9268807_ENSG00000204287_LD.unphased.vcor1	954	9	6	rs114445199	1	rs62405590	1	-0.19695	0.0387893025
954	rs114445199	rs71534589	0	0	3.02347557178136e-241	1	1.87196228267838e-242	1	3	rs9268807	ENSG00000204287	eqtl_rs9268807_ENSG00000204287_B38.txt	rs9268807_ENSG00000204287_LD.unphased.vcor1	954	9	6	rs114445199	1	rs62405590	1	-0.111721	0.012481581841
954	rs558721	rs71534589	0	0	0	1	0	2	3	rs9268807	ENSG00000204287	eqtl_rs9268807_ENSG00000204287_B38.txt	rs9268807_ENSG00000204287_LD.unphased.vcor1	954	9	6	rs114445199	1	rs62405590	1	0.232202	0.053917768804
954	rs9273324	rs71534589	0	0	0	1	0	3	3	rs9268807	ENSG00000204287	eqtl_rs9268807_ENSG00000204287_B38.txt	rs9268807_ENSG00000204287_LD.unphased.vcor1	954	9	6	rs114445199	1	rs62405590	1	0.139015	0.019325170225
954	rs3021302	rs71534589	0	0	0	1	0	4	3	rs9268807	ENSG00000204287	eqtl_rs9268807_ENSG00000204287_B38.txt	rs9268807_ENSG00000204287_LD.unphased.vcor1	954	9	6	rs114445199	1	rs62405590	1	-0.138493	0.019180311049
954	rs4367411	rs71534589	0	0	0	1	0	5	3	rs9268807	ENSG00000204287	eqtl_rs9268807_ENSG00000204287_B38.txt	rs9268807_ENSG00000204287_LD.unphased.vcor1	954	9	6	rs114445199	1	rs62405590	1	0.932682	0.869895713124
954	rs9270502	rs71534589	0	0	0	1	0	6	3	rs9268807	ENSG00000204287	eqtl_rs9268807_ENSG00000204287_B38.txt	rs9268807_ENSG00000204287_LD.unphased.vcor1	954	9	6	rs114445199	1	rs62405590	1	0.609326	0.371278174276
954	rs4713573	rs71534589	0	0	0	1	0	7	3	rs9268807	ENSG00000204287	eqtl_rs9268807_ENSG00000204287_B38.txt	rs9268807_ENSG00000204287_LD.unphased.vcor1	954	9	6	rs114445199	1	rs62405590	1	-0.131906	0.017399192836
954	rs9270560	rs71534589	0	0	0	1	0	8	3	rs9268807	ENSG00000204287	eqtl_rs9268807_ENSG00000204287_B38.txt	rs9268807_ENSG00000204287_LD.unphased.vcor1	954	9	6	rs114445199	1	rs62405590	1	-0.53649	0.2878215201
954	rs9273325	rs71534589	0	0	0	1	0	10	3	rs9268807	ENSG00000204287	eqtl_rs9268807_ENSG00000204287_B38.txt	rs9268807_ENSG00000204287_LD.unphased.vcor1	954	9	6	rs114445199	1	rs62405590	1	0.13628	0.0185722384
954	rs114445199	rs62405590	0	0	3.02347557178136e-241	1	5.60450275490464e-244	1	4	rs9268807	ENSG00000204287	eqtl_rs9268807_ENSG00000204287_B38.txt	rs9268807_ENSG00000204287_LD.unphased.vcor1	954	9	6	rs114445199	1	rs62405590	1	-0.100973	0.010195546729
954	rs558721	rs62405590	0	0	0	1	0	2	4	rs9268807	ENSG00000204287	eqtl_rs9268807_ENSG00000204287_B38.txt	rs9268807_ENSG00000204287_LD.unphased.vcor1	954	9	6	rs114445199	1	rs62405590	1	0.230174	0.052980070276
954	rs9273324	rs62405590	0	0	0	1	0	3	4	rs9268807	ENSG00000204287	eqtl_rs9268807_ENSG00000204287_B38.txt	rs9268807_ENSG00000204287_LD.unphased.vcor1	954	9	6	rs114445199	1	rs62405590	1	0.134374	0.018056371876
954	rs3021302	rs62405590	0	0	0	1	0	4	4	rs9268807	ENSG00000204287	eqtl_rs9268807_ENSG00000204287_B38.txt	rs9268807_ENSG00000204287_LD.unphased.vcor1	954	9	6	rs114445199	1	rs62405590	1	-0.13387	0.0179211769
954	rs4367411	rs62405590	0	0	0	1	0	5	4	rs9268807	ENSG00000204287	eqtl_rs9268807_ENSG00000204287_B38.txt	rs9268807_ENSG00000204287_LD.unphased.vcor1	954	9	6	rs114445199	1	rs62405590	1	0.924085	0.853933087225
954	rs9270502	rs62405590	0	0	0	1	0	6	4	rs9268807	ENSG00000204287	eqtl_rs9268807_ENSG00000204287_B38.txt	rs9268807_ENSG00000204287_LD.unphased.vcor1	954	9	6	rs114445199	1	rs62405590	1	0.603588	0.364318473744
954	rs4713573	rs62405590	0	0	0	1	0	7	4	rs9268807	ENSG00000204287	eqtl_rs9268807_ENSG00000204287_B38.txt	rs9268807_ENSG00000204287_LD.unphased.vcor1	954	9	6	rs114445199	1	rs62405590	1	-0.134531	0.018098589961
954	rs9270560	rs62405590	0	0	0	1	0	8	4	rs9268807	ENSG00000204287	eqtl_rs9268807_ENSG00000204287_B38.txt	rs9268807_ENSG00000204287_LD.unphased.vcor1	954	9	6	rs114445199	1	rs62405590	1	-0.530215	0.281127946225
954	rs9273325	rs62405590	0	0	0	1	0	10	4	rs9268807	ENSG00000204287	eqtl_rs9268807_ENSG00000204287_B38.txt	rs9268807_ENSG00000204287_LD.unphased.vcor1	954	9	6	rs114445199	1	rs62405590	1	0.131623	0.017324614129
954	rs114445199	rs9270915	0	0	3.02347557059343e-241	1	4.55971998223854e-244	1	5	rs9268807	ENSG00000204287	eqtl_rs9268807_ENSG00000204287_B38.txt	rs9268807_ENSG00000204287_LD.unphased.vcor1	954	9	6	rs114445199	1	rs62405590	1	-0.0665531	0.00442931511961
954	rs558721	rs9270915	0	0	0	1	0	2	5	rs9268807	ENSG00000204287	eqtl_rs9268807_ENSG00000204287_B38.txt	rs9268807_ENSG00000204287_LD.unphased.vcor1	954	9	6	rs114445199	1	rs62405590	1	0.246383	0.060704582689
954	rs9273324	rs9270915	0	0	0	1	0	3	5	rs9268807	ENSG00000204287	eqtl_rs9268807_ENSG00000204287_B38.txt	rs9268807_ENSG00000204287_LD.unphased.vcor1	954	9	6	rs114445199	1	rs62405590	1	0.249519	0.062259731361
954	rs3021302	rs9270915	0	0	0	1	0	4	5	rs9268807	ENSG00000204287	eqtl_rs9268807_ENSG00000204287_B38.txt	rs9268807_ENSG00000204287_LD.unphased.vcor1	954	9	6	rs114445199	1	rs62405590	1	-0.248582	0.061793010724
954	rs4367411	rs9270915	0	0	0	1	0	5	5	rs9268807	ENSG00000204287	eqtl_rs9268807_ENSG00000204287_B38.txt	rs9268807_ENSG00000204287_LD.unphased.vcor1	954	9	6	rs114445199	1	rs62405590	1	0.804205	0.646745682025
954	rs9270502	rs9270915	0	0	0	1	0	6	5	rs9268807	ENSG00000204287	eqtl_rs9268807_ENSG00000204287_B38.txt	rs9268807_ENSG00000204287_LD.unphased.vcor1	954	9	6	rs114445199	1	rs62405590	1	0.492247	0.242307109009
954	rs4713573	rs9270915	0	0	0	1	0	7	5	rs9268807	ENSG00000204287	eqtl_rs9268807_ENSG00000204287_B38.txt	rs9268807_ENSG00000204287_LD.unphased.vcor1	954	9	6	rs114445199	1	rs62405590	1	0.187679	0.035223407041
954	rs9270560	rs9270915	0	0	0	1	0	8	5	rs9268807	ENSG00000204287	eqtl_rs9268807_ENSG00000204287_B38.txt	rs9268807_ENSG00000204287_LD.unphased.vcor1	954	9	6	rs114445199	1	rs62405590	1	-0.775609	0.601569320881
954	rs9273325	rs9270915	0	0	0	1	0	10	5	rs9268807	ENSG00000204287	eqtl_rs9268807_ENSG00000204287_B38.txt	rs9268807_ENSG00000204287_LD.unphased.vcor1	954	9	6	rs114445199	1	rs62405590	1	0.245901	0.060467301801
954	rs114445199	rs9271239	0	0	3.02347557200135e-241	1	4.70805157851516e-244	1	6	rs9268807	ENSG00000204287	eqtl_rs9268807_ENSG00000204287_B38.txt	rs9268807_ENSG00000204287_LD.unphased.vcor1	954	9	6	rs114445199	1	rs62405590	1	0.0665531	0.00442931511961
954	rs558721	rs9271239	0	0	0	1	0	2	6	rs9268807	ENSG00000204287	eqtl_rs9268807_ENSG00000204287_B38.txt	rs9268807_ENSG00000204287_LD.unphased.vcor1	954	9	6	rs114445199	1	rs62405590	1	-0.246383	0.060704582689
954	rs9273324	rs9271239	0	0	0	1	0	3	6	rs9268807	ENSG00000204287	eqtl_rs9268807_ENSG00000204287_B38.txt	rs9268807_ENSG00000204287_LD.unphased.vcor1	954	9	6	rs114445199	1	rs62405590	1	-0.249519	0.062259731361
954	rs3021302	rs9271239	0	0	0	1	0	4	6	rs9268807	ENSG00000204287	eqtl_rs9268807_ENSG00000204287_B38.txt	rs9268807_ENSG00000204287_LD.unphased.vcor1	954	9	6	rs114445199	1	rs62405590	1	0.248582	0.061793010724
954	rs4367411	rs9271239	0	0	0	1	0	5	6	rs9268807	ENSG00000204287	eqtl_rs9268807_ENSG00000204287_B38.txt	rs9268807_ENSG00000204287_LD.unphased.vcor1	954	9	6	rs114445199	1	rs62405590	1	-0.804205	0.646745682025
954	rs9270502	rs9271239	0	0	0	1	0	6	6	rs9268807	ENSG00000204287	eqtl_rs9268807_ENSG00000204287_B38.txt	rs9268807_ENSG00000204287_LD.unphased.vcor1	954	9	6	rs114445199	1	rs62405590	1	-0.492247	0.242307109009
954	rs4713573	rs9271239	0	0	0	1	0	7	6	rs9268807	ENSG00000204287	eqtl_rs9268807_ENSG00000204287_B38.txt	rs9268807_ENSG00000204287_LD.unphased.vcor1	954	9	6	rs114445199	1	rs62405590	1	-0.187679	0.035223407041
954	rs9270560	rs9271239	0	0	0	1	0	8	6	rs9268807	ENSG00000204287	eqtl_rs9268807_ENSG00000204287_B38.txt	rs9268807_ENSG00000204287_LD.unphased.vcor1	954	9	6	rs114445199	1	rs62405590	1	0.775609	0.601569320881
954	rs9273325	rs9271239	0	0	0	1	0	10	6	rs9268807	ENSG00000204287	eqtl_rs9268807_ENSG00000204287_B38.txt	rs9268807_ENSG00000204287_LD.unphased.vcor1	954	9	6	rs114445199	1	rs62405590	1	-0.245901	0.060467301801
531	rs11064247	rs6489722	1.37938043976746e-125	1.09292742967953e-123	0.0124581250600003	0.987096374402222	0.000445500537760423	3	1	rs11064247	ENSG00000010295	eqtl_rs11064247_ENSG00000010295_B38.txt	rs11064247_ENSG00000010295_LD.unphased.vcor1	531	3	10	rs2286599	0.789323035525494	rs10735060	1	-0.513185	0.263358844225
531	rs2072378	rs6489722	1.31209627450574e-125	1.09394159182143e-123	0.011850435896647	0.988012951142078	0.000136612961281324	1	1	rs11064247	ENSG00000010295	eqtl_rs11064247_ENSG00000010295_B38.txt	rs11064247_ENSG00000010295_LD.unphased.vcor1	531	3	10	rs2286599	0.789323035525494	rs10735060	1	-0.327048	0.106960394304
531	rs2286599	rs6489722	1.20793137466397e-124	9.83278356124094e-124	0.109096516781105	0.888060025503365	0.00284345771553607	2	1	rs11064247	ENSG00000010295	eqtl_rs11064247_ENSG00000010295_B38.txt	rs11064247_ENSG00000010295_LD.unphased.vcor1	531	3	10	rs2286599	0.789323035525494	rs10735060	1	0.101885	0.010380553225
531	rs11064247	rs12371184	2.53967702876319e-97	2.01226768717276e-95	0.0124621228358098	0.987413773815244	0.000124103348935194	3	2	rs11064247	ENSG00000010295	eqtl_rs11064247_ENSG00000010295_B38.txt	rs11064247_ENSG00000010295_LD.unphased.vcor1	531	3	10	rs2286599	0.789323035525494	rs10735060	1	0.228588	0.052252473744
531	rs2072378	rs12371184	2.41246496176323e-97	2.01135832161312e-95	0.0118378968467584	0.986965405536972	0.00119669761628081	1	2	rs11064247	ENSG00000010295	eqtl_rs11064247_ENSG00000010295_B38.txt	rs11064247_ENSG00000010295_LD.unphased.vcor1	531	3	10	rs2286599	0.789323035525494	rs10735060	1	-0.137632	0.018942567424
531	rs2286599	rs12371184	2.21380794507893e-96	1.80208038525137e-95	0.108630925247613	0.884261496544723	0.00710757820767123	2	2	rs11064247	ENSG00000010295	eqtl_rs11064247_ENSG00000010295_B38.txt	rs11064247_ENSG00000010295_LD.unphased.vcor1	531	3	10	rs2286599	0.789323035525494	rs10735060	1	-0.100916	0.010184039056
531	rs11064247	rs10849492	0	0	0.0121525869930673	0.962838484941419	0.0250089279964971	3	3	rs11064247	ENSG00000010295	eqtl_rs11064247_ENSG00000010295_B38.txt	rs11064247_ENSG00000010295_LD.unphased.vcor1	531	3	10	rs2286599	0.789323035525494	rs10735060	1	-0.655277	0.429387946729
531	rs2072378	rs10849492	0	0	0.0118500613219593	0.987981657869137	0.000168280868888697	1	3	rs11064247	ENSG00000010295	eqtl_rs11064247_ENSG00000010295_B38.txt	rs11064247_ENSG00000010295_LD.unphased.vcor1	531	3	10	rs2286599	0.789323035525494	rs10735060	1	-0.195152	0.038084303104
531	rs2286599	rs10849492	0	0	0.10927588986327	0.889523440771183	0.00120066914065677	2	3	rs11064247	ENSG00000010295	eqtl_rs11064247_ENSG00000010295_B38.txt	rs11064247_ENSG00000010295_LD.unphased.vcor1	531	3	10	rs2286599	0.789323035525494	rs10735060	1	0.073841	0.005452493281
531	rs11064247	rs16932801	0	0	0.0124615040364925	0.987364644804963	0.000173851154161245	3	4	rs11064247	ENSG00000010295	eqtl_rs11064247_ENSG00000010295_B38.txt	rs11064247_ENSG00000010295_LD.unphased.vcor1	531	3	10	rs2286599	0.789323035525494	rs10735060	1	-0.183268	0.033587159824
531	rs2072378	rs16932801	0	0	0.0118505861352689	0.988025502328326	0.000123911503140265	1	4	rs11064247	ENSG00000010295	eqtl_rs11064247_ENSG00000010295_B38.txt	rs11064247_ENSG00000010295_LD.unphased.vcor1	531	3	10	rs2286599	0.789323035525494	rs10735060	1	0.0431684	0.00186351075856
531	rs2286599	rs16932801	0	0	0.109274730480293	0.88951398208116	0.00121128745375162	2	4	rs11064247	ENSG00000010295	eqtl_rs11064247_ENSG00000010295_B38.txt	rs11064247_ENSG00000010295_LD.unphased.vcor1	531	3	10	rs2286599	0.789323035525494	rs10735060	1	0.0994711	0.00989449973521
531	rs11064247	rs10849488	0	0	0.0124506624808209	0.986503890390191	0.00104544712889497	3	5	rs11064247	ENSG00000010295	eqtl_rs11064247_ENSG00000010295_B38.txt	rs11064247_ENSG00000010295_LD.unphased.vcor1	531	3	10	rs2286599	0.789323035525494	rs10735060	1	-0.524574	0.275177881476
531	rs2072378	rs10849488	0	0	0.0118497612744877	0.987956591411027	0.000193647314382442	1	5	rs11064247	ENSG00000010295	eqtl_rs11064247_ENSG00000010295_B38.txt	rs11064247_ENSG00000010295_LD.unphased.vcor1	531	3	10	rs2286599	0.789323035525494	rs10735060	1	-0.316945	0.100454133025
531	rs2286599	rs10849488	0	0	0.109197509999852	0.888883978772132	0.00191851122796548	2	5	rs11064247	ENSG00000010295	eqtl_rs11064247_ENSG00000010295_B38.txt	rs11064247_ENSG00000010295_LD.unphased.vcor1	531	3	10	rs2286599	0.789323035525494	rs10735060	1	0.140213	0.019659685369
531	rs11064247	rs10849461	0	0	0.0124619354945857	0.987398900046266	0.00013916445914857	3	6	rs11064247	ENSG00000010295	eqtl_rs11064247_ENSG00000010295_B38.txt	rs11064247_ENSG00000010295_LD.unphased.vcor1	531	3	10	rs2286599	0.789323035525494	rs10735060	1	-0.206538	0.042657945444
531	rs2072378	rs10849461	0	0	0.0118506528664605	0.988031077377823	0.000118269755623123	1	6	rs11064247	ENSG00000010295	eqtl_rs11064247_ENSG00000010295_B38.txt	rs11064247_ENSG00000010295_LD.unphased.vcor1	531	3	10	rs2286599	0.789323035525494	rs10735060	1	-0.364504	0.132863166016
531	rs2286599	rs10849461	0	0	0.108617251514841	0.884149939383049	0.00723280910209284	2	6	rs11064247	ENSG00000010295	eqtl_rs11064247_ENSG00000010295_B38.txt	rs11064247_ENSG00000010295_LD.unphased.vcor1	531	3	10	rs2286599	0.789323035525494	rs10735060	1	0.0621731	0.00386549436361
531	rs11064247	rs10735060	2.98409796709626e-218	2.3643966719147e-216	0.0124620263422259	0.987406112803743	0.000131860854028994	3	7	rs11064247	ENSG00000010295	eqtl_rs11064247_ENSG00000010295_B38.txt	rs11064247_ENSG00000010295_LD.unphased.vcor1	531	3	10	rs2286599	0.789323035525494	rs10735060	1	-0.227376	0.051699845376
531	rs2072378	rs10735060	2.83642517691724e-218	2.36482911613179e-216	0.0118453233312883	0.987585833822943	0.000568842845785293	1	7	rs11064247	ENSG00000010295	eqtl_rs11064247_ENSG00000010295_B38.txt	rs11064247_ENSG00000010295_LD.unphased.vcor1	531	3	10	rs2286599	0.789323035525494	rs10735060	1	-0.71373	0.5094105129
531	rs2286599	rs10735060	2.58812649499392e-217	2.10678256961971e-216	0.108083919875498	0.879798752708099	0.0121173274164138	2	7	rs11064247	ENSG00000010295	eqtl_rs11064247_ENSG00000010295_B38.txt	rs11064247_ENSG00000010295_LD.unphased.vcor1	531	3	10	rs2286599	0.789323035525494	rs10735060	1	0.135395	0.018331806025
531	rs11064247	rs7305483	0	0	0.0124618424136327	0.987391509976907	0.000146647609531677	3	8	rs11064247	ENSG00000010295	eqtl_rs11064247_ENSG00000010295_B38.txt	rs11064247_ENSG00000010295_LD.unphased.vcor1	531	3	10	rs2286599	0.789323035525494	rs10735060	1	0.196683	0.038684202489
531	rs2072378	rs7305483	0	0	0.0118486788460127	0.987866162454956	0.000285158698929488	1	8	rs11064247	ENSG00000010295	eqtl_rs11064247_ENSG00000010295_B38.txt	rs11064247_ENSG00000010295_LD.unphased.vcor1	531	3	10	rs2286599	0.789323035525494	rs10735060	1	0.362588	0.131470057744
531	rs2286599	rs7305483	0	0	0.109255956052885	0.889360810950276	0.00138323299687998	2	8	rs11064247	ENSG00000010295	eqtl_rs11064247_ENSG00000010295_B38.txt	rs11064247_ENSG00000010295_LD.unphased.vcor1	531	3	10	rs2286599	0.789323035525494	rs10735060	1	-0.0685696	0.00470179004416
531	rs11064247	rs11064282	0	0	0.00588769414660727	0.465443581781652	0.528668724140595	3	9	rs11064247	ENSG00000010295	eqtl_rs11064247_ENSG00000010295_B38.txt	rs11064247_ENSG00000010295_LD.unphased.vcor1	531	3	10	rs2286599	0.789323035525494	rs10735060	1	-0.847581	0.718393551561
531	rs2072378	rs11064282	0	0	0.0118501707246085	0.987990798019009	0.000159031234122494	1	9	rs11064247	ENSG00000010295	eqtl_rs11064247_ENSG00000010295_B38.txt	rs11064247_ENSG00000010295_LD.unphased.vcor1	531	3	10	rs2286599	0.789323035525494	rs10735060	1	-0.183851	0.033801190201
531	rs2286599	rs11064282	0	0	0.109248981029961	0.889303905299763	0.0014471136725628	2	9	rs11064247	ENSG00000010295	eqtl_rs11064247_ENSG00000010295_B38.txt	rs11064247_ENSG00000010295_LD.unphased.vcor1	531	3	10	rs2286599	0.789323035525494	rs10735060	1	0.150804	0.022741846416
531	rs11064247	rs12813891	9.53447303219911e-233	7.55446924141307e-231	0.0124584299311951	0.987120579345798	0.000420990723038051	3	10	rs11064247	ENSG00000010295	eqtl_rs11064247_ENSG00000010295_B38.txt	rs11064247_ENSG00000010295_LD.unphased.vcor1	531	3	10	rs2286599	0.789323035525494	rs10735060	1	0.246661	0.060841648921
531	rs2072378	rs12813891	9.06757459614365e-233	7.55996124705262e-231	0.0118483467697097	0.987838419916621	0.000313233313613559	1	10	rs11064247	ENSG00000010295	eqtl_rs11064247_ENSG00000010295_B38.txt	rs11064247_ENSG00000010295_LD.unphased.vcor1	531	3	10	rs2286599	0.789323035525494	rs10735060	1	-0.381691	0.145688019481
531	rs2286599	rs12813891	8.36217392759665e-232	6.80696338021585e-231	0.109266193944439	0.88944433679795	0.00128946925758968	2	10	rs11064247	ENSG00000010295	eqtl_rs11064247_ENSG00000010295_B38.txt	rs11064247_ENSG00000010295_LD.unphased.vcor1	531	3	10	rs2286599	0.789323035525494	rs10735060	1	0.0438067	0.00191902696489
681	rs1456893	rs1002371	0	0	0	1	0	2	2	rs62447171	ENSG00000185811	eqtl_rs62447171_ENSG00000185811_B38.txt	rs62447171_ENSG00000185811_LD.unphased.vcor1	681	10	10	rs149714838	1	rs4947641	1	0.0793114	0.00629029816996
681	rs28625973	rs1002371	0	0	1.83583216000962e-139	1	9.82504414256598e-140	3	2	rs62447171	ENSG00000185811	eqtl_rs62447171_ENSG00000185811_B38.txt	rs62447171_ENSG00000185811_LD.unphased.vcor1	681	10	10	rs149714838	1	rs4947641	1	0.0843257	0.00711082368049
681	rs1870027	rs1002371	0	0	0	1	0	4	2	rs62447171	ENSG00000185811	eqtl_rs62447171_ENSG00000185811_B38.txt	rs62447171_ENSG00000185811_LD.unphased.vcor1	681	10	10	rs149714838	1	rs4947641	1	0.0060932	3.712708624e-05
681	rs7791218	rs1002371	0	0	1.50361466085451e-80	1	3.84118269734487e-83	5	2	rs62447171	ENSG00000185811	eqtl_rs62447171_ENSG00000185811_B38.txt	rs62447171_ENSG00000185811_LD.unphased.vcor1	681	10	10	rs149714838	1	rs4947641	1	-0.0665139	0.00442409889321
681	rs149714838	rs1002371	0	0	0	1	0	7	2	rs62447171	ENSG00000185811	eqtl_rs62447171_ENSG00000185811_B38.txt	rs62447171_ENSG00000185811_LD.unphased.vcor1	681	10	10	rs149714838	1	rs4947641	1	-0.100067	0.010013404489
681	rs142985604	rs1002371	0	0	0	1	0	8	2	rs62447171	ENSG00000185811	eqtl_rs62447171_ENSG00000185811_B38.txt	rs62447171_ENSG00000185811_LD.unphased.vcor1	681	10	10	rs149714838	1	rs4947641	1	0.0785838	0.00617541362244
681	rs1456902	rs1002371	0	0	0	1	0	6	2	rs62447171	ENSG00000185811	eqtl_rs62447171_ENSG00000185811_B38.txt	rs62447171_ENSG00000185811_LD.unphased.vcor1	681	10	10	rs149714838	1	rs4947641	1	0.0530731	0.00281675394361
681	rs28658347	rs1002371	0	0	0	1	0	9	2	rs62447171	ENSG00000185811	eqtl_rs62447171_ENSG00000185811_B38.txt	rs62447171_ENSG00000185811_LD.unphased.vcor1	681	10	10	rs149714838	1	rs4947641	1	-0.130743	0.017093732049
681	rs61339774	rs1002371	0	0	0	1	0	10	2	rs62447171	ENSG00000185811	eqtl_rs62447171_ENSG00000185811_B38.txt	rs62447171_ENSG00000185811_LD.unphased.vcor1	681	10	10	rs149714838	1	rs4947641	1	0.086721	0.007520531841
681	rs4917015	rs1002371	0	0	3.72817195337437e-64	1	2.2394332226646e-66	1	2	rs62447171	ENSG00000185811	eqtl_rs62447171_ENSG00000185811_B38.txt	rs62447171_ENSG00000185811_LD.unphased.vcor1	681	10	10	rs149714838	1	rs4947641	1	0.135864	0.018459026496
681	rs1456893	rs72645707	0	0	0	1	0	2	1	rs62447171	ENSG00000185811	eqtl_rs62447171_ENSG00000185811_B38.txt	rs62447171_ENSG00000185811_LD.unphased.vcor1	681	10	10	rs149714838	1	rs4947641	1	-0.0545556	0.00297631349136
681	rs28625973	rs72645707	0	0	1.83583216003634e-139	1	1.1657556810681e-140	3	1	rs62447171	ENSG00000185811	eqtl_rs62447171_ENSG00000185811_B38.txt	rs62447171_ENSG00000185811_LD.unphased.vcor1	681	10	10	rs149714838	1	rs4947641	1	-0.0172243	0.00029667651049
681	rs1870027	rs72645707	0	0	0	1	0	4	1	rs62447171	ENSG00000185811	eqtl_rs62447171_ENSG00000185811_B38.txt	rs62447171_ENSG00000185811_LD.unphased.vcor1	681	10	10	rs149714838	1	rs4947641	1	0.00759224	5.76421082176e-05
681	rs7791218	rs72645707	0	0	1.50361466087639e-80	1	1.79283931398085e-82	5	1	rs62447171	ENSG00000185811	eqtl_rs62447171_ENSG00000185811_B38.txt	rs62447171_ENSG00000185811_LD.unphased.vcor1	681	10	10	rs149714838	1	rs4947641	1	0.022	0.000484
681	rs149714838	rs72645707	0	0	0	1	0	7	1	rs62447171	ENSG00000185811	eqtl_rs62447171_ENSG00000185811_B38.txt	rs62447171_ENSG00000185811_LD.unphased.vcor1	681	10	10	rs149714838	1	rs4947641	1	0.103922	0.010799782084
681	rs142985604	rs72645707	0	0	0	1	0	8	1	rs62447171	ENSG00000185811	eqtl_rs62447171_ENSG00000185811_B38.txt	rs62447171_ENSG00000185811_LD.unphased.vcor1	681	10	10	rs149714838	1	rs4947641	1	-0.0938284	0.00880376864656
681	rs1456902	rs72645707	0	0	0	1	0	6	1	rs62447171	ENSG00000185811	eqtl_rs62447171_ENSG00000185811_B38.txt	rs62447171_ENSG00000185811_LD.unphased.vcor1	681	10	10	rs149714838	1	rs4947641	1	-0.0356015	0.00126746680225
681	rs28658347	rs72645707	0	0	0	1	0	9	1	rs62447171	ENSG00000185811	eqtl_rs62447171_ENSG00000185811_B38.txt	rs62447171_ENSG00000185811_LD.unphased.vcor1	681	10	10	rs149714838	1	rs4947641	1	0.115401	0.013317390801
681	rs61339774	rs72645707	0	0	0	1	0	10	1	rs62447171	ENSG00000185811	eqtl_rs62447171_ENSG00000185811_B38.txt	rs62447171_ENSG00000185811_LD.unphased.vcor1	681	10	10	rs149714838	1	rs4947641	1	-0.086287	0.007445446369
681	rs4917015	rs72645707	0	0	3.72817195342863e-64	1	1.35413404991154e-66	1	1	rs62447171	ENSG00000185811	eqtl_rs62447171_ENSG00000185811_B38.txt	rs62447171_ENSG00000185811_LD.unphased.vcor1	681	10	10	rs149714838	1	rs4947641	1	-0.0837462	0.00701342601444
681	rs1456893	rs17732497	0	9.6942622842579e-233	0	1	7.0919169369293e-218	2	3	rs62447171	ENSG00000185811	eqtl_rs62447171_ENSG00000185811_B38.txt	rs62447171_ENSG00000185811_LD.unphased.vcor1	681	10	10	rs149714838	1	rs4947641	1	-0.10892	0.0118635664
681	rs28625973	rs17732497	0	6.63412163013036e-233	1.25632394554273e-139	0.683702265255279	0.316297734744676	3	3	rs62447171	ENSG00000185811	eqtl_rs62447171_ENSG00000185811_B38.txt	rs62447171_ENSG00000185811_LD.unphased.vcor1	681	10	10	rs149714838	1	rs4947641	1	-0.994498	0.989026272004
681	rs1870027	rs17732497	0	9.69426228422264e-233	0	1	9.7649052245117e-227	4	3	rs62447171	ENSG00000185811	eqtl_rs62447171_ENSG00000185811_B38.txt	rs62447171_ENSG00000185811_LD.unphased.vcor1	681	10	10	rs149714838	1	rs4947641	1	0.216028	0.046668096784
681	rs7791218	rs17732497	1.11260981142809e-308	9.69426228426121e-233	1.50361466087109e-80	0.999999999999773	2.65320479503733e-13	5	3	rs62447171	ENSG00000185811	eqtl_rs62447171_ENSG00000185811_B38.txt	rs62447171_ENSG00000185811_LD.unphased.vcor1	681	10	10	rs149714838	1	rs4947641	1	0.90256	0.8146145536
681	rs149714838	rs17732497	0	9.69426228426231e-233	0	1	1.21780394214621e-227	7	3	rs62447171	ENSG00000185811	eqtl_rs62447171_ENSG00000185811_B38.txt	rs62447171_ENSG00000185811_LD.unphased.vcor1	681	10	10	rs149714838	1	rs4947641	1	0.216466	0.046857529156
681	rs142985604	rs17732497	0	9.69426228426231e-233	0	1	1.13669365153804e-207	8	3	rs62447171	ENSG00000185811	eqtl_rs62447171_ENSG00000185811_B38.txt	rs62447171_ENSG00000185811_LD.unphased.vcor1	681	10	10	rs149714838	1	rs4947641	1	-0.189219	0.035803829961
681	rs1456902	rs17732497	0	9.69426228426231e-233	0	1	2.42824055975564e-235	6	3	rs62447171	ENSG00000185811	eqtl_rs62447171_ENSG00000185811_B38.txt	rs62447171_ENSG00000185811_LD.unphased.vcor1	681	10	10	rs149714838	1	rs4947641	1	-0.0708349	0.00501758305801
681	rs28658347	rs17732497	0	9.6942622842579e-233	0	1	4.56130512921897e-175	9	3	rs62447171	ENSG00000185811	eqtl_rs62447171_ENSG00000185811_B38.txt	rs62447171_ENSG00000185811_LD.unphased.vcor1	681	10	10	rs149714838	1	rs4947641	1	0.350898	0.123129406404
681	rs61339774	rs17732497	0	9.69426228426231e-233	0	1	1.6359462777638e-234	10	3	rs62447171	ENSG00000185811	eqtl_rs62447171_ENSG00000185811_B38.txt	rs62447171_ENSG00000185811_LD.unphased.vcor1	681	10	10	rs149714838	1	rs4947641	1	0.0679462	0.00461668609444
681	rs4917015	rs17732497	3.61418767570924e-296	9.69426228426342e-233	3.72817195340023e-64	1	5.84585466956339e-66	1	3	rs62447171	ENSG00000185811	eqtl_rs62447171_ENSG00000185811_B38.txt	rs62447171_ENSG00000185811_LD.unphased.vcor1	681	10	10	rs149714838	1	rs4947641	1	-0.0995173	0.00990369299929
681	rs1456893	rs79188992	0	0	0	1	0	2	4	rs62447171	ENSG00000185811	eqtl_rs62447171_ENSG00000185811_B38.txt	rs62447171_ENSG00000185811_LD.unphased.vcor1	681	10	10	rs149714838	1	rs4947641	1	0.0572343	0.00327576509649
681	rs28625973	rs79188992	0	0	1.83583216002131e-139	1	6.74062111219679e-141	3	4	rs62447171	ENSG00000185811	eqtl_rs62447171_ENSG00000185811_B38.txt	rs62447171_ENSG00000185811_LD.unphased.vcor1	681	10	10	rs149714838	1	rs4947641	1	0.0455923	0.00207865781929
681	rs1870027	rs79188992	0	0	0	1	0	4	4	rs62447171	ENSG00000185811	eqtl_rs62447171_ENSG00000185811_B38.txt	rs62447171_ENSG00000185811_LD.unphased.vcor1	681	10	10	rs149714838	1	rs4947641	1	0.0249844	0.00062422024336
681	rs7791218	rs79188992	0	0	1.50361466087092e-80	1	5.66921506181174e-83	5	4	rs62447171	ENSG00000185811	eqtl_rs62447171_ENSG00000185811_B38.txt	rs62447171_ENSG00000185811_LD.unphased.vcor1	681	10	10	rs149714838	1	rs4947641	1	-0.0179417	0.00032190459889
681	rs149714838	rs79188992	0	0	0	1	0	7	4	rs62447171	ENSG00000185811	eqtl_rs62447171_ENSG00000185811_B38.txt	rs62447171_ENSG00000185811_LD.unphased.vcor1	681	10	10	rs149714838	1	rs4947641	1	-0.107101	0.011470624201
681	rs142985604	rs79188992	0	0	0	1	0	8	4	rs62447171	ENSG00000185811	eqtl_rs62447171_ENSG00000185811_B38.txt	rs62447171_ENSG00000185811_LD.unphased.vcor1	681	10	10	rs149714838	1	rs4947641	1	0.0707602	0.00500700590404
681	rs1456902	rs79188992	0	0	0	1	0	6	4	rs62447171	ENSG00000185811	eqtl_rs62447171_ENSG00000185811_B38.txt	rs62447171_ENSG00000185811_LD.unphased.vcor1	681	10	10	rs149714838	1	rs4947641	1	0.0666124	0.00443721183376
681	rs28658347	rs79188992	0	0	0	1	0	9	4	rs62447171	ENSG00000185811	eqtl_rs62447171_ENSG00000185811_B38.txt	rs62447171_ENSG00000185811_LD.unphased.vcor1	681	10	10	rs149714838	1	rs4947641	1	-0.0994339	0.00988710046921
681	rs61339774	rs79188992	0	0	0	1	0	10	4	rs62447171	ENSG00000185811	eqtl_rs62447171_ENSG00000185811_B38.txt	rs62447171_ENSG00000185811_LD.unphased.vcor1	681	10	10	rs149714838	1	rs4947641	1	0.121637	0.014795559769
681	rs4917015	rs79188992	0	0	3.72817195339811e-64	1	1.31606313415013e-66	1	4	rs62447171	ENSG00000185811	eqtl_rs62447171_ENSG00000185811_B38.txt	rs62447171_ENSG00000185811_LD.unphased.vcor1	681	10	10	rs149714838	1	rs4947641	1	0.108605	0.011795046025
681	rs1456893	rs7790758	0	0	0	1	0	2	5	rs62447171	ENSG00000185811	eqtl_rs62447171_ENSG00000185811_B38.txt	rs62447171_ENSG00000185811_LD.unphased.vcor1	681	10	10	rs149714838	1	rs4947641	1	0.161016	0.025926152256
681	rs28625973	rs7790758	0	0	1.83583216002215e-139	1	3.05087730266934e-141	3	5	rs62447171	ENSG00000185811	eqtl_rs62447171_ENSG00000185811_B38.txt	rs62447171_ENSG00000185811_LD.unphased.vcor1	681	10	10	rs149714838	1	rs4947641	1	0.10064	0.0101284096
681	rs1870027	rs7790758	0	0	0	1	0	4	5	rs62447171	ENSG00000185811	eqtl_rs62447171_ENSG00000185811_B38.txt	rs62447171_ENSG00000185811_LD.unphased.vcor1	681	10	10	rs149714838	1	rs4947641	1	0.0021902	4.79697604e-06
681	rs7791218	rs7790758	0	0	1.50361466087092e-80	1	1.79733900454071e-82	5	5	rs62447171	ENSG00000185811	eqtl_rs62447171_ENSG00000185811_B38.txt	rs62447171_ENSG00000185811_LD.unphased.vcor1	681	10	10	rs149714838	1	rs4947641	1	-0.0632287	0.00399786850369
681	rs149714838	rs7790758	0	0	0	1	0	7	5	rs62447171	ENSG00000185811	eqtl_rs62447171_ENSG00000185811_B38.txt	rs62447171_ENSG00000185811_LD.unphased.vcor1	681	10	10	rs149714838	1	rs4947641	1	-0.133344	0.017780622336
681	rs142985604	rs7790758	0	0	0	1	0	8	5	rs62447171	ENSG00000185811	eqtl_rs62447171_ENSG00000185811_B38.txt	rs62447171_ENSG00000185811_LD.unphased.vcor1	681	10	10	rs149714838	1	rs4947641	1	0.152145	0.023148101025
681	rs1456902	rs7790758	0	0	0	1	0	6	5	rs62447171	ENSG00000185811	eqtl_rs62447171_ENSG00000185811_B38.txt	rs62447171_ENSG00000185811_LD.unphased.vcor1	681	10	10	rs149714838	1	rs4947641	1	-0.00130931	1.7142926761e-06
681	rs28658347	rs7790758	0	0	0	1	0	9	5	rs62447171	ENSG00000185811	eqtl_rs62447171_ENSG00000185811_B38.txt	rs62447171_ENSG00000185811_LD.unphased.vcor1	681	10	10	rs149714838	1	rs4947641	1	-0.185648	0.034465179904
681	rs61339774	rs7790758	0	0	0	1	0	10	5	rs62447171	ENSG00000185811	eqtl_rs62447171_ENSG00000185811_B38.txt	rs62447171_ENSG00000185811_LD.unphased.vcor1	681	10	10	rs149714838	1	rs4947641	1	-0.0230157	0.00052972244649
681	rs4917015	rs7790758	0	0	3.72817195339981e-64	1	1.12764588866834e-65	1	5	rs62447171	ENSG00000185811	eqtl_rs62447171_ENSG00000185811_B38.txt	rs62447171_ENSG00000185811_LD.unphased.vcor1	681	10	10	rs149714838	1	rs4947641	1	0.0934999	0.00874223130001
681	rs1456893	rs73695642	0	0	0	1	0	2	6	rs62447171	ENSG00000185811	eqtl_rs62447171_ENSG00000185811_B38.txt	rs62447171_ENSG00000185811_LD.unphased.vcor1	681	10	10	rs149714838	1	rs4947641	1	-0.0771383	0.00595031732689
681	rs28625973	rs73695642	0	0	1.83583216003634e-139	1	5.1224607640162e-142	3	6	rs62447171	ENSG00000185811	eqtl_rs62447171_ENSG00000185811_B38.txt	rs62447171_ENSG00000185811_LD.unphased.vcor1	681	10	10	rs149714838	1	rs4947641	1	0.0244833	0.00059943197889
681	rs1870027	rs73695642	0	0	0	1	0	4	6	rs62447171	ENSG00000185811	eqtl_rs62447171_ENSG00000185811_B38.txt	rs62447171_ENSG00000185811_LD.unphased.vcor1	681	10	10	rs149714838	1	rs4947641	1	-0.00364161	1.32613233921e-05
681	rs7791218	rs73695642	0	0	1.50361466087639e-80	1	3.79464105088495e-83	5	6	rs62447171	ENSG00000185811	eqtl_rs62447171_ENSG00000185811_B38.txt	rs62447171_ENSG00000185811_LD.unphased.vcor1	681	10	10	rs149714838	1	rs4947641	1	-0.00955532	9.13041403024e-05
681	rs149714838	rs73695642	0	0	0	1	0	7	6	rs62447171	ENSG00000185811	eqtl_rs62447171_ENSG00000185811_B38.txt	rs62447171_ENSG00000185811_LD.unphased.vcor1	681	10	10	rs149714838	1	rs4947641	1	-0.00916741	8.40414061081e-05
681	rs142985604	rs73695642	0	0	0	1	0	8	6	rs62447171	ENSG00000185811	eqtl_rs62447171_ENSG00000185811_B38.txt	rs62447171_ENSG00000185811_LD.unphased.vcor1	681	10	10	rs149714838	1	rs4947641	1	-0.0369689	0.00136669956721
681	rs1456902	rs73695642	0	0	0	1	0	6	6	rs62447171	ENSG00000185811	eqtl_rs62447171_ENSG00000185811_B38.txt	rs62447171_ENSG00000185811_LD.unphased.vcor1	681	10	10	rs149714838	1	rs4947641	1	0.0444582	0.00197653154724
681	rs28658347	rs73695642	0	0	0	1	0	9	6	rs62447171	ENSG00000185811	eqtl_rs62447171_ENSG00000185811_B38.txt	rs62447171_ENSG00000185811_LD.unphased.vcor1	681	10	10	rs149714838	1	rs4947641	1	0.0911693	0.00831184126249
681	rs61339774	rs73695642	0	0	0	1	0	10	6	rs62447171	ENSG00000185811	eqtl_rs62447171_ENSG00000185811_B38.txt	rs62447171_ENSG00000185811_LD.unphased.vcor1	681	10	10	rs149714838	1	rs4947641	1	0.00228598	5.2257045604e-06
681	rs4917015	rs73695642	0	0	3.72817195342863e-64	1	1.63639021980134e-66	1	6	rs62447171	ENSG00000185811	eqtl_rs62447171_ENSG00000185811_B38.txt	rs62447171_ENSG00000185811_LD.unphased.vcor1	681	10	10	rs149714838	1	rs4947641	1	-0.0407635	0.00166166293225
681	rs1456893	rs4947641	0	0	0	1	0	2	7	rs62447171	ENSG00000185811	eqtl_rs62447171_ENSG00000185811_B38.txt	rs62447171_ENSG00000185811_LD.unphased.vcor1	681	10	10	rs149714838	1	rs4947641	1	0.100996	0.010200192016
681	rs28625973	rs4947641	0	0	1.83583216003634e-139	1	9.34143386022736e-142	3	7	rs62447171	ENSG00000185811	eqtl_rs62447171_ENSG00000185811_B38.txt	rs62447171_ENSG00000185811_LD.unphased.vcor1	681	10	10	rs149714838	1	rs4947641	1	0.045047	0.002029232209
681	rs1870027	rs4947641	0	0	0	1	0	4	7	rs62447171	ENSG00000185811	eqtl_rs62447171_ENSG00000185811_B38.txt	rs62447171_ENSG00000185811_LD.unphased.vcor1	681	10	10	rs149714838	1	rs4947641	1	0.00293715	8.6268501225e-06
681	rs7791218	rs4947641	0	0	1.50361466092015e-80	1	3.87949158260439e-83	5	7	rs62447171	ENSG00000185811	eqtl_rs62447171_ENSG00000185811_B38.txt	rs62447171_ENSG00000185811_LD.unphased.vcor1	681	10	10	rs149714838	1	rs4947641	1	-0.000859842	7.39328264964e-07
681	rs149714838	rs4947641	0	0	0	1	0	7	7	rs62447171	ENSG00000185811	eqtl_rs62447171_ENSG00000185811_B38.txt	rs62447171_ENSG00000185811_LD.unphased.vcor1	681	10	10	rs149714838	1	rs4947641	1	-0.142826	0.020399266276
681	rs142985604	rs4947641	0	0	0	1	0	8	7	rs62447171	ENSG00000185811	eqtl_rs62447171_ENSG00000185811_B38.txt	rs62447171_ENSG00000185811_LD.unphased.vcor1	681	10	10	rs149714838	1	rs4947641	1	0.13337	0.0177875569
681	rs1456902	rs4947641	0	0	0	1	0	6	7	rs62447171	ENSG00000185811	eqtl_rs62447171_ENSG00000185811_B38.txt	rs62447171_ENSG00000185811_LD.unphased.vcor1	681	10	10	rs149714838	1	rs4947641	1	0.0237454	0.00056384402116
681	rs28658347	rs4947641	0	0	0	1	0	9	7	rs62447171	ENSG00000185811	eqtl_rs62447171_ENSG00000185811_B38.txt	rs62447171_ENSG00000185811_LD.unphased.vcor1	681	10	10	rs149714838	1	rs4947641	1	-0.114088	0.013016071744
681	rs61339774	rs4947641	0	0	0	1	0	10	7	rs62447171	ENSG00000185811	eqtl_rs62447171_ENSG00000185811_B38.txt	rs62447171_ENSG00000185811_LD.unphased.vcor1	681	10	10	rs149714838	1	rs4947641	1	-0.012153	0.000147695409
681	rs4917015	rs4947641	0	0	3.72817195348288e-64	1	1.25757905630507e-66	1	7	rs62447171	ENSG00000185811	eqtl_rs62447171_ENSG00000185811_B38.txt	rs62447171_ENSG00000185811_LD.unphased.vcor1	681	10	10	rs149714838	1	rs4947641	1	0.0460275	0.00211853075625
681	rs1456893	rs76083680	0	0	0	1	0	2	8	rs62447171	ENSG00000185811	eqtl_rs62447171_ENSG00000185811_B38.txt	rs62447171_ENSG00000185811_LD.unphased.vcor1	681	10	10	rs149714838	1	rs4947641	1	-0.0622558	0.00387578463364
681	rs28625973	rs76083680	0	0	1.83583216002298e-139	1	6.16758319125564e-141	3	8	rs62447171	ENSG00000185811	eqtl_rs62447171_ENSG00000185811_B38.txt	rs62447171_ENSG00000185811_LD.unphased.vcor1	681	10	10	rs149714838	1	rs4947641	1	-0.0344386	0.00118601716996
681	rs1870027	rs76083680	0	0	0	1	0	4	8	rs62447171	ENSG00000185811	eqtl_rs62447171_ENSG00000185811_B38.txt	rs62447171_ENSG00000185811_LD.unphased.vcor1	681	10	10	rs149714838	1	rs4947641	1	-0.0251354	0.00063178833316
681	rs7791218	rs76083680	0	0	1.50361466087365e-80	1	7.91413183280398e-83	5	8	rs62447171	ENSG00000185811	eqtl_rs62447171_ENSG00000185811_B38.txt	rs62447171_ENSG00000185811_LD.unphased.vcor1	681	10	10	rs149714838	1	rs4947641	1	0.0145808	0.00021259972864
681	rs149714838	rs76083680	0	0	0	1	0	7	8	rs62447171	ENSG00000185811	eqtl_rs62447171_ENSG00000185811_B38.txt	rs62447171_ENSG00000185811_LD.unphased.vcor1	681	10	10	rs149714838	1	rs4947641	1	0.0996756	0.00993522523536
681	rs142985604	rs76083680	0	0	0	1	0	8	8	rs62447171	ENSG00000185811	eqtl_rs62447171_ENSG00000185811_B38.txt	rs62447171_ENSG00000185811_LD.unphased.vcor1	681	10	10	rs149714838	1	rs4947641	1	-0.0635883	0.00404347189689
681	rs1456902	rs76083680	0	0	0	1	0	6	8	rs62447171	ENSG00000185811	eqtl_rs62447171_ENSG00000185811_B38.txt	rs62447171_ENSG00000185811_LD.unphased.vcor1	681	10	10	rs149714838	1	rs4947641	1	-0.0650836	0.00423587498896
681	rs28658347	rs76083680	0	0	0	1	0	9	8	rs62447171	ENSG00000185811	eqtl_rs62447171_ENSG00000185811_B38.txt	rs62447171_ENSG00000185811_LD.unphased.vcor1	681	10	10	rs149714838	1	rs4947641	1	0.103693	0.010752238249
681	rs61339774	rs76083680	0	0	0	1	0	10	8	rs62447171	ENSG00000185811	eqtl_rs62447171_ENSG00000185811_B38.txt	rs62447171_ENSG00000185811_LD.unphased.vcor1	681	10	10	rs149714838	1	rs4947641	1	-0.117716	0.013857056656
681	rs4917015	rs76083680	0	0	3.72817195340828e-64	1	1.16396812769567e-66	1	8	rs62447171	ENSG00000185811	eqtl_rs62447171_ENSG00000185811_B38.txt	rs62447171_ENSG00000185811_LD.unphased.vcor1	681	10	10	rs149714838	1	rs4947641	1	-0.110357	0.012178667449
681	rs1456893	rs76833548	0	0	0	1	0	2	9	rs62447171	ENSG00000185811	eqtl_rs62447171_ENSG00000185811_B38.txt	rs62447171_ENSG00000185811_LD.unphased.vcor1	681	10	10	rs149714838	1	rs4947641	1	-0.182195	0.033195018025
681	rs28625973	rs76833548	0	0	1.83583216003634e-139	1	5.23763245608865e-142	3	9	rs62447171	ENSG00000185811	eqtl_rs62447171_ENSG00000185811_B38.txt	rs62447171_ENSG00000185811_LD.unphased.vcor1	681	10	10	rs149714838	1	rs4947641	1	-0.0893573	0.00798472706329
681	rs1870027	rs76833548	0	0	0	1	0	4	9	rs62447171	ENSG00000185811	eqtl_rs62447171_ENSG00000185811_B38.txt	rs62447171_ENSG00000185811_LD.unphased.vcor1	681	10	10	rs149714838	1	rs4947641	1	-0.0140885	0.00019848583225
681	rs7791218	rs76833548	0	0	1.50361466092015e-80	1	3.58897921189132e-82	5	9	rs62447171	ENSG00000185811	eqtl_rs62447171_ENSG00000185811_B38.txt	rs62447171_ENSG00000185811_LD.unphased.vcor1	681	10	10	rs149714838	1	rs4947641	1	0.0355078	0.00126080386084
681	rs149714838	rs76833548	0	0	0	1	0	7	9	rs62447171	ENSG00000185811	eqtl_rs62447171_ENSG00000185811_B38.txt	rs62447171_ENSG00000185811_LD.unphased.vcor1	681	10	10	rs149714838	1	rs4947641	1	0.161224	0.025993178176
681	rs142985604	rs76833548	0	0	0	1	0	8	9	rs62447171	ENSG00000185811	eqtl_rs62447171_ENSG00000185811_B38.txt	rs62447171_ENSG00000185811_LD.unphased.vcor1	681	10	10	rs149714838	1	rs4947641	1	-0.173892	0.030238427664
681	rs1456902	rs76833548	0	0	0	1	0	6	9	rs62447171	ENSG00000185811	eqtl_rs62447171_ENSG00000185811_B38.txt	rs62447171_ENSG00000185811_LD.unphased.vcor1	681	10	10	rs149714838	1	rs4947641	1	-0.0114082	0.00013014702724
681	rs28658347	rs76833548	0	0	0	1	0	9	9	rs62447171	ENSG00000185811	eqtl_rs62447171_ENSG00000185811_B38.txt	rs62447171_ENSG00000185811_LD.unphased.vcor1	681	10	10	rs149714838	1	rs4947641	1	0.20571	0.0423166041
681	rs61339774	rs76833548	0	0	0	1	0	10	9	rs62447171	ENSG00000185811	eqtl_rs62447171_ENSG00000185811_B38.txt	rs62447171_ENSG00000185811_LD.unphased.vcor1	681	10	10	rs149714838	1	rs4947641	1	0.00457851	2.09627538201e-05
681	rs4917015	rs76833548	0	0	3.72817195348288e-64	1	7.16235632507597e-64	1	9	rs62447171	ENSG00000185811	eqtl_rs62447171_ENSG00000185811_B38.txt	rs62447171_ENSG00000185811_LD.unphased.vcor1	681	10	10	rs149714838	1	rs4947641	1	-0.123557	0.015266332249
681	rs1456893	rs78150353	0	1.1648285690739e-153	0	1	5.10146665863049e-151	2	10	rs62447171	ENSG00000185811	eqtl_rs62447171_ENSG00000185811_B38.txt	rs62447171_ENSG00000185811_LD.unphased.vcor1	681	10	10	rs149714838	1	rs4947641	1	0.0161855	0.00026197041025
681	rs28625973	rs78150353	2.13842974802208e-292	1.16482856907602e-153	1.83583216002183e-139	1	3.59440664968401e-142	3	10	rs62447171	ENSG00000185811	eqtl_rs62447171_ENSG00000185811_B38.txt	rs62447171_ENSG00000185811_LD.unphased.vcor1	681	10	10	rs149714838	1	rs4947641	1	-0.0594309	0.00353203187481
681	rs1870027	rs78150353	0	1.1648285690739e-153	0	1	1.11105831043637e-155	4	10	rs62447171	ENSG00000185811	eqtl_rs62447171_ENSG00000185811_B38.txt	rs62447171_ENSG00000185811_LD.unphased.vcor1	681	10	10	rs149714838	1	rs4947641	1	-0.0375439	0.00140954442721
681	rs7791218	rs78150353	1.75145331386458e-233	1.16482856907615e-153	1.50361466087134e-80	1	3.17966348862924e-82	5	10	rs62447171	ENSG00000185811	eqtl_rs62447171_ENSG00000185811_B38.txt	rs62447171_ENSG00000185811_LD.unphased.vcor1	681	10	10	rs149714838	1	rs4947641	1	0.0340131	0.00115689097161
681	rs149714838	rs78150353	0	1.16482856907602e-153	0	1	1.80043276277782e-155	7	10	rs62447171	ENSG00000185811	eqtl_rs62447171_ENSG00000185811_B38.txt	rs62447171_ENSG00000185811_LD.unphased.vcor1	681	10	10	rs149714838	1	rs4947641	1	-0.0335361	0.00112467000321
681	rs142985604	rs78150353	0	1.16482856907602e-153	0	1	8.8064575401954e-153	8	10	rs62447171	ENSG00000185811	eqtl_rs62447171_ENSG00000185811_B38.txt	rs62447171_ENSG00000185811_LD.unphased.vcor1	681	10	10	rs149714838	1	rs4947641	1	0.0369687	0.00136668477969
681	rs1456902	rs78150353	0	1.16482856907602e-153	0	1	1.11890101888237e-155	6	10	rs62447171	ENSG00000185811	eqtl_rs62447171_ENSG00000185811_B38.txt	rs62447171_ENSG00000185811_LD.unphased.vcor1	681	10	10	rs149714838	1	rs4947641	1	0.00810374	6.56706019876e-05
681	rs28658347	rs78150353	0	1.1648285690739e-153	0	1	1.33234794737302e-153	9	10	rs62447171	ENSG00000185811	eqtl_rs62447171_ENSG00000185811_B38.txt	rs62447171_ENSG00000185811_LD.unphased.vcor1	681	10	10	rs149714838	1	rs4947641	1	-0.0556829	0.00310058535241
681	rs61339774	rs78150353	0	1.16482856907602e-153	0	1	2.4191955064714e-156	10	10	rs62447171	ENSG00000185811	eqtl_rs62447171_ENSG00000185811_B38.txt	rs62447171_ENSG00000185811_LD.unphased.vcor1	681	10	10	rs149714838	1	rs4947641	1	-0.0118529	0.00014049123841
681	rs4917015	rs78150353	4.34268120174827e-217	1.16482856907602e-153	3.72817195339981e-64	1	3.14228172332892e-66	1	10	rs62447171	ENSG00000185811	eqtl_rs62447171_ENSG00000185811_B38.txt	rs62447171_ENSG00000185811_LD.unphased.vcor1	681	10	10	rs149714838	1	rs4947641	1	-0.00528494	2.79305908036e-05
266	rs7579457	rs13023118	0	0	3.17556704533349e-08	0.999999966996257	1.22621841076186e-09	3	1	rs12694291	ENSG00000030419	eqtl_rs12694291_ENSG00000030419_B38.txt	rs12694291_ENSG00000030419_LD.unphased.vcor1	266	5	5	rs56344404	0.681450058491751	rs13023118	1	0.216211	0.046747196521
266	rs10048743	rs13023118	0	0	9.12349804475475e-08	0.974844278110224	0.0251556306606638	1	1	rs12694291	ENSG00000030419	eqtl_rs12694291_ENSG00000030419_B38.txt	rs12694291_ENSG00000030419_LD.unphased.vcor1	266	5	5	rs56344404	0.681450058491751	rs13023118	1	0.80809	0.6530094481
266	rs6740906	rs13023118	0	0	0.0190322568733348	0.98075847567138	0.000209267483934997	4	1	rs12694291	ENSG00000030419	eqtl_rs12694291_ENSG00000030419_B38.txt	rs12694291_ENSG00000030419_LD.unphased.vcor1	266	5	5	rs56344404	0.681450058491751	rs13023118	1	-0.0492781	0.00242833113961
266	rs117954874	rs13023118	0	0	0.711952632394636	0.278139745102733	0.00990762248825899	5	1	rs12694291	ENSG00000030419	eqtl_rs12694291_ENSG00000030419_B38.txt	rs12694291_ENSG00000030419_LD.unphased.vcor1	266	5	5	rs56344404	0.681450058491751	rs13023118	1	0.00780186	6.08690194596e-05
266	rs56344404	rs13023118	0	0	5.68525983087233e-06	0.999994257190457	5.75755093725314e-08	2	1	rs12694291	ENSG00000030419	eqtl_rs12694291_ENSG00000030419_B38.txt	rs12694291_ENSG00000030419_LD.unphased.vcor1	266	5	5	rs56344404	0.681450058491751	rs13023118	1	0.16441	0.0270306481
266	rs7579457	rs71426327	0	0	3.1755670462577e-08	0.999999967287295	9.57799222121405e-10	3	2	rs12694291	ENSG00000030419	eqtl_rs12694291_ENSG00000030419_B38.txt	rs12694291_ENSG00000030419_LD.unphased.vcor1	266	5	5	rs56344404	0.681450058491751	rs13023118	1	-0.216211	0.046747196521
266	rs10048743	rs71426327	0	0	9.2521689582987e-08	0.988621007215294	0.0113789002557509	1	2	rs12694291	ENSG00000030419	eqtl_rs12694291_ENSG00000030419_B38.txt	rs12694291_ENSG00000030419_LD.unphased.vcor1	266	5	5	rs56344404	0.681450058491751	rs13023118	1	-0.80809	0.6530094481
266	rs6740906	rs71426327	0	0	0.0190324900239005	0.980770514789948	0.000196995212461412	4	2	rs12694291	ENSG00000030419	eqtl_rs12694291_ENSG00000030419_B38.txt	rs12694291_ENSG00000030419_LD.unphased.vcor1	266	5	5	rs56344404	0.681450058491751	rs13023118	1	0.0492781	0.00242833113961
266	rs117954874	rs71426327	0	0	0.712205232213772	0.278239139707754	0.00955562807668952	5	2	rs12694291	ENSG00000030419	eqtl_rs12694291_ENSG00000030419_B38.txt	rs12694291_ENSG00000030419_LD.unphased.vcor1	266	5	5	rs56344404	0.681450058491751	rs13023118	1	-0.00780186	6.08690194596e-05
266	rs56344404	rs71426327	0	0	5.68525978983755e-06	0.999994249972748	6.47431298983762e-08	2	2	rs12694291	ENSG00000030419	eqtl_rs12694291_ENSG00000030419_B38.txt	rs12694291_ENSG00000030419_LD.unphased.vcor1	266	5	5	rs56344404	0.681450058491751	rs13023118	1	-0.16441	0.0270306481
266	rs7579457	rs72940660	2.49384250531325e-11	0.000785321924332782	3.17306808939079e-08	0.999213031551229	1.61476881955446e-06	3	8	rs12694291	ENSG00000030419	eqtl_rs12694291_ENSG00000030419_B38.txt	rs12694291_ENSG00000030419_LD.unphased.vcor1	266	5	5	rs56344404	0.681450058491751	rs13023118	1	0.274468	0.075332683024
266	rs10048743	rs72940660	7.34935820502812e-11	0.000785318253385921	9.35103718386091e-08	0.999208351537681	6.23662506766315e-06	1	8	rs12694291	ENSG00000030419	eqtl_rs12694291_ENSG00000030419_B38.txt	rs12694291_ENSG00000030419_LD.unphased.vcor1	266	5	5	rs56344404	0.681450058491751	rs13023118	1	0.0166136	0.00027601170496
266	rs6740906	rs72940660	4.3121598265977e-06	0.000222211644736019	0.00548662424069614	0.281307484737104	0.712979367217636	4	8	rs12694291	ENSG00000030419	eqtl_rs12694291_ENSG00000030419_B38.txt	rs12694291_ENSG00000030419_LD.unphased.vcor1	266	5	5	rs56344404	0.681450058491751	rs13023118	1	0.427514	0.182768220196
266	rs117954874	rs72940660	0.00052452610121051	0.000204932102302608	0.667386585262558	0.260605068797882	0.0712788877360473	5	8	rs12694291	ENSG00000030419	eqtl_rs12694291_ENSG00000030419_B38.txt	rs12694291_ENSG00000030419_LD.unphased.vcor1	266	5	5	rs56344404	0.681450058491751	rs13023118	1	0.031689	0.001004192721
266	rs56344404	rs72940660	4.46475030575548e-09	0.000785315851624405	5.68077442424977e-06	0.999205300706701	3.69820249794146e-06	2	8	rs12694291	ENSG00000030419	eqtl_rs12694291_ENSG00000030419_B38.txt	rs12694291_ENSG00000030419_LD.unphased.vcor1	266	5	5	rs56344404	0.681450058491751	rs13023118	1	0.00812206	6.59678586436e-05
266	rs7579457	rs12473314	1.6742253031712e-11	0.000527220878644819	3.17386953653143e-08	0.999465399298398	7.34806751856495e-06	3	10	rs12694291	ENSG00000030419	eqtl_rs12694291_ENSG00000030419_B38.txt	rs12694291_ENSG00000030419_LD.unphased.vcor1	266	5	5	rs56344404	0.681450058491751	rs13023118	1	-0.13151	0.0172948801
266	rs10048743	rs12473314	4.93398539014875e-11	0.000527222742548094	9.35347583973464e-08	0.999468939953765	3.74371958803716e-06	1	10	rs12694291	ENSG00000030419	eqtl_rs12694291_ENSG00000030419_B38.txt	rs12694291_ENSG00000030419_LD.unphased.vcor1	266	5	5	rs56344404	0.681450058491751	rs13023118	1	-0.000336936	1.13525868096e-07
266	rs6740906	rs12473314	1.00249178230549e-05	0.000516598077850489	0.0190044799971413	0.979325225396378	0.00114367161080719	4	10	rs12694291	ENSG00000030419	eqtl_rs12694291_ENSG00000030419_B38.txt	rs12694291_ENSG00000030419_LD.unphased.vcor1	266	5	5	rs56344404	0.681450058491751	rs13023118	1	-0.219222	0.048058285284
266	rs117954874	rs12473314	0.000372469737934602	0.000145523752322109	0.706099921122499	0.27583782024851	0.0175442651387349	5	10	rs12694291	ENSG00000030419	eqtl_rs12694291_ENSG00000030419_B38.txt	rs12694291_ENSG00000030419_LD.unphased.vcor1	266	5	5	rs56344404	0.681450058491751	rs13023118	1	0.0776713	0.00603283084369
266	rs56344404	rs12473314	2.99740181957397e-09	0.000527220337398235	5.6822473688996e-06	0.999464382516442	2.71190139011862e-06	2	10	rs12694291	ENSG00000030419	eqtl_rs12694291_ENSG00000030419_B38.txt	rs12694291_ENSG00000030419_LD.unphased.vcor1	266	5	5	rs56344404	0.681450058491751	rs13023118	1	0.0143937	0.00020717859969
266	rs7579457	rs1530240	3.70907662564612e-13	1.16800446978679e-05	3.17552685047402e-08	0.999987307450177	9.80749486506665e-07	3	7	rs12694291	ENSG00000030419	eqtl_rs12694291_ENSG00000030419_B38.txt	rs12694291_ENSG00000030419_LD.unphased.vcor1	266	5	5	rs56344404	0.681450058491751	rs13023118	1	-0.226652	0.051371129104
266	rs10048743	rs1530240	1.09298542038991e-12	1.16791341144542e-05	9.35759732119358e-08	0.999909191719545	7.90355692726696e-05	1	7	rs12694291	ENSG00000030419	eqtl_rs12694291_ENSG00000030419_B38.txt	rs12694291_ENSG00000030419_LD.unphased.vcor1	266	5	5	rs56344404	0.681450058491751	rs13023118	1	-0.677854	0.459486045316
266	rs6740906	rs1530240	2.22298099270967e-07	1.14553328835371e-05	0.0190320571476822	0.980748185831971	0.000208079389363286	4	7	rs12694291	ENSG00000030419	eqtl_rs12694291_ENSG00000030419_B38.txt	rs12694291_ENSG00000030419_LD.unphased.vcor1	266	5	5	rs56344404	0.681450058491751	rs13023118	1	0.0610569	0.00372794503761
266	rs117954874	rs1530240	8.30142346121964e-06	3.24336226183181e-06	0.710726570488842	0.27765732941065	0.0116045553147855	5	7	rs12694291	ENSG00000030419	eqtl_rs12694291_ENSG00000030419_B38.txt	rs12694291_ENSG00000030419_LD.unphased.vcor1	266	5	5	rs56344404	0.681450058491751	rs13023118	1	-0.0166264	0.00027643717696
266	rs56344404	rs1530240	6.64041232594292e-11	1.1679983658129e-05	5.68519061953244e-06	0.999982082388222	5.52371095616426e-07	2	7	rs12694291	ENSG00000030419	eqtl_rs12694291_ENSG00000030419_B38.txt	rs12694291_ENSG00000030419_LD.unphased.vcor1	266	5	5	rs56344404	0.681450058491751	rs13023118	1	-0.158327	0.025067438929
466	rs17129794	rs6693065	0	0	3.11620790768936e-11	0.999999999967031	1.81804384507823e-12	1	1	rs17129789	ENSG00000081985	eqtl_rs17129789_ENSG00000081985_B38.txt	rs17129789_ENSG00000081985_LD.unphased.vcor1	466	2	9	rs10489627	0.781401539840434	rs12027122	1	-0.325191	0.105749186481
466	rs10489627	rs6693065	0	0	0.000115362724904531	0.99988297997722	1.65729790554941e-06	2	1	rs17129789	ENSG00000081985	eqtl_rs17129789_ENSG00000081985_B38.txt	rs17129789_ENSG00000081985_LD.unphased.vcor1	466	2	9	rs10489627	0.781401539840434	rs12027122	1	0.281863	0.079446750769
466	rs17129794	rs4655701	0	0	3.11620790767448e-11	0.999999999962256	6.3593832018038e-12	1	2	rs17129789	ENSG00000081985	eqtl_rs17129789_ENSG00000081985_B38.txt	rs17129789_ENSG00000081985_LD.unphased.vcor1	466	2	9	rs10489627	0.781401539840434	rs12027122	1	-0.286866	0.082292101956
466	rs10489627	rs4655701	0	0	0.000115361112209494	0.999868974255962	1.56646320400377e-05	2	2	rs17129789	ENSG00000081985	eqtl_rs17129789_ENSG00000081985_B38.txt	rs17129789_ENSG00000081985_LD.unphased.vcor1	466	2	9	rs10489627	0.781401539840434	rs12027122	1	-0.456395	0.208296396025
466	rs17129794	rs12027937	6.03100089939642e-84	1.93536537928524e-73	3.11620790769193e-11	0.999999999967741	1.08368801229852e-12	1	6	rs17129789	ENSG00000081985	eqtl_rs17129789_ENSG00000081985_B38.txt	rs17129789_ENSG00000081985_LD.unphased.vcor1	466	2	9	rs10489627	0.781401539840434	rs12027122	1	0.0869079	0.00755298308241
466	rs10489627	rs12027937	2.23268224227003e-77	1.9351319787139e-73	0.000115362311742011	0.999879391797704	5.24589055895911e-06	2	6	rs17129789	ENSG00000081985	eqtl_rs17129789_ENSG00000081985_B38.txt	rs17129789_ENSG00000081985_LD.unphased.vcor1	466	2	9	rs10489627	0.781401539840434	rs12027122	1	-0.110389	0.012185731321
466	rs17129794	rs4655713	6.07452505603507e-126	1.94933240521115e-115	3.1162079076945e-11	0.999999999968622	2.0369547165475e-13	1	7	rs17129789	ENSG00000081985	eqtl_rs17129789_ENSG00000081985_B38.txt	rs17129789_ENSG00000081985_LD.unphased.vcor1	466	2	9	rs10489627	0.781401539840434	rs12027122	1	-0.137123	0.018802717129
466	rs10489627	rs4655713	2.24880463351719e-119	1.9491057338167e-115	0.000115362809720639	0.999883716576877	9.20613392961674e-07	2	7	rs17129789	ENSG00000081985	eqtl_rs17129789_ENSG00000081985_B38.txt	rs17129789_ENSG00000081985_LD.unphased.vcor1	466	2	9	rs10489627	0.781401539840434	rs12027122	1	0.0892377	0.00796336710129
466	rs17129794	rs12027122	0	1.11253692925361e-308	3.11620790769467e-11	0.999999999968509	3.07341732534987e-13	1	8	rs17129789	ENSG00000081985	eqtl_rs17129789_ENSG00000081985_B38.txt	rs17129789_ENSG00000081985_LD.unphased.vcor1	466	2	9	rs10489627	0.781401539840434	rs12027122	1	0.0167278	0.00027981929284
466	rs10489627	rs12027122	0	1.11253692925361e-308	0.000115362662571209	0.999882438632737	2.19870472455669e-06	2	8	rs17129789	ENSG00000081985	eqtl_rs17129789_ENSG00000081985_B38.txt	rs17129789_ENSG00000081985_LD.unphased.vcor1	466	2	9	rs10489627	0.781401539840434	rs12027122	1	-0.0700503	0.00490704453009
466	rs17129794	rs60934365	3.93598420911501e-43	1.26306855177174e-32	3.11620790769069e-11	0.999999999967372	1.4629176045247e-12	1	10	rs17129789	ENSG00000081985	eqtl_rs17129789_ENSG00000081985_B38.txt	rs17129789_ENSG00000081985_LD.unphased.vcor1	466	2	9	rs10489627	0.781401539840434	rs12027122	1	-0.201271	0.040510015441
466	rs10489627	rs60934365	1.45711109614404e-36	1.26292144278461e-32	0.000115362788033361	0.999883528230054	1.10898191026355e-06	2	10	rs17129789	ENSG00000081985	eqtl_rs17129789_ENSG00000081985_B38.txt	rs17129789_ENSG00000081985_LD.unphased.vcor1	466	2	9	rs10489627	0.781401539840434	rs12027122	1	0.0385104	0.00148305090816
466	rs17129794	rs4655698	3.46634242864583e-93	1.11235916575971e-82	3.11620391214026e-11	0.999998715214305	1.28475453765421e-06	1	5	rs17129789	ENSG00000081985	eqtl_rs17129789_ENSG00000081985_B38.txt	rs17129789_ENSG00000081985_LD.unphased.vcor1	466	2	9	rs10489627	0.781401539840434	rs12027122	1	-0.642155	0.412363044025
466	rs10489627	rs4655698	1.28325043410686e-86	1.11223124577454e-82	0.000115362809801272	0.999883717277106	9.19913103492049e-07	2	5	rs17129789	ENSG00000081985	eqtl_rs17129789_ENSG00000081985_B38.txt	rs17129789_ENSG00000081985_LD.unphased.vcor1	466	2	9	rs10489627	0.781401539840434	rs12027122	1	-0.0716605	0.00513522726025
466	rs17129794	rs2066445	2.07670010952133e-37	6.66418984538331e-27	3.11608985098932e-11	0.999962039314077	3.7960654766307e-05	1	3	rs17129789	ENSG00000081985	eqtl_rs17129789_ENSG00000081985_B38.txt	rs17129789_ENSG00000081985_LD.unphased.vcor1	466	2	9	rs10489627	0.781401539840434	rs12027122	1	-0.00327177	1.07044789329e-05
466	rs10489627	rs2066445	7.07653358695436e-31	6.13344173357849e-27	0.000106183432019832	0.920163866998731	0.0797299495692512	2	3	rs17129789	ENSG00000081985	eqtl_rs17129789_ENSG00000081985_B38.txt	rs17129789_ENSG00000081985_LD.unphased.vcor1	466	2	9	rs10489627	0.781401539840434	rs12027122	1	-0.788753	0.622131295009
466	rs17129794	rs12030653	1.88823781695908e-106	6.05940897665194e-96	3.11620790769467e-11	0.999999999968622	2.04124720041525e-13	1	4	rs17129789	ENSG00000081985	eqtl_rs17129789_ENSG00000081985_B38.txt	rs17129789_ENSG00000081985_LD.unphased.vcor1	466	2	9	rs10489627	0.781401539840434	rs12027122	1	-0.160275	0.025688075625
466	rs10489627	rs12030653	6.99022650446618e-100	6.05863682307642e-96	0.000115361523395792	0.999872545272359	1.20932042411505e-05	2	4	rs17129789	ENSG00000081985	eqtl_rs17129789_ENSG00000081985_B38.txt	rs17129789_ENSG00000081985_LD.unphased.vcor1	466	2	9	rs10489627	0.781401539840434	rs12027122	1	-0.0838088	0.00702391495744
786	rs7717955	rs969129	0	0	0.000301622832984226	0.999637315643066	6.10615056415049e-05	1	1	rs7717955	ENSG00000168685	eqtl_rs7717955_ENSG00000168685_B38.txt	rs7717955_ENSG00000168685_LD.unphased.vcor1	786	1	4	rs6891905	0.17367573395707	rs10063445	1	-0.419897	0.176313490609
786	rs7717955	rs10063445	0	0	0.000301622089702168	0.999634842950499	6.35357691631819e-05	1	2	rs7717955	ENSG00000168685	eqtl_rs7717955_ENSG00000168685_B38.txt	rs7717955_ENSG00000168685_LD.unphased.vcor1	786	1	4	rs6891905	0.17367573395707	rs10063445	1	-0.419897	0.176313490609
786	rs7717955	rs1101223	0	0	0.000301637782923428	0.999686959260584	1.14029565213668e-05	1	3	rs7717955	ENSG00000168685	eqtl_rs7717955_ENSG00000168685_B38.txt	rs7717955_ENSG00000168685_LD.unphased.vcor1	786	1	4	rs6891905	0.17367573395707	rs10063445	1	0.247187	0.061101412969
786	rs7717955	rs6451231	0	0	0.000301640210237106	0.999695019980875	3.33980932210381e-06	1	5	rs7717955	ENSG00000168685	eqtl_rs7717955_ENSG00000168685_B38.txt	rs7717955_ENSG00000168685_LD.unphased.vcor1	786	1	4	rs6891905	0.17367573395707	rs10063445	1	-0.247077	0.061047043929
691	rs35978921	rs36084352	0	0	3.5953043942735e-07	0.0258526650531709	0.974146975416534	1	1	rs35465817	ENSG00000204084	eqtl_rs35465817_ENSG00000204084_B38.txt	rs35465817_ENSG00000204084_LD.unphased.vcor1	691	1	4	rs35978921	0.106728968784567	rs12561764	1	-0.814725	0.663776825625
691	rs35978921	rs35148989	0	0	1.2932134221399e-05	0.999986910101324	1.57764639331141e-07	1	2	rs35465817	ENSG00000204084	eqtl_rs35465817_ENSG00000204084_B38.txt	rs35465817_ENSG00000204084_LD.unphased.vcor1	691	1	4	rs35978921	0.106728968784567	rs12561764	1	0.16578	0.0274830084
691	rs35978921	rs12561764	0	0	1.29321346861747e-05	0.999986946112296	1.21753262917962e-07	1	3	rs35465817	ENSG00000204084	eqtl_rs35465817_ENSG00000204084_B38.txt	rs35465817_ENSG00000204084_LD.unphased.vcor1	691	1	4	rs35978921	0.106728968784567	rs12561764	1	-0.220371	0.048563377641
691	rs35978921	rs7512242	0	0	1.2932112143646e-05	0.999985199500477	1.86838743161923e-06	1	10	rs35465817	ENSG00000204084	eqtl_rs35465817_ENSG00000204084_B38.txt	rs35465817_ENSG00000204084_LD.unphased.vcor1	691	1	4	rs35978921	0.106728968784567	rs12561764	1	0.207676	0.043129320976
323	rs790251	rs62435672	0	0	0.000177328615374248	0.999820568540474	2.1028438907346e-06	1	2	rs790251	ENSG00000074706	eqtl_rs790251_ENSG00000074706_B38.txt	rs790251_ENSG00000074706_LD.unphased.vcor1	323	1	9	rs790251	0.47321676130032	rs117091872	1	-0.100935	0.010187874225
323	rs790251	rs117091872	0	0	0.000177328591094921	0.999820431371463	2.24003755594384e-06	1	4	rs790251	ENSG00000074706	eqtl_rs790251_ENSG00000074706_B38.txt	rs790251_ENSG00000074706_LD.unphased.vcor1	323	1	9	rs790251	0.47321676130032	rs117091872	1	0.0857607	0.00735489766449
323	rs790251	rs9479804	0	0	0.000177132533755719	0.998712798175368	0.00111006929224763	1	6	rs790251	ENSG00000074706	eqtl_rs790251_ENSG00000074706_B38.txt	rs790251_ENSG00000074706_LD.unphased.vcor1	323	1	9	rs790251	0.47321676130032	rs117091872	1	-0.540833	0.292500333889
323	rs790251	rs11966376	0	0	0.000177328682810354	0.999820949523169	1.72179512034724e-06	1	7	rs790251	ENSG00000074706	eqtl_rs790251_ENSG00000074706_B38.txt	rs790251_ENSG00000074706_LD.unphased.vcor1	323	1	9	rs790251	0.47321676130032	rs117091872	1	-0.093713	0.008782126369
323	rs790251	rs9479805	0	0	0.000176693309361602	0.996231383696847	0.00359192299157616	1	8	rs790251	ENSG00000074706	eqtl_rs790251_ENSG00000074706_B38.txt	rs790251_ENSG00000074706_LD.unphased.vcor1	323	1	9	rs790251	0.47321676130032	rs117091872	1	-0.42005	0.1764420025
323	rs790251	rs7765863	0	0	0.000177320221606605	0.99977314763947	4.95321380886176e-05	1	9	rs790251	ENSG00000074706	eqtl_rs790251_ENSG00000074706_B38.txt	rs790251_ENSG00000074706_LD.unphased.vcor1	323	1	9	rs790251	0.47321676130032	rs117091872	1	0.538797	0.290302207209
323	rs790251	rs9322459	9.45900692642396e-30	5.33321128280545e-26	0.000177190325497384	0.999039294761656	0.00078351491284987	1	5	rs790251	ENSG00000074706	eqtl_rs790251_ENSG00000074706_B38.txt	rs790251_ENSG00000074706_LD.unphased.vcor1	323	1	9	rs790251	0.47321676130032	rs117091872	1	-0.418097	0.174805101409
323	rs790251	rs3930218	5.82970044025062e-81	3.28692265532302e-77	0.000164560046561882	0.927684066392893	0.0721513735605469	1	1	rs790251	ENSG00000074706	eqtl_rs790251_ENSG00000074706_B38.txt	rs790251_ENSG00000074706_LD.unphased.vcor1	323	1	9	rs790251	0.47321676130032	rs117091872	1	-0.511931	0.262073348761
323	rs790251	rs6921548	1.68956525132599e-26	9.52616752635618e-23	0.000177328701726971	0.999821056392856	1.61490541862137e-06	1	3	rs790251	ENSG00000074706	eqtl_rs790251_ENSG00000074706_B38.txt	rs790251_ENSG00000074706_LD.unphased.vcor1	323	1	9	rs790251	0.47321676130032	rs117091872	1	0.354447	0.125632675809
										rs3757387	ENSG00000135253	eqtl_rs3757387_ENSG00000135253_B38.txt	rs3757387_ENSG00000135253_LD.unphased.vcor1	308	8	0	rs1874330	1	rs7784859	0.344491005181788		
382	rs1143679	rs4889639	0	0	8.85654718046794e-91	1	3.18902276143286e-91	1	1	rs1143679	ENSG00000169896	eqtl_rs1143679_ENSG00000169896_B38.txt	rs1143679_ENSG00000169896_LD.unphased.vcor1	382	10	10	rs13338928	1	rs10871454	1	-0.162782	0.026497979524
382	rs62051471	rs4889639	0	0	6.25195956211777e-05	0.999927267516211	1.02128454321293e-05	3	1	rs1143679	ENSG00000169896	eqtl_rs1143679_ENSG00000169896_B38.txt	rs1143679_ENSG00000169896_LD.unphased.vcor1	382	10	10	rs13338928	1	rs10871454	1	0.430145	0.185024721025
382	rs55742763	rs4889639	0	0	0	1	0	4	1	rs1143679	ENSG00000169896	eqtl_rs1143679_ENSG00000169896_B38.txt	rs1143679_ENSG00000169896_LD.unphased.vcor1	382	10	10	rs13338928	1	rs10871454	1	-0.731311	0.534815778721
382	rs1549299	rs4889639	0	0	3.9497448210278e-17	1	3.43215721913533e-17	5	1	rs1143679	ENSG00000169896	eqtl_rs1143679_ENSG00000169896_B38.txt	rs1143679_ENSG00000169896_LD.unphased.vcor1	382	10	10	rs13338928	1	rs10871454	1	-0.300753	0.090452367009
382	rs4077810	rs4889639	0	0	0	1	0	6	1	rs1143679	ENSG00000169896	eqtl_rs1143679_ENSG00000169896_B38.txt	rs1143679_ENSG00000169896_LD.unphased.vcor1	382	10	10	rs13338928	1	rs10871454	1	0.914576	0.836449259776
382	rs13338928	rs4889639	0	0	0	1	0	7	1	rs1143679	ENSG00000169896	eqtl_rs1143679_ENSG00000169896_B38.txt	rs1143679_ENSG00000169896_LD.unphased.vcor1	382	10	10	rs13338928	1	rs10871454	1	-0.773441	0.598210980481
382	rs141764869	rs4889639	0	0	0	1	0	8	1	rs1143679	ENSG00000169896	eqtl_rs1143679_ENSG00000169896_B38.txt	rs1143679_ENSG00000169896_LD.unphased.vcor1	382	10	10	rs13338928	1	rs10871454	1	0.187727	0.035241426529
382	rs7192375	rs4889639	0	0	0	1	0	9	1	rs1143679	ENSG00000169896	eqtl_rs1143679_ENSG00000169896_B38.txt	rs1143679_ENSG00000169896_LD.unphased.vcor1	382	10	10	rs13338928	1	rs10871454	1	0.912562	0.832769403844
382	rs7188189	rs4889639	0	0	0	1	0	10	1	rs1143679	ENSG00000169896	eqtl_rs1143679_ENSG00000169896_B38.txt	rs1143679_ENSG00000169896_LD.unphased.vcor1	382	10	10	rs13338928	1	rs10871454	1	0.369373	0.136436413129
382	rs11645526	rs4889639	0	0	2.78279011949256e-195	0.953873005269897	0.0461269946880077	2	1	rs1143679	ENSG00000169896	eqtl_rs1143679_ENSG00000169896_B38.txt	rs1143679_ENSG00000169896_LD.unphased.vcor1	382	10	10	rs13338928	1	rs10871454	1	0.981855	0.964039241025
382	rs1143679	rs12934418	0	0	8.85654717995242e-91	1	2.22751665147211e-92	1	3	rs1143679	ENSG00000169896	eqtl_rs1143679_ENSG00000169896_B38.txt	rs1143679_ENSG00000169896_LD.unphased.vcor1	382	10	10	rs13338928	1	rs10871454	1	-0.119299	0.014232251401
382	rs62051471	rs12934418	0	0	6.25181415824323e-05	0.99990396534716	3.35165037579919e-05	3	3	rs1143679	ENSG00000169896	eqtl_rs1143679_ENSG00000169896_B38.txt	rs1143679_ENSG00000169896_LD.unphased.vcor1	382	10	10	rs13338928	1	rs10871454	1	-0.412332	0.170017678224
382	rs55742763	rs12934418	0	0	0	1	0	4	3	rs1143679	ENSG00000169896	eqtl_rs1143679_ENSG00000169896_B38.txt	rs1143679_ENSG00000169896_LD.unphased.vcor1	382	10	10	rs13338928	1	rs10871454	1	0.308656	0.095268526336
382	rs1549299	rs12934418	0	0	3.94974482068294e-17	0.999999999970896	1.62454743984842e-11	5	3	rs1143679	ENSG00000169896	eqtl_rs1143679_ENSG00000169896_B38.txt	rs1143679_ENSG00000169896_LD.unphased.vcor1	382	10	10	rs13338928	1	rs10871454	1	0.647415	0.419146182225
382	rs4077810	rs12934418	0	0	0	1	0	6	3	rs1143679	ENSG00000169896	eqtl_rs1143679_ENSG00000169896_B38.txt	rs1143679_ENSG00000169896_LD.unphased.vcor1	382	10	10	rs13338928	1	rs10871454	1	-0.214537	0.046026124369
382	rs13338928	rs12934418	0	0	0	1	0	7	3	rs1143679	ENSG00000169896	eqtl_rs1143679_ENSG00000169896_B38.txt	rs1143679_ENSG00000169896_LD.unphased.vcor1	382	10	10	rs13338928	1	rs10871454	1	0.0684019	0.00467881992361
382	rs141764869	rs12934418	0	0	0	1	0	8	3	rs1143679	ENSG00000169896	eqtl_rs1143679_ENSG00000169896_B38.txt	rs1143679_ENSG00000169896_LD.unphased.vcor1	382	10	10	rs13338928	1	rs10871454	1	0.173543	0.030117172849
382	rs7192375	rs12934418	0	0	0	1	0	9	3	rs1143679	ENSG00000169896	eqtl_rs1143679_ENSG00000169896_B38.txt	rs1143679_ENSG00000169896_LD.unphased.vcor1	382	10	10	rs13338928	1	rs10871454	1	-0.220034	0.048414961156
382	rs7188189	rs12934418	0	0	0	1	0	10	3	rs1143679	ENSG00000169896	eqtl_rs1143679_ENSG00000169896_B38.txt	rs1143679_ENSG00000169896_LD.unphased.vcor1	382	10	10	rs13338928	1	rs10871454	1	-0.302476	0.091491730576
382	rs11645526	rs12934418	0	0	2.9170770028986e-195	1	1.3618859533833e-188	2	3	rs1143679	ENSG00000169896	eqtl_rs1143679_ENSG00000169896_B38.txt	rs1143679_ENSG00000169896_LD.unphased.vcor1	382	10	10	rs13338928	1	rs10871454	1	-0.22482	0.0505440324
382	rs1143679	rs72785569	2.57695090337974e-105	2.90965638306433e-15	8.8565471798618e-91	0.999999999999915	9.12794978996744e-14	1	4	rs1143679	ENSG00000169896	eqtl_rs1143679_ENSG00000169896_B38.txt	rs1143679_ENSG00000169896_LD.unphased.vcor1	382	10	10	rs13338928	1	rs10871454	1	-0.0444927	0.00197960035329
382	rs62051471	rs72785569	1.819121943492e-19	2.90947126807396e-15	6.25201640331168e-05	0.99993637688282	1.1029531434346e-06	3	4	rs1143679	ENSG00000169896	eqtl_rs1143679_ENSG00000169896_B38.txt	rs1143679_ENSG00000169896_LD.unphased.vcor1	382	10	10	rs13338928	1	rs10871454	1	0.0187979	0.00035336104441
382	rs55742763	rs72785569	0	2.90965638288231e-15	0	1	1.14890156674379e-17	4	4	rs1143679	ENSG00000169896	eqtl_rs1143679_ENSG00000169896_B38.txt	rs1143679_ENSG00000169896_LD.unphased.vcor1	382	10	10	rs13338928	1	rs10871454	1	0.0780144	0.00608624660736
382	rs1549299	rs72785569	1.14924002289576e-31	2.90965638306455e-15	3.94974482067654e-17	1	2.19593103956234e-17	5	4	rs1143679	ENSG00000169896	eqtl_rs1143679_ENSG00000169896_B38.txt	rs1143679_ENSG00000169896_LD.unphased.vcor1	382	10	10	rs13338928	1	rs10871454	1	-0.0209948	0.00044078162704
382	rs4077810	rs72785569	0	2.90965638305167e-15	0	1	6.96455160669566e-18	6	4	rs1143679	ENSG00000169896	eqtl_rs1143679_ENSG00000169896_B38.txt	rs1143679_ENSG00000169896_LD.unphased.vcor1	382	10	10	rs13338928	1	rs10871454	1	-0.0664079	0.00441000918241
382	rs13338928	rs72785569	0	2.90965638306226e-15	0	1	7.3523901404646e-18	7	4	rs1143679	ENSG00000169896	eqtl_rs1143679_ENSG00000169896_B38.txt	rs1143679_ENSG00000169896_LD.unphased.vcor1	382	10	10	rs13338928	1	rs10871454	1	0.0825632	0.00681668199424
382	rs141764869	rs72785569	0	2.90965638313636e-15	0	1	5.46861537818896e-18	8	4	rs1143679	ENSG00000169896	eqtl_rs1143679_ENSG00000169896_B38.txt	rs1143679_ENSG00000169896_LD.unphased.vcor1	382	10	10	rs13338928	1	rs10871454	1	0.0247821	0.00061415248041
382	rs7192375	rs72785569	0	2.90965638306226e-15	0	1	6.31960794945891e-18	9	4	rs1143679	ENSG00000169896	eqtl_rs1143679_ENSG00000169896_B38.txt	rs1143679_ENSG00000169896_LD.unphased.vcor1	382	10	10	rs13338928	1	rs10871454	1	-0.0683164	0.00466713050896
382	rs7188189	rs72785569	0	2.90965638306226e-15	0	1	6.58290042347542e-18	10	4	rs1143679	ENSG00000169896	eqtl_rs1143679_ENSG00000169896_B38.txt	rs1143679_ENSG00000169896_LD.unphased.vcor1	382	10	10	rs13338928	1	rs10871454	1	0.029637	0.000878351769
382	rs11645526	rs72785569	8.48769172113067e-210	2.90965638306441e-15	2.9170770028147e-195	1	1.09292304838286e-17	2	4	rs1143679	ENSG00000169896	eqtl_rs1143679_ENSG00000169896_B38.txt	rs1143679_ENSG00000169896_LD.unphased.vcor1	382	10	10	rs13338928	1	rs10871454	1	-0.127062	0.016144751844
382	rs1143679	rs8047985	0	0	8.85654718046794e-91	1	1.72772385591181e-91	1	5	rs1143679	ENSG00000169896	eqtl_rs1143679_ENSG00000169896_B38.txt	rs1143679_ENSG00000169896_LD.unphased.vcor1	382	10	10	rs13338928	1	rs10871454	1	-0.162782	0.026497979524
382	rs62051471	rs8047985	0	0	6.25198343114762e-05	0.999931092652771	6.38753698309265e-06	3	5	rs1143679	ENSG00000169896	eqtl_rs1143679_ENSG00000169896_B38.txt	rs1143679_ENSG00000169896_LD.unphased.vcor1	382	10	10	rs13338928	1	rs10871454	1	0.430145	0.185024721025
382	rs55742763	rs8047985	0	0	0	1	0	4	5	rs1143679	ENSG00000169896	eqtl_rs1143679_ENSG00000169896_B38.txt	rs1143679_ENSG00000169896_LD.unphased.vcor1	382	10	10	rs13338928	1	rs10871454	1	-0.731311	0.534815778721
382	rs1549299	rs8047985	0	0	3.9497448210278e-17	1	6.63165222585138e-17	5	5	rs1143679	ENSG00000169896	eqtl_rs1143679_ENSG00000169896_B38.txt	rs1143679_ENSG00000169896_LD.unphased.vcor1	382	10	10	rs13338928	1	rs10871454	1	-0.300753	0.090452367009
382	rs4077810	rs8047985	0	0	0	1	0	6	5	rs1143679	ENSG00000169896	eqtl_rs1143679_ENSG00000169896_B38.txt	rs1143679_ENSG00000169896_LD.unphased.vcor1	382	10	10	rs13338928	1	rs10871454	1	0.914576	0.836449259776
382	rs13338928	rs8047985	0	0	0	1	0	7	5	rs1143679	ENSG00000169896	eqtl_rs1143679_ENSG00000169896_B38.txt	rs1143679_ENSG00000169896_LD.unphased.vcor1	382	10	10	rs13338928	1	rs10871454	1	-0.773441	0.598210980481
382	rs141764869	rs8047985	0	0	0	1	0	8	5	rs1143679	ENSG00000169896	eqtl_rs1143679_ENSG00000169896_B38.txt	rs1143679_ENSG00000169896_LD.unphased.vcor1	382	10	10	rs13338928	1	rs10871454	1	0.187727	0.035241426529
382	rs7192375	rs8047985	0	0	0	1	0	9	5	rs1143679	ENSG00000169896	eqtl_rs1143679_ENSG00000169896_B38.txt	rs1143679_ENSG00000169896_LD.unphased.vcor1	382	10	10	rs13338928	1	rs10871454	1	0.912562	0.832769403844
382	rs7188189	rs8047985	0	0	0	1	0	10	5	rs1143679	ENSG00000169896	eqtl_rs1143679_ENSG00000169896_B38.txt	rs1143679_ENSG00000169896_LD.unphased.vcor1	382	10	10	rs13338928	1	rs10871454	1	0.369373	0.136436413129
382	rs11645526	rs8047985	0	0	1.39115119475434e-196	0.0457814659882556	0.954218534064884	2	5	rs1143679	ENSG00000169896	eqtl_rs1143679_ENSG00000169896_B38.txt	rs1143679_ENSG00000169896_LD.unphased.vcor1	382	10	10	rs13338928	1	rs10871454	1	0.981855	0.964039241025
382	rs1143679	rs7192161	0	0	8.85654717986381e-91	1	1.15429159509688e-85	1	6	rs1143679	ENSG00000169896	eqtl_rs1143679_ENSG00000169896_B38.txt	rs1143679_ENSG00000169896_LD.unphased.vcor1	382	10	10	rs13338928	1	rs10871454	1	-0.328154	0.107685047716
382	rs62051471	rs7192161	0	0	6.25162485278264e-05	0.999873627481381	6.38562700883561e-05	3	6	rs1143679	ENSG00000169896	eqtl_rs1143679_ENSG00000169896_B38.txt	rs1143679_ENSG00000169896_LD.unphased.vcor1	382	10	10	rs13338928	1	rs10871454	1	-0.356807	0.127311235249
382	rs55742763	rs7192161	0	0	0	1	0	4	6	rs1143679	ENSG00000169896	eqtl_rs1143679_ENSG00000169896_B38.txt	rs1143679_ENSG00000169896_LD.unphased.vcor1	382	10	10	rs13338928	1	rs10871454	1	0.826674	0.683389902276
382	rs1549299	rs7192161	0	0	3.94974482067575e-17	1	1.62408394375687e-18	5	6	rs1143679	ENSG00000169896	eqtl_rs1143679_ENSG00000169896_B38.txt	rs1143679_ENSG00000169896_LD.unphased.vcor1	382	10	10	rs13338928	1	rs10871454	1	0.297011	0.088215534121
382	rs4077810	rs7192161	0	0	0	1	0	6	6	rs1143679	ENSG00000169896	eqtl_rs1143679_ENSG00000169896_B38.txt	rs1143679_ENSG00000169896_LD.unphased.vcor1	382	10	10	rs13338928	1	rs10871454	1	-0.707918	0.501147894724
382	rs13338928	rs7192161	0	0	0	1	0	7	6	rs1143679	ENSG00000169896	eqtl_rs1143679_ENSG00000169896_B38.txt	rs1143679_ENSG00000169896_LD.unphased.vcor1	382	10	10	rs13338928	1	rs10871454	1	0.57718	0.3331367524
382	rs141764869	rs7192161	0	0	0	1	0	8	6	rs1143679	ENSG00000169896	eqtl_rs1143679_ENSG00000169896_B38.txt	rs1143679_ENSG00000169896_LD.unphased.vcor1	382	10	10	rs13338928	1	rs10871454	1	0.271477	0.073699761529
382	rs7192375	rs7192161	0	0	0	1	0	9	6	rs1143679	ENSG00000169896	eqtl_rs1143679_ENSG00000169896_B38.txt	rs1143679_ENSG00000169896_LD.unphased.vcor1	382	10	10	rs13338928	1	rs10871454	1	-0.703664	0.495143024896
382	rs7188189	rs7192161	0	0	0	1	0	10	6	rs1143679	ENSG00000169896	eqtl_rs1143679_ENSG00000169896_B38.txt	rs1143679_ENSG00000169896_LD.unphased.vcor1	382	10	10	rs13338928	1	rs10871454	1	-0.327372	0.107172426384
382	rs11645526	rs7192161	0	0	2.91707700281503e-195	1	4.94674330199274e-112	2	6	rs1143679	ENSG00000169896	eqtl_rs1143679_ENSG00000169896_B38.txt	rs1143679_ENSG00000169896_LD.unphased.vcor1	382	10	10	rs13338928	1	rs10871454	1	-0.683822	0.467612527684
382	rs1143679	rs2735393	0	0	8.85654717986281e-91	1	8.71294452564282e-92	1	7	rs1143679	ENSG00000169896	eqtl_rs1143679_ENSG00000169896_B38.txt	rs1143679_ENSG00000169896_LD.unphased.vcor1	382	10	10	rs13338928	1	rs10871454	1	0.151308	0.022894110864
382	rs62051471	rs2735393	0	0	6.25196416080715e-05	0.999928004563876	9.47579452108134e-06	3	7	rs1143679	ENSG00000169896	eqtl_rs1143679_ENSG00000169896_B38.txt	rs1143679_ENSG00000169896_LD.unphased.vcor1	382	10	10	rs13338928	1	rs10871454	1	-0.456832	0.208695476224
382	rs55742763	rs2735393	0	0	0	1	1.87474019760356e-194	4	7	rs1143679	ENSG00000169896	eqtl_rs1143679_ENSG00000169896_B38.txt	rs1143679_ENSG00000169896_LD.unphased.vcor1	382	10	10	rs13338928	1	rs10871454	1	0.667618	0.445713793924
382	rs1549299	rs2735393	0	0	3.94974482067665e-17	1	5.80243705306694e-16	5	7	rs1143679	ENSG00000169896	eqtl_rs1143679_ENSG00000169896_B38.txt	rs1143679_ENSG00000169896_LD.unphased.vcor1	382	10	10	rs13338928	1	rs10871454	1	0.360335	0.129841312225
382	rs4077810	rs2735393	0	0	0	1	6.57284770654043e-95	6	7	rs1143679	ENSG00000169896	eqtl_rs1143679_ENSG00000169896_B38.txt	rs1143679_ENSG00000169896_LD.unphased.vcor1	382	10	10	rs13338928	1	rs10871454	1	-0.840223	0.705974689729
382	rs13338928	rs2735393	0	0	0	1	5.46003383339321e-173	7	7	rs1143679	ENSG00000169896	eqtl_rs1143679_ENSG00000169896_B38.txt	rs1143679_ENSG00000169896_LD.unphased.vcor1	382	10	10	rs13338928	1	rs10871454	1	0.71389	0.5096389321
382	rs141764869	rs2735393	0	0	0	1	0	8	7	rs1143679	ENSG00000169896	eqtl_rs1143679_ENSG00000169896_B38.txt	rs1143679_ENSG00000169896_LD.unphased.vcor1	382	10	10	rs13338928	1	rs10871454	1	-0.179832	0.032339548224
382	rs7192375	rs2735393	0	0	0	1	3.93537131723542e-98	9	7	rs1143679	ENSG00000169896	eqtl_rs1143679_ENSG00000169896_B38.txt	rs1143679_ENSG00000169896_LD.unphased.vcor1	382	10	10	rs13338928	1	rs10871454	1	-0.838776	0.703545178176
382	rs7188189	rs2735393	0	0	0	1	0	10	7	rs1143679	ENSG00000169896	eqtl_rs1143679_ENSG00000169896_B38.txt	rs1143679_ENSG00000169896_LD.unphased.vcor1	382	10	10	rs13338928	1	rs10871454	1	-0.33328	0.1110755584
382	rs11645526	rs2735393	0	0	2.9170770028147e-195	1	4.71162785187889e-27	2	7	rs1143679	ENSG00000169896	eqtl_rs1143679_ENSG00000169896_B38.txt	rs1143679_ENSG00000169896_LD.unphased.vcor1	382	10	10	rs13338928	1	rs10871454	1	-0.904745	0.818563515025
382	rs1143679	rs11863592	0	0	8.8565471798618e-91	1	1.62412155224771e-58	1	8	rs1143679	ENSG00000169896	eqtl_rs1143679_ENSG00000169896_B38.txt	rs1143679_ENSG00000169896_LD.unphased.vcor1	382	10	10	rs13338928	1	rs10871454	1	-0.665287	0.442606792369
382	rs62051471	rs11863592	0	0	6.25201835129092e-05	0.999936689063511	7.90753033246964e-07	3	8	rs1143679	ENSG00000169896	eqtl_rs1143679_ENSG00000169896_B38.txt	rs1143679_ENSG00000169896_LD.unphased.vcor1	382	10	10	rs13338928	1	rs10871454	1	0.0353375	0.00124873890625
382	rs55742763	rs11863592	0	0	0	1	0	4	8	rs1143679	ENSG00000169896	eqtl_rs1143679_ENSG00000169896_B38.txt	rs1143679_ENSG00000169896_LD.unphased.vcor1	382	10	10	rs13338928	1	rs10871454	1	0.169611	0.028767891321
382	rs1549299	rs11863592	0	0	3.94974482067665e-17	1	2.93086197167965e-19	5	8	rs1143679	ENSG00000169896	eqtl_rs1143679_ENSG00000169896_B38.txt	rs1143679_ENSG00000169896_LD.unphased.vcor1	382	10	10	rs13338928	1	rs10871454	1	0.0351703	0.00123695000209
382	rs4077810	rs11863592	0	0	0	1	0	6	8	rs1143679	ENSG00000169896	eqtl_rs1143679_ENSG00000169896_B38.txt	rs1143679_ENSG00000169896_LD.unphased.vcor1	382	10	10	rs13338928	1	rs10871454	1	0.251	0.063001
382	rs13338928	rs11863592	0	0	0	1	0	7	8	rs1143679	ENSG00000169896	eqtl_rs1143679_ENSG00000169896_B38.txt	rs1143679_ENSG00000169896_LD.unphased.vcor1	382	10	10	rs13338928	1	rs10871454	1	-0.273772	0.074951107984
382	rs141764869	rs11863592	0	0	0	1	0	8	8	rs1143679	ENSG00000169896	eqtl_rs1143679_ENSG00000169896_B38.txt	rs1143679_ENSG00000169896_LD.unphased.vcor1	382	10	10	rs13338928	1	rs10871454	1	0.643297	0.413831030209
382	rs7192375	rs11863592	0	0	0	1	0	9	8	rs1143679	ENSG00000169896	eqtl_rs1143679_ENSG00000169896_B38.txt	rs1143679_ENSG00000169896_LD.unphased.vcor1	382	10	10	rs13338928	1	rs10871454	1	0.25416	0.0645973056
382	rs7188189	rs11863592	0	0	0	1	0	10	8	rs1143679	ENSG00000169896	eqtl_rs1143679_ENSG00000169896_B38.txt	rs1143679_ENSG00000169896_LD.unphased.vcor1	382	10	10	rs13338928	1	rs10871454	1	-0.02313	0.0005349969
382	rs11645526	rs11863592	0	0	2.91707700281437e-195	1	1.2935520971496e-185	2	8	rs1143679	ENSG00000169896	eqtl_rs1143679_ENSG00000169896_B38.txt	rs1143679_ENSG00000169896_LD.unphased.vcor1	382	10	10	rs13338928	1	rs10871454	1	0.217704	0.047395031616
382	rs1143679	rs57348955	8.76878238458311e-308	9.90090405041906e-218	8.85654717986331e-91	1	2.37439218548456e-87	1	9	rs1143679	ENSG00000169896	eqtl_rs1143679_ENSG00000169896_B38.txt	rs1143679_ENSG00000169896_LD.unphased.vcor1	382	10	10	rs13338928	1	rs10871454	1	-0.30379	0.0922883641
382	rs62051471	rs57348955	6.18887834757049e-222	9.89838190797507e-218	6.25082145635872e-05	0.999744876168108	0.000192615617320944	3	9	rs1143679	ENSG00000169896	eqtl_rs1143679_ENSG00000169896_B38.txt	rs1143679_ENSG00000169896_LD.unphased.vcor1	382	10	10	rs13338928	1	rs10871454	1	-0.381587	0.145608638569
382	rs55742763	rs57348955	0	9.90090404999358e-218	0	1	8.99917344108721e-126	4	9	rs1143679	ENSG00000169896	eqtl_rs1143679_ENSG00000169896_B38.txt	rs1143679_ENSG00000169896_LD.unphased.vcor1	382	10	10	rs13338928	1	rs10871454	1	0.714901	0.511083439801
382	rs1549299	rs57348955	3.91060444931547e-234	9.9009040504185e-218	3.94974482067643e-17	1	9.00537410762721e-18	5	9	rs1143679	ENSG00000169896	eqtl_rs1143679_ENSG00000169896_B38.txt	rs1143679_ENSG00000169896_LD.unphased.vcor1	382	10	10	rs13338928	1	rs10871454	1	0.388388	0.150845238544
382	rs4077810	rs57348955	0	9.90090405028173e-218	0	1	1.42327029158751e-161	6	9	rs1143679	ENSG00000169896	eqtl_rs1143679_ENSG00000169896_B38.txt	rs1143679_ENSG00000169896_LD.unphased.vcor1	382	10	10	rs13338928	1	rs10871454	1	-0.557006	0.310255684036
382	rs13338928	rs57348955	0	9.90090405038979e-218	0	1	1.24145068303522e-186	7	9	rs1143679	ENSG00000169896	eqtl_rs1143679_ENSG00000169896_B38.txt	rs1143679_ENSG00000169896_LD.unphased.vcor1	382	10	10	rs13338928	1	rs10871454	1	0.439424	0.193093451776
382	rs141764869	rs57348955	0	9.90090405056989e-218	0	1	9.81163408038491e-200	8	9	rs1143679	ENSG00000169896	eqtl_rs1143679_ENSG00000169896_B38.txt	rs1143679_ENSG00000169896_LD.unphased.vcor1	382	10	10	rs13338928	1	rs10871454	1	0.316015	0.099865480225
382	rs7192375	rs57348955	0	9.90090405038979e-218	0	1	1.51644552752272e-160	9	9	rs1143679	ENSG00000169896	eqtl_rs1143679_ENSG00000169896_B38.txt	rs1143679_ENSG00000169896_LD.unphased.vcor1	382	10	10	rs13338928	1	rs10871454	1	-0.557179	0.310448438041
382	rs7188189	rs57348955	0	9.90090405041681e-218	0	1	1.42427121020439e-198	10	9	rs1143679	ENSG00000169896	eqtl_rs1143679_ENSG00000169896_B38.txt	rs1143679_ENSG00000169896_LD.unphased.vcor1	382	10	10	rs13338928	1	rs10871454	1	-0.285927	0.081754249329
382	rs11645526	rs57348955	0	9.9009040504185e-218	2.91707700281487e-195	1	1.22656083927143e-120	2	9	rs1143679	ENSG00000169896	eqtl_rs1143679_ENSG00000169896_B38.txt	rs1143679_ENSG00000169896_LD.unphased.vcor1	382	10	10	rs13338928	1	rs10871454	1	-0.586223	0.343657405729
382	rs1143679	rs10871454	0	0	8.85654717995242e-91	1	1.93057994827224e-92	1	10	rs1143679	ENSG00000169896	eqtl_rs1143679_ENSG00000169896_B38.txt	rs1143679_ENSG00000169896_LD.unphased.vcor1	382	10	10	rs13338928	1	rs10871454	1	-0.119299	0.014232251401
382	rs62051471	rs10871454	0	0	6.25176908641255e-05	0.999896742176132	4.07401262510809e-05	3	10	rs1143679	ENSG00000169896	eqtl_rs1143679_ENSG00000169896_B38.txt	rs1143679_ENSG00000169896_LD.unphased.vcor1	382	10	10	rs13338928	1	rs10871454	1	-0.412332	0.170017678224
382	rs55742763	rs10871454	0	0	0	1	0	4	10	rs1143679	ENSG00000169896	eqtl_rs1143679_ENSG00000169896_B38.txt	rs1143679_ENSG00000169896_LD.unphased.vcor1	382	10	10	rs13338928	1	rs10871454	1	0.308656	0.095268526336
382	rs1549299	rs10871454	0	0	3.94974482079789e-17	1	1.08869368164144e-11	5	10	rs1143679	ENSG00000169896	eqtl_rs1143679_ENSG00000169896_B38.txt	rs1143679_ENSG00000169896_LD.unphased.vcor1	382	10	10	rs13338928	1	rs10871454	1	0.647415	0.419146182225
382	rs4077810	rs10871454	0	0	0	1	0	6	10	rs1143679	ENSG00000169896	eqtl_rs1143679_ENSG00000169896_B38.txt	rs1143679_ENSG00000169896_LD.unphased.vcor1	382	10	10	rs13338928	1	rs10871454	1	-0.214537	0.046026124369
382	rs13338928	rs10871454	0	0	0	1	0	7	10	rs1143679	ENSG00000169896	eqtl_rs1143679_ENSG00000169896_B38.txt	rs1143679_ENSG00000169896_LD.unphased.vcor1	382	10	10	rs13338928	1	rs10871454	1	0.0684019	0.00467881992361
382	rs141764869	rs10871454	0	0	0	1	0	8	10	rs1143679	ENSG00000169896	eqtl_rs1143679_ENSG00000169896_B38.txt	rs1143679_ENSG00000169896_LD.unphased.vcor1	382	10	10	rs13338928	1	rs10871454	1	0.173543	0.030117172849
382	rs7192375	rs10871454	0	0	0	1	0	9	10	rs1143679	ENSG00000169896	eqtl_rs1143679_ENSG00000169896_B38.txt	rs1143679_ENSG00000169896_LD.unphased.vcor1	382	10	10	rs13338928	1	rs10871454	1	-0.220034	0.048414961156
382	rs7188189	rs10871454	0	0	0	1	0	10	10	rs1143679	ENSG00000169896	eqtl_rs1143679_ENSG00000169896_B38.txt	rs1143679_ENSG00000169896_LD.unphased.vcor1	382	10	10	rs13338928	1	rs10871454	1	-0.302476	0.091491730576
382	rs11645526	rs10871454	0	0	2.9170770028986e-195	1	8.77451877029608e-189	2	10	rs1143679	ENSG00000169896	eqtl_rs1143679_ENSG00000169896_B38.txt	rs1143679_ENSG00000169896_LD.unphased.vcor1	382	10	10	rs13338928	1	rs10871454	1	-0.22482	0.0505440324
382	rs1143679	rs2359661	5.60503773183471e-278	6.32869403618029e-188	8.85654717986281e-91	1	1.01685946722028e-82	1	2	rs1143679	ENSG00000169896	eqtl_rs1143679_ENSG00000169896_B38.txt	rs1143679_ENSG00000169896_LD.unphased.vcor1	382	10	10	rs13338928	1	rs10871454	1	0.376512	0.141761286144
382	rs62051471	rs2359661	3.95625509378351e-192	6.32756400180556e-188	6.25129777354717e-05	0.999821210169199	0.000116276853075049	3	2	rs1143679	ENSG00000169896	eqtl_rs1143679_ENSG00000169896_B38.txt	rs1143679_ENSG00000169896_LD.unphased.vcor1	382	10	10	rs13338928	1	rs10871454	1	0.382962	0.146659893444
382	rs55742763	rs2359661	0	1.89240962598693e-188	0	0.297615790201425	0.702384209786161	4	2	rs1143679	ENSG00000169896	eqtl_rs1143679_ENSG00000169896_B38.txt	rs1143679_ENSG00000169896_LD.unphased.vcor1	382	10	10	rs13338928	1	rs10871454	1	-0.929419	0.863819677561
382	rs1549299	rs2359661	2.49967264910489e-204	6.32869403618029e-188	3.94974482067643e-17	1	1.65482163851027e-18	5	2	rs1143679	ENSG00000169896	eqtl_rs1143679_ENSG00000169896_B38.txt	rs1143679_ENSG00000169896_LD.unphased.vcor1	382	10	10	rs13338928	1	rs10871454	1	-0.297494	0.088502680036
382	rs4077810	rs2359661	0	6.32869403609755e-188	0	1	1.04647461020783e-47	6	2	rs1143679	ENSG00000169896	eqtl_rs1143679_ENSG00000169896_B38.txt	rs1143679_ENSG00000169896_LD.unphased.vcor1	382	10	10	rs13338928	1	rs10871454	1	0.818303	0.669619799809
382	rs13338928	rs2359661	0	6.32869403616662e-188	0	1	1.37165846921691e-86	7	2	rs1143679	ENSG00000169896	eqtl_rs1143679_ENSG00000169896_B38.txt	rs1143679_ENSG00000169896_LD.unphased.vcor1	382	10	10	rs13338928	1	rs10871454	1	-0.683751	0.467515430001
382	rs141764869	rs2359661	0	6.32869403628174e-188	0	1	2.73877151808699e-175	8	2	rs1143679	ENSG00000169896	eqtl_rs1143679_ENSG00000169896_B38.txt	rs1143679_ENSG00000169896_LD.unphased.vcor1	382	10	10	rs13338928	1	rs10871454	1	-0.271265	0.073584700225
382	rs7192375	rs2359661	0	6.32869403616662e-188	0	1	2.56563397888712e-50	9	2	rs1143679	ENSG00000169896	eqtl_rs1143679_ENSG00000169896_B38.txt	rs1143679_ENSG00000169896_LD.unphased.vcor1	382	10	10	rs13338928	1	rs10871454	1	0.815021	0.664259230441
382	rs7188189	rs2359661	0	6.32869403617813e-188	0	1	8.66141416512374e-172	10	2	rs1143679	ENSG00000169896	eqtl_rs1143679_ENSG00000169896_B38.txt	rs1143679_ENSG00000169896_LD.unphased.vcor1	382	10	10	rs13338928	1	rs10871454	1	0.344215	0.118483966225
382	rs11645526	rs2359661	0	6.32869403618065e-188	2.91707700281503e-195	1	2.37569319093899e-39	2	2	rs1143679	ENSG00000169896	eqtl_rs1143679_ENSG00000169896_B38.txt	rs1143679_ENSG00000169896_LD.unphased.vcor1	382	10	10	rs13338928	1	rs10871454	1	0.803986	0.646393488196
616	rs10974977	rs10815165	0	0	0	1	0	1	1	rs1887428	ENSG00000096968	eqtl_rs1887428_ENSG00000096968_B38.txt	rs1887428_ENSG00000096968_LD.unphased.vcor1	616	10	6	rs10114315	1	rs10815165	1	0.990655	0.981397329025
616	rs56961415	rs10815165	0	0	1.39817650795764e-23	1	2.31681420623711e-22	2	1	rs1887428	ENSG00000096968	eqtl_rs1887428_ENSG00000096968_B38.txt	rs1887428_ENSG00000096968_LD.unphased.vcor1	616	10	6	rs10114315	1	rs10815165	1	0.0687858	0.00473148628164
616	rs11787793	rs10815165	0	0	0	1	1.07327450659108e-194	3	1	rs1887428	ENSG00000096968	eqtl_rs1887428_ENSG00000096968_B38.txt	rs1887428_ENSG00000096968_LD.unphased.vcor1	616	10	6	rs10114315	1	rs10815165	1	-0.9578	0.91738084
616	rs7469563	rs10815165	0	0	0	1	1.56764234633642e-100	4	1	rs1887428	ENSG00000096968	eqtl_rs1887428_ENSG00000096968_B38.txt	rs1887428_ENSG00000096968_LD.unphased.vcor1	616	10	6	rs10114315	1	rs10815165	1	-0.992988	0.986025168144
616	rs10114315	rs10815165	0	0	0	1	0	5	1	rs1887428	ENSG00000096968	eqtl_rs1887428_ENSG00000096968_B38.txt	rs1887428_ENSG00000096968_LD.unphased.vcor1	616	10	6	rs10114315	1	rs10815165	1	-0.980075	0.960547005625
616	rs10217652	rs10815165	0	0	0	1	0	6	1	rs1887428	ENSG00000096968	eqtl_rs1887428_ENSG00000096968_B38.txt	rs1887428_ENSG00000096968_LD.unphased.vcor1	616	10	6	rs10114315	1	rs10815165	1	0.984834	0.969898007556
616	rs11789744	rs10815165	0	0	0	1	0	7	1	rs1887428	ENSG00000096968	eqtl_rs1887428_ENSG00000096968_B38.txt	rs1887428_ENSG00000096968_LD.unphased.vcor1	616	10	6	rs10114315	1	rs10815165	1	-0.989464	0.979039007296
616	rs11788834	rs10815165	0	0	0	1	0	8	1	rs1887428	ENSG00000096968	eqtl_rs1887428_ENSG00000096968_B38.txt	rs1887428_ENSG00000096968_LD.unphased.vcor1	616	10	6	rs10114315	1	rs10815165	1	-0.973229	0.947174686441
616	rs3780370	rs10815165	0	0	0	1	0	9	1	rs1887428	ENSG00000096968	eqtl_rs1887428_ENSG00000096968_B38.txt	rs1887428_ENSG00000096968_LD.unphased.vcor1	616	10	6	rs10114315	1	rs10815165	1	0.974397	0.949449513609
616	rs10974979	rs10815165	0	0	0	1	0	10	1	rs1887428	ENSG00000096968	eqtl_rs1887428_ENSG00000096968_B38.txt	rs1887428_ENSG00000096968_LD.unphased.vcor1	616	10	6	rs10114315	1	rs10815165	1	-0.983588	0.967445353744
616	rs10974977	rs6476941	0	2.44782999490564e-239	0	1	3.53064940036864e-156	1	2	rs1887428	ENSG00000096968	eqtl_rs1887428_ENSG00000096968_B38.txt	rs1887428_ENSG00000096968_LD.unphased.vcor1	616	10	6	rs10114315	1	rs10815165	1	-0.637971	0.407006996841
616	rs56961415	rs6476941	3.42249839393168e-262	2.44782999465156e-239	1.39817650793157e-23	1	1.07838103408448e-17	2	2	rs1887428	ENSG00000096968	eqtl_rs1887428_ENSG00000096968_B38.txt	rs1887428_ENSG00000096968_LD.unphased.vcor1	616	10	6	rs10114315	1	rs10815165	1	-0.0770692	0.00593966158864
616	rs11787793	rs6476941	0	2.44782999465184e-239	0	1	1.97953793946308e-187	3	2	rs1887428	ENSG00000096968	eqtl_rs1887428_ENSG00000096968_B38.txt	rs1887428_ENSG00000096968_LD.unphased.vcor1	616	10	6	rs10114315	1	rs10815165	1	0.647417	0.419148771889
616	rs7469563	rs6476941	0	2.44782999462067e-239	0	1	1.14058663081053e-97	4	2	rs1887428	ENSG00000096968	eqtl_rs1887428_ENSG00000096968_B38.txt	rs1887428_ENSG00000096968_LD.unphased.vcor1	616	10	6	rs10114315	1	rs10815165	1	0.639024	0.408351672576
616	rs10114315	rs6476941	0	2.44782999469191e-239	0	1	3.24777525660749e-147	5	2	rs1887428	ENSG00000096968	eqtl_rs1887428_ENSG00000096968_B38.txt	rs1887428_ENSG00000096968_LD.unphased.vcor1	616	10	6	rs10114315	1	rs10815165	1	0.630123	0.397054995129
616	rs10217652	rs6476941	0	2.44782999469191e-239	0	1	1.15752310219046e-125	6	2	rs1887428	ENSG00000096968	eqtl_rs1887428_ENSG00000096968_B38.txt	rs1887428_ENSG00000096968_LD.unphased.vcor1	616	10	6	rs10114315	1	rs10815165	1	-0.627958	0.394331249764
616	rs11789744	rs6476941	0	2.44782999462067e-239	0	1	2.20073573099879e-167	7	2	rs1887428	ENSG00000096968	eqtl_rs1887428_ENSG00000096968_B38.txt	rs1887428_ENSG00000096968_LD.unphased.vcor1	616	10	6	rs10114315	1	rs10815165	1	0.62978	0.3966228484
616	rs11788834	rs6476941	0	2.44782999490564e-239	0	1	1.71385328106076e-201	8	2	rs1887428	ENSG00000096968	eqtl_rs1887428_ENSG00000096968_B38.txt	rs1887428_ENSG00000096968_LD.unphased.vcor1	616	10	6	rs10114315	1	rs10815165	1	0.621869	0.386721053161
616	rs3780370	rs6476941	0	2.44782999490564e-239	0	1	5.46173856879944e-195	9	2	rs1887428	ENSG00000096968	eqtl_rs1887428_ENSG00000096968_B38.txt	rs1887428_ENSG00000096968_LD.unphased.vcor1	616	10	6	rs10114315	1	rs10815165	1	-0.621698	0.386508403204
616	rs10974979	rs6476941	0	2.44782999490564e-239	0	1	2.32706661613278e-104	10	2	rs1887428	ENSG00000096968	eqtl_rs1887428_ENSG00000096968_B38.txt	rs1887428_ENSG00000096968_LD.unphased.vcor1	616	10	6	rs10114315	1	rs10815165	1	0.630296	0.397273047616
616	rs10974977	rs7870694	0	0	0	1	0	1	3	rs1887428	ENSG00000096968	eqtl_rs1887428_ENSG00000096968_B38.txt	rs1887428_ENSG00000096968_LD.unphased.vcor1	616	10	6	rs10114315	1	rs10815165	1	0.988354	0.976843629316
616	rs56961415	rs7870694	0	0	1.39817650791694e-23	1	2.9779720811682e-25	2	3	rs1887428	ENSG00000096968	eqtl_rs1887428_ENSG00000096968_B38.txt	rs1887428_ENSG00000096968_LD.unphased.vcor1	616	10	6	rs10114315	1	rs10815165	1	0.0667936	0.00446138500096
616	rs11787793	rs7870694	0	0	0	1	2.03665753866294e-207	3	3	rs1887428	ENSG00000096968	eqtl_rs1887428_ENSG00000096968_B38.txt	rs1887428_ENSG00000096968_LD.unphased.vcor1	616	10	6	rs10114315	1	rs10815165	1	-0.941605	0.886619976025
616	rs7469563	rs7870694	0	0	0	1	0	4	3	rs1887428	ENSG00000096968	eqtl_rs1887428_ENSG00000096968_B38.txt	rs1887428_ENSG00000096968_LD.unphased.vcor1	616	10	6	rs10114315	1	rs10815165	1	-0.981414	0.963173439396
616	rs10114315	rs7870694	0	0	0	1	0	5	3	rs1887428	ENSG00000096968	eqtl_rs1887428_ENSG00000096968_B38.txt	rs1887428_ENSG00000096968_LD.unphased.vcor1	616	10	6	rs10114315	1	rs10815165	1	-0.982535	0.965375026225
616	rs10217652	rs7870694	0	0	0	1	0	6	3	rs1887428	ENSG00000096968	eqtl_rs1887428_ENSG00000096968_B38.txt	rs1887428_ENSG00000096968_LD.unphased.vcor1	616	10	6	rs10114315	1	rs10815165	1	0.987195	0.974553968025
616	rs11789744	rs7870694	0	0	0	1	0	7	3	rs1887428	ENSG00000096968	eqtl_rs1887428_ENSG00000096968_B38.txt	rs1887428_ENSG00000096968_LD.unphased.vcor1	616	10	6	rs10114315	1	rs10815165	1	-0.975562	0.951721215844
616	rs11788834	rs7870694	0	0	0	1	0	8	3	rs1887428	ENSG00000096968	eqtl_rs1887428_ENSG00000096968_B38.txt	rs1887428_ENSG00000096968_LD.unphased.vcor1	616	10	6	rs10114315	1	rs10815165	1	-0.991892	0.983849739664
616	rs3780370	rs7870694	0	0	0	1	0	9	3	rs1887428	ENSG00000096968	eqtl_rs1887428_ENSG00000096968_B38.txt	rs1887428_ENSG00000096968_LD.unphased.vcor1	616	10	6	rs10114315	1	rs10815165	1	0.990742	0.981569710564
616	rs10974979	rs7870694	0	0	0	1	0	10	3	rs1887428	ENSG00000096968	eqtl_rs1887428_ENSG00000096968_B38.txt	rs1887428_ENSG00000096968_LD.unphased.vcor1	616	10	6	rs10114315	1	rs10815165	1	-0.981356	0.963059598736
616	rs10974977	rs10974977	0	0	0	0	1	1	4	rs1887428	ENSG00000096968	eqtl_rs1887428_ENSG00000096968_B38.txt	rs1887428_ENSG00000096968_LD.unphased.vcor1	616	10	6	rs10114315	1	rs10815165	1	1	1
616	rs56961415	rs10974977	0	0	1.39817650807971e-23	1	8.4581354489339e-26	2	4	rs1887428	ENSG00000096968	eqtl_rs1887428_ENSG00000096968_B38.txt	rs1887428_ENSG00000096968_LD.unphased.vcor1	616	10	6	rs10114315	1	rs10815165	1	0.0711569	0.00506330441761
616	rs11787793	rs10974977	0	0	0	1	2.71000263903669e-139	3	4	rs1887428	ENSG00000096968	eqtl_rs1887428_ENSG00000096968_B38.txt	rs1887428_ENSG00000096968_LD.unphased.vcor1	616	10	6	rs10114315	1	rs10815165	1	-0.952957	0.908127043849
616	rs7469563	rs10974977	0	0	0	1	0	4	4	rs1887428	ENSG00000096968	eqtl_rs1887428_ENSG00000096968_B38.txt	rs1887428_ENSG00000096968_LD.unphased.vcor1	616	10	6	rs10114315	1	rs10815165	1	-0.993021	0.986090706441
616	rs10114315	rs10974977	0	0	0	1	0	5	4	rs1887428	ENSG00000096968	eqtl_rs1887428_ENSG00000096968_B38.txt	rs1887428_ENSG00000096968_LD.unphased.vcor1	616	10	6	rs10114315	1	rs10815165	1	-0.989473	0.979056817729
616	rs10217652	rs10974977	0	0	0	1	0	6	4	rs1887428	ENSG00000096968	eqtl_rs1887428_ENSG00000096968_B38.txt	rs1887428_ENSG00000096968_LD.unphased.vcor1	616	10	6	rs10114315	1	rs10815165	1	0.994152	0.988338199104
616	rs11789744	rs10974977	0	0	0	1	0	7	4	rs1887428	ENSG00000096968	eqtl_rs1887428_ENSG00000096968_B38.txt	rs1887428_ENSG00000096968_LD.unphased.vcor1	616	10	6	rs10114315	1	rs10815165	1	-0.987157	0.974478942649
616	rs11788834	rs10974977	0	0	0	1	0	8	4	rs1887428	ENSG00000096968	eqtl_rs1887428_ENSG00000096968_B38.txt	rs1887428_ENSG00000096968_LD.unphased.vcor1	616	10	6	rs10114315	1	rs10815165	1	-0.982546	0.965396642116
616	rs3780370	rs10974977	0	0	0	1	0	9	4	rs1887428	ENSG00000096968	eqtl_rs1887428_ENSG00000096968_B38.txt	rs1887428_ENSG00000096968_LD.unphased.vcor1	616	10	6	rs10114315	1	rs10815165	1	0.983722	0.967708973284
616	rs10974979	rs10974977	0	0	0	1	0	10	4	rs1887428	ENSG00000096968	eqtl_rs1887428_ENSG00000096968_B38.txt	rs1887428_ENSG00000096968_LD.unphased.vcor1	616	10	6	rs10114315	1	rs10815165	1	-0.992981	0.986011266361
616	rs10974977	rs10974978	0	0	0	1	0	1	5	rs1887428	ENSG00000096968	eqtl_rs1887428_ENSG00000096968_B38.txt	rs1887428_ENSG00000096968_LD.unphased.vcor1	616	10	6	rs10114315	1	rs10815165	1	0.99883	0.9976613689
616	rs56961415	rs10974978	0	0	1.39817650807971e-23	1	4.12462979167403e-24	2	5	rs1887428	ENSG00000096968	eqtl_rs1887428_ENSG00000096968_B38.txt	rs1887428_ENSG00000096968_LD.unphased.vcor1	616	10	6	rs10114315	1	rs10815165	1	0.0705636	0.00497922164496
616	rs11787793	rs10974978	0	0	0	1	1.91595725569392e-208	3	5	rs1887428	ENSG00000096968	eqtl_rs1887428_ENSG00000096968_B38.txt	rs1887428_ENSG00000096968_LD.unphased.vcor1	616	10	6	rs10114315	1	rs10815165	1	-0.954165	0.910430847225
616	rs7469563	rs10974978	0	0	0	1	0	4	5	rs1887428	ENSG00000096968	eqtl_rs1887428_ENSG00000096968_B38.txt	rs1887428_ENSG00000096968_LD.unphased.vcor1	616	10	6	rs10114315	1	rs10815165	1	-0.991839	0.983744601921
616	rs10114315	rs10974978	0	0	0	1	0	5	5	rs1887428	ENSG00000096968	eqtl_rs1887428_ENSG00000096968_B38.txt	rs1887428_ENSG00000096968_LD.unphased.vcor1	616	10	6	rs10114315	1	rs10815165	1	-0.990637	0.981361665769
616	rs10217652	rs10974978	0	0	0	1	3.71884231627912e-139	6	5	rs1887428	ENSG00000096968	eqtl_rs1887428_ENSG00000096968_B38.txt	rs1887428_ENSG00000096968_LD.unphased.vcor1	616	10	6	rs10114315	1	rs10815165	1	0.995333	0.990687780889
616	rs11789744	rs10974978	0	0	0	1	0	7	5	rs1887428	ENSG00000096968	eqtl_rs1887428_ENSG00000096968_B38.txt	rs1887428_ENSG00000096968_LD.unphased.vcor1	616	10	6	rs10114315	1	rs10815165	1	-0.988317	0.976770492489
616	rs11788834	rs10974978	0	0	0	1	0	8	5	rs1887428	ENSG00000096968	eqtl_rs1887428_ENSG00000096968_B38.txt	rs1887428_ENSG00000096968_LD.unphased.vcor1	616	10	6	rs10114315	1	rs10815165	1	-0.983707	0.967679461849
616	rs3780370	rs10974978	0	0	0	1	0	9	5	rs1887428	ENSG00000096968	eqtl_rs1887428_ENSG00000096968_B38.txt	rs1887428_ENSG00000096968_LD.unphased.vcor1	616	10	6	rs10114315	1	rs10815165	1	0.984881	0.969990584161
616	rs10974979	rs10974978	0	0	0	1	0	10	5	rs1887428	ENSG00000096968	eqtl_rs1887428_ENSG00000096968_B38.txt	rs1887428_ENSG00000096968_LD.unphased.vcor1	616	10	6	rs10114315	1	rs10815165	1	-0.994147	0.988328257609
616	rs10974977	rs10974972	0	0	0	1	0	1	9	rs1887428	ENSG00000096968	eqtl_rs1887428_ENSG00000096968_B38.txt	rs1887428_ENSG00000096968_LD.unphased.vcor1	616	10	6	rs10114315	1	rs10815165	1	-0.996492	0.992996306064
616	rs56961415	rs10974972	0	0	1.39817650795764e-23	1	7.89063143987137e-25	2	9	rs1887428	ENSG00000096968	eqtl_rs1887428_ENSG00000096968_B38.txt	rs1887428_ENSG00000096968_LD.unphased.vcor1	616	10	6	rs10114315	1	rs10815165	1	-0.069541	0.004835950681
616	rs11787793	rs10974972	0	0	0	1	7.20596402734981e-187	3	9	rs1887428	ENSG00000096968	eqtl_rs1887428_ENSG00000096968_B38.txt	rs1887428_ENSG00000096968_LD.unphased.vcor1	616	10	6	rs10114315	1	rs10815165	1	0.954189	0.910476647721
616	rs7469563	rs10974972	0	0	0	1	0	4	9	rs1887428	ENSG00000096968	eqtl_rs1887428_ENSG00000096968_B38.txt	rs1887428_ENSG00000096968_LD.unphased.vcor1	616	10	6	rs10114315	1	rs10815165	1	0.991808	0.983683108864
616	rs10114315	rs10974972	0	0	0	1	0	5	9	rs1887428	ENSG00000096968	eqtl_rs1887428_ENSG00000096968_B38.txt	rs1887428_ENSG00000096968_LD.unphased.vcor1	616	10	6	rs10114315	1	rs10815165	1	0.990603	0.981294303609
616	rs10217652	rs10974972	0	0	0	1	0	6	9	rs1887428	ENSG00000096968	eqtl_rs1887428_ENSG00000096968_B38.txt	rs1887428_ENSG00000096968_LD.unphased.vcor1	616	10	6	rs10114315	1	rs10815165	1	-0.992999	0.986047014001
616	rs11789744	rs10974972	0	0	0	1	0	7	9	rs1887428	ENSG00000096968	eqtl_rs1887428_ENSG00000096968_B38.txt	rs1887428_ENSG00000096968_LD.unphased.vcor1	616	10	6	rs10114315	1	rs10815165	1	0.98592	0.9720382464
616	rs11788834	rs10974972	0	0	0	1	0	8	9	rs1887428	ENSG00000096968	eqtl_rs1887428_ENSG00000096968_B38.txt	rs1887428_ENSG00000096968_LD.unphased.vcor1	616	10	6	rs10114315	1	rs10815165	1	0.983682	0.967630277124
616	rs3780370	rs10974972	0	0	0	1	0	9	9	rs1887428	ENSG00000096968	eqtl_rs1887428_ENSG00000096968_B38.txt	rs1887428_ENSG00000096968_LD.unphased.vcor1	616	10	6	rs10114315	1	rs10815165	1	-0.984853	0.969935431609
616	rs10974979	rs10974972	0	0	0	1	0	10	9	rs1887428	ENSG00000096968	eqtl_rs1887428_ENSG00000096968_B38.txt	rs1887428_ENSG00000096968_LD.unphased.vcor1	616	10	6	rs10114315	1	rs10815165	1	0.991773	0.983613683529
885	rs6939565	rs57844651	0	0	0.0165393524492297	0.983272933544889	0.000187714005881003	1	1	rs6939565	ENSG00000198945	eqtl_rs6939565_ENSG00000198945_B38.txt	rs6939565_ENSG00000198945_LD.unphased.vcor1	885	1	6	rs6939565	0.659174347695103	rs12197047	1	-0.154863	0.023982548769
885	rs6939565	rs12197047	0	0	0.0165398060156473	0.98329995325695	0.000160240727514861	1	2	rs6939565	ENSG00000198945	eqtl_rs6939565_ENSG00000198945_B38.txt	rs6939565_ENSG00000198945_LD.unphased.vcor1	885	1	6	rs6939565	0.659174347695103	rs12197047	1	0.00143166	2.0496503556e-06
885	rs6939565	rs12661232	0	0	0.0165399214989815	0.983306835805319	0.000153243525051953	1	3	rs6939565	ENSG00000198945	eqtl_rs6939565_ENSG00000198945_B38.txt	rs6939565_ENSG00000198945_LD.unphased.vcor1	885	1	6	rs6939565	0.659174347695103	rs12197047	1	-0.10098	0.0101969604
885	rs6939565	rs7775210	5.84358441719899e-292	3.47404204838237e-290	0.016538916531024	0.983246965167137	0.000214118301844101	1	4	rs6939565	ENSG00000198945	eqtl_rs6939565_ENSG00000198945_B38.txt	rs6939565_ENSG00000198945_LD.unphased.vcor1	885	1	6	rs6939565	0.659174347695103	rs12197047	1	-0.0221218	0.00048937403524
885	rs6939565	rs1415701	0	0	0.0165396942839571	0.983293297213176	0.000167008502560079	1	5	rs6939565	ENSG00000198945	eqtl_rs6939565_ENSG00000198945_B38.txt	rs6939565_ENSG00000198945_LD.unphased.vcor1	885	1	6	rs6939565	0.659174347695103	rs12197047	1	-0.0638959	0.00408268603681
885	rs6939565	rs11752200	0	0	0.0165399176171734	0.98330660502983	0.000153478248719441	1	6	rs6939565	ENSG00000198945	eqtl_rs6939565_ENSG00000198945_B38.txt	rs6939565_ENSG00000198945_LD.unphased.vcor1	885	1	6	rs6939565	0.659174347695103	rs12197047	1	-0.10098	0.0101969604
525	rs28535455	rs57667995	0	0	1.3512438525669e-07	0.999822224432706	0.000177640430570608	4	1	rs10173253	ENSG00000213626	eqtl_rs10173253_ENSG00000213626_B38.txt	rs10173253_ENSG00000213626_LD.unphased.vcor1	525	6	10	rs78927709	0.999992411756354	rs11127262	1	0.808932	0.654370980624
525	rs78927709	rs57667995	0	0	0.000123481790727415	0.999858294032001	1.82241643278069e-05	5	1	rs10173253	ENSG00000213626	eqtl_rs10173253_ENSG00000213626_B38.txt	rs10173253_ENSG00000213626_LD.unphased.vcor1	525	6	10	rs78927709	0.999992411756354	rs11127262	1	0.247308	0.061161246864
525	rs6758245	rs57667995	0	0	0.141077043721026	0.857253389394202	0.00166956687927476	6	1	rs10173253	ENSG00000213626	eqtl_rs10173253_ENSG00000213626_B38.txt	rs10173253_ENSG00000213626_LD.unphased.vcor1	525	6	10	rs78927709	0.999992411756354	rs11127262	1	0.0664294	0.00441286518436
525	rs10173253	rs57667995	0	0	1.39032676502361e-45	1	1.45177372960748e-39	1	1	rs10173253	ENSG00000213626	eqtl_rs10173253_ENSG00000213626_B38.txt	rs10173253_ENSG00000213626_LD.unphased.vcor1	525	6	10	rs78927709	0.999992411756354	rs11127262	1	0.354415	0.125609992225
525	rs76141566	rs57667995	0	0	0.176821821270327	0.820774967006688	0.00240321173589842	3	1	rs10173253	ENSG00000213626	eqtl_rs10173253_ENSG00000213626_B38.txt	rs10173253_ENSG00000213626_LD.unphased.vcor1	525	6	10	rs78927709	0.999992411756354	rs11127262	1	-0.0428103	0.00183272178609
525	rs10495774	rs57667995	0	0	1.57967291525637e-09	0.99999999825377	1.52792435728152e-10	2	1	rs10173253	ENSG00000213626	eqtl_rs10173253_ENSG00000213626_B38.txt	rs10173253_ENSG00000213626_LD.unphased.vcor1	525	6	10	rs78927709	0.999992411756354	rs11127262	1	-0.420661	0.176955676921
525	rs28535455	rs13022794	0	0	1.35148344187365e-07	0.999999858460806	6.3934154975979e-09	4	4	rs10173253	ENSG00000213626	eqtl_rs10173253_ENSG00000213626_B38.txt	rs10173253_ENSG00000213626_LD.unphased.vcor1	525	6	10	rs78927709	0.999992411756354	rs11127262	1	0.184849	0.034169152801
525	rs78927709	rs13022794	0	0	0.000123483905257911	0.999875450172915	1.06592130791798e-06	5	4	rs10173253	ENSG00000213626	eqtl_rs10173253_ENSG00000213626_B38.txt	rs10173253_ENSG00000213626_LD.unphased.vcor1	525	6	10	rs78927709	0.999992411756354	rs11127262	1	0.176752	0.031241269504
525	rs6758245	rs13022794	0	0	0.141058789652289	0.857142209406936	0.00179900094323592	6	4	rs10173253	ENSG00000213626	eqtl_rs10173253_ENSG00000213626_B38.txt	rs10173253_ENSG00000213626_LD.unphased.vcor1	525	6	10	rs78927709	0.999992411756354	rs11127262	1	-0.286321	0.081979715041
525	rs10173253	rs13022794	0	0	1.39032676499326e-45	1	4.88208713415884e-48	1	4	rs10173253	ENSG00000213626	eqtl_rs10173253_ENSG00000213626_B38.txt	rs10173253_ENSG00000213626_LD.unphased.vcor1	525	6	10	rs78927709	0.999992411756354	rs11127262	1	0.0665428	0.00442794423184
525	rs76141566	rs13022794	0	0	0.17674943863779	0.820438159576557	0.00281240178819159	3	4	rs10173253	ENSG00000213626	eqtl_rs10173253_ENSG00000213626_B38.txt	rs10173253_ENSG00000213626_LD.unphased.vcor1	525	6	10	rs78927709	0.999992411756354	rs11127262	1	-0.0641471	0.00411485043841
525	rs10495774	rs13022794	0	0	1.57967291546326e-09	0.999999998384737	3.47022752029523e-11	2	4	rs10173253	ENSG00000213626	eqtl_rs10173253_ENSG00000213626_B38.txt	rs10173253_ENSG00000213626_LD.unphased.vcor1	525	6	10	rs78927709	0.999992411756354	rs11127262	1	-0.128719	0.016568580961
525	rs28535455	rs34258815	0	0	1.3514834466674e-07	0.999999862018749	2.83409531363903e-09	4	5	rs10173253	ENSG00000213626	eqtl_rs10173253_ENSG00000213626_B38.txt	rs10173253_ENSG00000213626_LD.unphased.vcor1	525	6	10	rs78927709	0.999992411756354	rs11127262	1	-0.188587	0.035565056569
525	rs78927709	rs34258815	0	0	0.000123483840253184	0.999874922771841	1.59338959241627e-06	5	5	rs10173253	ENSG00000213626	eqtl_rs10173253_ENSG00000213626_B38.txt	rs10173253_ENSG00000213626_LD.unphased.vcor1	525	6	10	rs78927709	0.999992411756354	rs11127262	1	-0.186429	0.034755772041
525	rs6758245	rs34258815	0	0	0.140901634373291	0.856185024368568	0.00291334125718429	6	5	rs10173253	ENSG00000213626	eqtl_rs10173253_ENSG00000213626_B38.txt	rs10173253_ENSG00000213626_LD.unphased.vcor1	525	6	10	rs78927709	0.999992411756354	rs11127262	1	0.288111	0.083007948321
525	rs10173253	rs34258815	0	0	1.39032676498314e-45	1	6.70833072402408e-48	1	5	rs10173253	ENSG00000213626	eqtl_rs10173253_ENSG00000213626_B38.txt	rs10173253_ENSG00000213626_LD.unphased.vcor1	525	6	10	rs78927709	0.999992411756354	rs11127262	1	-0.0680269	0.00462765912361
525	rs76141566	rs34258815	0	0	0.176880094773298	0.821046122562239	0.00207378266592437	3	5	rs10173253	ENSG00000213626	eqtl_rs10173253_ENSG00000213626_B38.txt	rs10173253_ENSG00000213626_LD.unphased.vcor1	525	6	10	rs78927709	0.999992411756354	rs11127262	1	0.0734005	0.00538763340025
525	rs10495774	rs34258815	0	0	1.57967291547475e-09	0.999999998402927	1.91618193645305e-11	2	5	rs10173253	ENSG00000213626	eqtl_rs10173253_ENSG00000213626_B38.txt	rs10173253_ENSG00000213626_LD.unphased.vcor1	525	6	10	rs78927709	0.999992411756354	rs11127262	1	0.135969	0.018487568961
525	rs28535455	rs11690407	1.39521370370348e-219	1.03235708483091e-212	1.35147660419279e-07	0.999994788937491	5.07591482083479e-06	4	6	rs10173253	ENSG00000213626	eqtl_rs10173253_ENSG00000213626_B38.txt	rs10173253_ENSG00000213626_LD.unphased.vcor1	525	6	10	rs78927709	0.999992411756354	rs11127262	1	0.858456	0.736946703936
525	rs78927709	rs11690407	1.27478669988129e-216	1.03222191222671e-212	0.000123482474093577	0.999863838512166	1.2679013714512e-05	5	6	rs10173253	ENSG00000213626	eqtl_rs10173253_ENSG00000213626_B38.txt	rs10173253_ENSG00000213626_LD.unphased.vcor1	525	6	10	rs78927709	0.999992411756354	rs11127262	1	0.0378523	0.00143279661529
525	rs6758245	rs11690407	1.43176854348927e-213	8.70016258653015e-213	0.138688552442442	0.842705814921966	0.0186056326355896	6	6	rs10173253	ENSG00000213626	eqtl_rs10173253_ENSG00000213626_B38.txt	rs10173253_ENSG00000213626_LD.unphased.vcor1	525	6	10	rs78927709	0.999992411756354	rs11127262	1	-0.0475844	0.00226427512336
525	rs10173253	rs11690407	1.43532115103894e-257	1.03236245405587e-212	1.39032676498457e-45	1	3.36377822147641e-41	1	6	rs10173253	ENSG00000213626	eqtl_rs10173253_ENSG00000213626_B38.txt	rs10173253_ENSG00000213626_LD.unphased.vcor1	525	6	10	rs78927709	0.999992411756354	rs11127262	1	0.235013	0.055231110169
525	rs76141566	rs11690407	1.80725444446958e-213	8.38899793512256e-213	0.175060070944025	0.812577273353416	0.0123626557025819	3	6	rs10173253	ENSG00000213626	eqtl_rs10173253_ENSG00000213626_B38.txt	rs10173253_ENSG00000213626_LD.unphased.vcor1	525	6	10	rs78927709	0.999992411756354	rs11127262	1	-0.0178455	0.00031846187025
525	rs10495774	rs11690407	1.63079500742413e-221	1.03236245227678e-212	1.57967291528017e-09	0.999999998276394	1.43914521139767e-10	2	6	rs10173253	ENSG00000213626	eqtl_rs10173253_ENSG00000213626_B38.txt	rs10173253_ENSG00000213626_LD.unphased.vcor1	525	6	10	rs78927709	0.999992411756354	rs11127262	1	0.0503071	0.00253080431041
525	rs28535455	rs11127262	0	0	1.3514750375538e-07	0.999993627431036	6.23742025367057e-06	4	7	rs10173253	ENSG00000213626	eqtl_rs10173253_ENSG00000213626_B38.txt	rs10173253_ENSG00000213626_LD.unphased.vcor1	525	6	10	rs78927709	0.999992411756354	rs11127262	1	0.858167	0.736450599889
525	rs78927709	rs11127262	0	0	0.000123480238545586	0.999845700544129	3.08192222225011e-05	5	7	rs10173253	ENSG00000213626	eqtl_rs10173253_ENSG00000213626_B38.txt	rs10173253_ENSG00000213626_LD.unphased.vcor1	525	6	10	rs78927709	0.999992411756354	rs11127262	1	0.104952	0.011014922304
525	rs6758245	rs11127262	0	0	0.14020368859134	0.851934048737933	0.00786226266919662	6	7	rs10173253	ENSG00000213626	eqtl_rs10173253_ENSG00000213626_B38.txt	rs10173253_ENSG00000213626_LD.unphased.vcor1	525	6	10	rs78927709	0.999992411756354	rs11127262	1	0.0288359	0.00083150912881
525	rs10173253	rs11127262	0	0	1.39032676496291e-45	1	1.11621668994826e-39	1	7	rs10173253	ENSG00000213626	eqtl_rs10173253_ENSG00000213626_B38.txt	rs10173253_ENSG00000213626_LD.unphased.vcor1	525	6	10	rs78927709	0.999992411756354	rs11127262	1	0.279413	0.078071624569
525	rs76141566	rs11127262	0	0	0.175545323754445	0.814835228904019	0.00961944733630543	3	7	rs10173253	ENSG00000213626	eqtl_rs10173253_ENSG00000213626_B38.txt	rs10173253_ENSG00000213626_LD.unphased.vcor1	525	6	10	rs78927709	0.999992411756354	rs11127262	1	-0.0357037	0.00127475419369
525	rs10495774	rs11127262	0	0	1.57967291532533e-09	0.999999998311978	1.03800236143444e-10	2	7	rs10173253	ENSG00000213626	eqtl_rs10173253_ENSG00000213626_B38.txt	rs10173253_ENSG00000213626_LD.unphased.vcor1	525	6	10	rs78927709	0.999992411756354	rs11127262	1	0.0389612	0.00151797510544
525	rs28535455	rs4951987	0	0	1.351360327907e-07	0.999908580491027	9.12843745060389e-05	4	8	rs10173253	ENSG00000213626	eqtl_rs10173253_ENSG00000213626_B38.txt	rs10173253_ENSG00000213626_LD.unphased.vcor1	525	6	10	rs78927709	0.999992411756354	rs11127262	1	-0.940362	0.884280691044
525	rs78927709	rs4951987	0	0	0.000123480984333189	0.999851751420947	2.47675981190134e-05	5	8	rs10173253	ENSG00000213626	eqtl_rs10173253_ENSG00000213626_B38.txt	rs10173253_ENSG00000213626_LD.unphased.vcor1	525	6	10	rs78927709	0.999992411756354	rs11127262	1	-0.0917172	0.00841204477584
525	rs6758245	rs4951987	0	0	0.139288280532657	0.846358576443612	0.0143531430260324	6	8	rs10173253	ENSG00000213626	eqtl_rs10173253_ENSG00000213626_B38.txt	rs10173253_ENSG00000213626_LD.unphased.vcor1	525	6	10	rs78927709	0.999992411756354	rs11127262	1	0.0338576	0.00114633707776
525	rs10173253	rs4951987	0	0	1.39032676499326e-45	1	6.59216986455209e-39	1	8	rs10173253	ENSG00000213626	eqtl_rs10173253_ENSG00000213626_B38.txt	rs10173253_ENSG00000213626_LD.unphased.vcor1	525	6	10	rs78927709	0.999992411756354	rs11127262	1	-0.297978	0.088790888484
525	rs76141566	rs4951987	0	0	0.175521299526188	0.814723440476475	0.00975525999632553	3	8	rs10173253	ENSG00000213626	eqtl_rs10173253_ENSG00000213626_B38.txt	rs10173253_ENSG00000213626_LD.unphased.vcor1	525	6	10	rs78927709	0.999992411756354	rs11127262	1	0.0337185	0.00113693724225
525	rs10495774	rs4951987	0	0	1.57967291535981e-09	0.999999998319254	1.00793765687053e-10	2	8	rs10173253	ENSG00000213626	eqtl_rs10173253_ENSG00000213626_B38.txt	rs10173253_ENSG00000213626_LD.unphased.vcor1	525	6	10	rs78927709	0.999992411756354	rs11127262	1	-0.0372819	0.00138994006761
525	rs28535455	rs72787724	0	0	1.35148344779332e-07	0.999999862848208	2.00634952737043e-09	4	9	rs10173253	ENSG00000213626	eqtl_rs10173253_ENSG00000213626_B38.txt	rs10173253_ENSG00000213626_LD.unphased.vcor1	525	6	10	rs78927709	0.999992411756354	rs11127262	1	-0.105836	0.011201258896
525	rs78927709	rs72787724	0	0	0.000123483879144966	0.999875238308891	1.27781097487035e-06	5	9	rs10173253	ENSG00000213626	eqtl_rs10173253_ENSG00000213626_B38.txt	rs10173253_ENSG00000213626_LD.unphased.vcor1	525	6	10	rs78927709	0.999992411756354	rs11127262	1	-0.201849	0.040743018801
525	rs6758245	rs72787724	0	0	0.141061027217756	0.857155837737389	0.00178313504173953	6	9	rs10173253	ENSG00000213626	eqtl_rs10173253_ENSG00000213626_B38.txt	rs10173253_ENSG00000213626_LD.unphased.vcor1	525	6	10	rs78927709	0.999992411756354	rs11127262	1	-0.0487881	0.00238027870161
525	rs10173253	rs72787724	0	0	1.39032676499326e-45	1	1.35188903397171e-46	1	9	rs10173253	ENSG00000213626	eqtl_rs10173253_ENSG00000213626_B38.txt	rs10173253_ENSG00000213626_LD.unphased.vcor1	525	6	10	rs78927709	0.999992411756354	rs11127262	1	-0.205088	0.042061087744
525	rs76141566	rs72787724	0	0	0.176855618094734	0.820932228827874	0.00221215308035912	3	9	rs10173253	ENSG00000213626	eqtl_rs10173253_ENSG00000213626_B38.txt	rs10173253_ENSG00000213626_LD.unphased.vcor1	525	6	10	rs78927709	0.999992411756354	rs11127262	1	0.0231618	0.00053646897924
525	rs10495774	rs72787724	0	0	1.57249143182348e-09	0.995444703862976	0.00455529456348707	2	9	rs10173253	ENSG00000213626	eqtl_rs10173253_ENSG00000213626_B38.txt	rs10173253_ENSG00000213626_LD.unphased.vcor1	525	6	10	rs78927709	0.999992411756354	rs11127262	1	0.783881	0.614469422161
525	rs28535455	rs28535455	0	0	2.7029984600874e-10	2.31279577171702e-08	0.99999997660052	4	10	rs10173253	ENSG00000213626	eqtl_rs10173253_ENSG00000213626_B38.txt	rs10173253_ENSG00000213626_LD.unphased.vcor1	525	6	10	rs78927709	0.999992411756354	rs11127262	1	1	1
525	rs78927709	rs28535455	0	0	0.000123483887674978	0.999875307516443	1.20859764059273e-06	5	10	rs10173253	ENSG00000213626	eqtl_rs10173253_ENSG00000213626_B38.txt	rs10173253_ENSG00000213626_LD.unphased.vcor1	525	6	10	rs78927709	0.999992411756354	rs11127262	1	0.131068	0.017178820624
525	rs6758245	rs28535455	0	0	0.141116606969227	0.857494357108966	0.00138903592096682	6	10	rs10173253	ENSG00000213626	eqtl_rs10173253_ENSG00000213626_B38.txt	rs10173253_ENSG00000213626_LD.unphased.vcor1	525	6	10	rs78927709	0.999992411756354	rs11127262	1	-0.00660435	4.36174389225e-05
525	rs10173253	rs28535455	0	0	1.39032676499326e-45	1	3.56813352054007e-44	1	10	rs10173253	ENSG00000213626	eqtl_rs10173253_ENSG00000213626_B38.txt	rs10173253_ENSG00000213626_LD.unphased.vcor1	525	6	10	rs78927709	0.999992411756354	rs11127262	1	0.288829	0.083422191241
525	rs76141566	rs28535455	0	0	0.176909401440438	0.821182490962339	0.00190810759529165	3	10	rs10173253	ENSG00000213626	eqtl_rs10173253_ENSG00000213626_B38.txt	rs10173253_ENSG00000213626_LD.unphased.vcor1	525	6	10	rs78927709	0.999992411756354	rs11127262	1	-0.0186377	0.00034736386129
525	rs10495774	rs28535455	0	0	1.57967291549774e-09	0.999999998406565	1.03148637505742e-11	2	10	rs10173253	ENSG00000213626	eqtl_rs10173253_ENSG00000213626_B38.txt	rs10173253_ENSG00000213626_LD.unphased.vcor1	525	6	10	rs78927709	0.999992411756354	rs11127262	1	0.0543279	0.00295152071841
525	rs28535455	rs1662955	2.42650000751712e-90	1.79543425315649e-83	1.35148344878445e-07	0.99999986358885	1.26280174272998e-09	4	3	rs10173253	ENSG00000213626	eqtl_rs10173253_ENSG00000213626_B38.txt	rs10173253_ENSG00000213626_LD.unphased.vcor1	525	6	10	rs78927709	0.999992411756354	rs11127262	1	0.140498	0.019739688004
525	rs78927709	rs1662955	2.21707184099983e-87	1.7952102382884e-83	0.000123483861058929	0.999875091574528	1.42456441745531e-06	5	3	rs10173253	ENSG00000213626	eqtl_rs10173253_ENSG00000213626_B38.txt	rs10173253_ENSG00000213626_LD.unphased.vcor1	525	6	10	rs78927709	0.999992411756354	rs11127262	1	0.110717	0.012258254089
525	rs6758245	rs1662955	2.53365732963405e-84	1.53958059817754e-83	0.141116667433914	0.857494725386353	0.00138860717973941	6	3	rs10173253	ENSG00000213626	eqtl_rs10173253_ENSG00000213626_B38.txt	rs10173253_ENSG00000213626_LD.unphased.vcor1	525	6	10	rs78927709	0.999992411756354	rs11127262	1	0.0344249	0.00118507374001
525	rs10173253	rs1662955	2.49624063744207e-128	1.79543449806918e-83	1.39032676498449e-45	1	9.15870963600597e-48	1	3	rs10173253	ENSG00000213626	eqtl_rs10173253_ENSG00000213626_B38.txt	rs10173253_ENSG00000213626_LD.unphased.vcor1	525	6	10	rs78927709	0.999992411756354	rs11127262	1	0.0600592	0.00360710750464
525	rs76141566	rs1662955	3.1740604533445e-84	1.47335017880537e-83	0.176785087774458	0.820604040465608	0.00261087175994059	3	3	rs10173253	ENSG00000213626	eqtl_rs10173253_ENSG00000213626_B38.txt	rs10173253_ENSG00000213626_LD.unphased.vcor1	525	6	10	rs78927709	0.999992411756354	rs11127262	1	0.140599	0.019768078801
525	rs10495774	rs1662955	2.83619924813371e-92	1.795434495212e-83	1.57967291548858e-09	0.999999998408612	1.17263036894799e-11	2	3	rs10173253	ENSG00000213626	eqtl_rs10173253_ENSG00000213626_B38.txt	rs10173253_ENSG00000213626_LD.unphased.vcor1	525	6	10	rs78927709	0.999992411756354	rs11127262	1	-0.091902	0.008445977604
525	rs28535455	rs4951984	2.62928067733208e-120	1.94547726133119e-113	1.35148344528459e-07	0.99999986099409	3.85754025370357e-09	4	2	rs10173253	ENSG00000213626	eqtl_rs10173253_ENSG00000213626_B38.txt	rs10173253_ENSG00000213626_LD.unphased.vcor1	525	6	10	rs78927709	0.999992411756354	rs11127262	1	0.393733	0.155025675289
525	rs78927709	rs4951984	2.40232262202829e-117	1.94521173693328e-113	0.00012348241410264	0.999863351779146	1.31658067430731e-05	5	2	rs10173253	ENSG00000213626	eqtl_rs10173253_ENSG00000213626_B38.txt	rs10173253_ENSG00000213626_LD.unphased.vcor1	525	6	10	rs78927709	0.999992411756354	rs11127262	1	0.182494	0.033304060036
525	rs6758245	rs4951984	2.74447329316671e-114	1.66768322809706e-113	0.141069390336224	0.857206774952775	0.00172383471099839	6	2	rs10173253	ENSG00000213626	eqtl_rs10173253_ENSG00000213626_B38.txt	rs10173253_ENSG00000213626_LD.unphased.vcor1	525	6	10	rs78927709	0.999992411756354	rs11127262	1	0.109287	0.011943648369
525	rs10173253	rs4951984	2.70484948306662e-158	1.94547753174902e-113	1.39032676498441e-45	1	4.05155433757728e-21	1	2	rs10173253	ENSG00000213626	eqtl_rs10173253_ENSG00000213626_B38.txt	rs10173253_ENSG00000213626_LD.unphased.vcor1	525	6	10	rs78927709	0.999992411756354	rs11127262	1	0.665565	0.442976769225
525	rs76141566	rs4951984	3.43619758760767e-114	1.59503021587944e-113	0.176624891911153	0.819858624615536	0.0035164834733058	3	2	rs10173253	ENSG00000213626	eqtl_rs10173253_ENSG00000213626_B38.txt	rs10173253_ENSG00000213626_LD.unphased.vcor1	525	6	10	rs78927709	0.999992411756354	rs11127262	1	-0.00676606	4.57795679236e-05
525	rs10495774	rs4951984	3.07321816459742e-122	1.94547752865434e-113	1.57967291548948e-09	0.999999998409237	1.11182402337778e-11	2	2	rs10173253	ENSG00000213626	eqtl_rs10173253_ENSG00000213626_B38.txt	rs10173253_ENSG00000213626_LD.unphased.vcor1	525	6	10	rs78927709	0.999992411756354	rs11127262	1	-0.189172	0.035786045584
110	rs72660435	rs10022956	4.49070840513118e-12	0.00143648416971852	3.1026680567419e-10	0.0974456589466107	0.901117856568912	2	1	rs4423942	ENSG00000138795	eqtl_rs4423942_ENSG00000138795_B38.txt	rs4423942_ENSG00000138795_LD.unphased.vcor1	110	2	1	rs72660435	0.99999784787232	rs10022956	0.368866792687096	0.733705	0.538323027025
110	rs4245930	rs10022956	4.08794493162001e-21	0.00578638389062645	2.82439539885619e-19	0.398594872896042	0.595618743213331	1	1	rs4423942	ENSG00000138795	eqtl_rs4423942_ENSG00000138795_B38.txt	rs4423942_ENSG00000138795_LD.unphased.vcor1	110	2	1	rs72660435	0.99999784787232	rs10022956	0.368866792687096	-0.869427	0.755903308329
197	rs16902863	rs7822330	3.2703685283145e-16	0.968427613711276	9.9825844626934e-18	0.0295565832487231	0.00201580303999967	1	1	rs1400481	ENSG00000254275	eqtl_rs1400481_ENSG00000254275_B38.txt	rs1400481_ENSG00000254275_LD.unphased.vcor1	197	2	1	rs28820024	0.196287549380816	rs7822330	0.108948065892367	0.164431	0.027037553761
197	rs36111777	rs7822330	0.363971296325365	0.60492821580328	0.0111099840158888	0.0184619781758326	0.00152852567963399	2	1	rs1400481	ENSG00000254275	eqtl_rs1400481_ENSG00000254275_B38.txt	rs1400481_ENSG00000254275_LD.unphased.vcor1	197	2	1	rs28820024	0.196287549380816	rs7822330	0.108948065892367	-0.0653811	0.00427468823721
234	rs7637844	rs2272078	0	0	0.0143621138557774	0.98545669015507	0.000181195989146413	1	1	rs7637844	ENSG00000163602	eqtl_rs7637844_ENSG00000163602_B38.txt	rs7637844_ENSG00000163602_LD.unphased.vcor1	234	1	8	rs7637844	0.722213584003764	rs12631820	1	0.0207639	0.00043113954321
234	rs7637844	rs7653415	5.56131346390783e-136	3.8158975965983e-134	0.0143533957717733	0.984857282198631	0.00078932202960367	1	2	rs7637844	ENSG00000163602	eqtl_rs7637844_ENSG00000163602_B38.txt	rs7637844_ENSG00000163602_LD.unphased.vcor1	234	1	8	rs7637844	0.722213584003764	rs12631820	1	0.0132729	0.00017616987441
234	rs7637844	rs12631820	4.18595793106289e-299	2.87219681326496e-297	0.0143624378867838	0.985478968761632	0.00015859335157101	1	3	rs7637844	ENSG00000163602	eqtl_rs7637844_ENSG00000163602_B38.txt	rs7637844_ENSG00000163602_LD.unphased.vcor1	234	1	8	rs7637844	0.722213584003764	rs12631820	1	-0.00147373	2.1718801129e-06
234	rs7637844	rs13078977	5.11272806178913e-185	3.50810053230353e-183	0.0143621958881986	0.985462330257477	0.000175473854305437	1	4	rs7637844	ENSG00000163602	eqtl_rs7637844_ENSG00000163602_B38.txt	rs7637844_ENSG00000163602_LD.unphased.vcor1	234	1	8	rs7637844	0.722213584003764	rs12631820	1	-0.0198536	0.00039416543296
234	rs7637844	rs7628338	1.26901083803134e-300	8.70732325794499e-299	0.0143627017637346	0.985497111503063	0.000140186733197373	1	5	rs7637844	ENSG00000163602	eqtl_rs7637844_ENSG00000163602_B38.txt	rs7637844_ENSG00000163602_LD.unphased.vcor1	234	1	8	rs7637844	0.722213584003764	rs12631820	1	-0.00537559	2.88969678481e-05
234	rs7637844	rs4677155	1.99514806518611e-123	1.36897169278635e-121	0.0143622605124763	0.985466773470729	0.000170966016815454	1	7	rs7637844	ENSG00000163602	eqtl_rs7637844_ENSG00000163602_B38.txt	rs7637844_ENSG00000163602_LD.unphased.vcor1	234	1	8	rs7637844	0.722213584003764	rs12631820	1	-0.0283971	0.00080639528841
234	rs7637844	rs11717301	1.85919403501742e-173	1.27568677721095e-171	0.014358116043942	0.985181822395009	0.00046006156106281	1	8	rs7637844	ENSG00000163602	eqtl_rs7637844_ENSG00000163602_B38.txt	rs7637844_ENSG00000163602_LD.unphased.vcor1	234	1	8	rs7637844	0.722213584003764	rs12631820	1	0.0530269	0.00281185212361
234	rs7637844	rs62245343	4.66283934984976e-134	3.19940920142145e-132	0.0143628135879519	0.985504799927063	0.00013238648500952	1	10	rs7637844	ENSG00000163602	eqtl_rs7637844_ENSG00000163602_B38.txt	rs7637844_ENSG00000163602_LD.unphased.vcor1	234	1	8	rs7637844	0.722213584003764	rs12631820	1	-0.0107268	0.00011506423824
549	rs9557227	rs9517644	0	0	1.18780589214355e-09	0.999999998835847	1.96169994135133e-11	1	1	rs9557227	ENSG00000134882	eqtl_rs9557227_ENSG00000134882_B38.txt	rs9557227_ENSG00000134882_LD.unphased.vcor1	549	2	10	rs9557227	0.590508326223437	rs4772201	1	0.188	0.035344
549	rs2149261	rs9517644	0	0	7.23725337514788e-05	0.103419409458961	0.896508218043083	2	1	rs9557227	ENSG00000134882	eqtl_rs9557227_ENSG00000134882_B38.txt	rs9557227_ENSG00000134882_LD.unphased.vcor1	549	2	10	rs9557227	0.590508326223437	rs4772201	1	0.986873	0.973918318129
549	rs9557227	rs6491503	1.6170992039001e-54	1.36141705712746e-45	1.18780589201543e-09	0.999999998791779	2.04128591241148e-11	1	2	rs9557227	ENSG00000134882	eqtl_rs9557227_ENSG00000134882_B38.txt	rs9557227_ENSG00000134882_LD.unphased.vcor1	549	2	10	rs9557227	0.590508326223437	rs4772201	1	-0.157107	0.024682609449
549	rs2149261	rs6491503	9.3582891377346e-49	1.36047233863215e-45	0.000687393262588723	0.9993060627879	6.54394951012725e-06	2	2	rs9557227	ENSG00000134882	eqtl_rs9557227_ENSG00000134882_B38.txt	rs9557227_ENSG00000134882_LD.unphased.vcor1	549	2	10	rs9557227	0.590508326223437	rs4772201	1	-0.109053	0.011892556809
549	rs9557227	rs4772201	3.58294692004657e-65	3.01644144030823e-56	1.18780589189078e-09	0.999999998686604	1.25578913131511e-10	1	3	rs9557227	ENSG00000134882	eqtl_rs9557227_ENSG00000134882_B38.txt	rs9557227_ENSG00000134882_LD.unphased.vcor1	549	2	10	rs9557227	0.590508326223437	rs4772201	1	0.283102	0.080146742404
549	rs2149261	rs4772201	2.07346898626476e-59	3.01433003330747e-56	0.000687389105531618	0.99930000729771	1.26035967683101e-05	2	3	rs9557227	ENSG00000134882	eqtl_rs9557227_ENSG00000134882_B38.txt	rs9557227_ENSG00000134882_LD.unphased.vcor1	549	2	10	rs9557227	0.590508326223437	rs4772201	1	-0.183516	0.033678122256
549	rs9557227	rs72648065	0	0	1.1878058919707e-09	0.999999998748535	7.7898325121126e-11	1	4	rs9557227	ENSG00000134882	eqtl_rs9557227_ENSG00000134882_B38.txt	rs9557227_ENSG00000134882_LD.unphased.vcor1	549	2	10	rs9557227	0.590508326223437	rs4772201	1	0.142389	0.020274627321
549	rs2149261	rs72648065	0	0	0.000687288468780004	0.999153412033285	0.000159299498422119	2	4	rs9557227	ENSG00000134882	eqtl_rs9557227_ENSG00000134882_B38.txt	rs9557227_ENSG00000134882_LD.unphased.vcor1	549	2	10	rs9557227	0.590508326223437	rs4772201	1	-0.274769	0.075498003361
549	rs9557227	rs9554570	0	0	1.18780589159043e-09	0.999999998370185	4.8558985388667e-10	1	5	rs9557227	ENSG00000134882	eqtl_rs9557227_ENSG00000134882_B38.txt	rs9557227_ENSG00000134882_LD.unphased.vcor1	549	2	10	rs9557227	0.590508326223437	rs4772201	1	0.27287	0.0744580369
549	rs2149261	rs9554570	0	0	0.000686090258228056	0.99740800603851	0.00190590374440669	2	5	rs9557227	ENSG00000134882	eqtl_rs9557227_ENSG00000134882_B38.txt	rs9557227_ENSG00000134882_LD.unphased.vcor1	549	2	10	rs9557227	0.590508326223437	rs4772201	1	0.786311	0.618284988721
549	rs9557227	rs9517637	0	0	1.18780589139814e-09	0.99999999827196	5.39883009862972e-10	1	6	rs9557227	ENSG00000134882	eqtl_rs9557227_ENSG00000134882_B38.txt	rs9557227_ENSG00000134882_LD.unphased.vcor1	549	2	10	rs9557227	0.590508326223437	rs4772201	1	0.263653	0.069512904409
549	rs2149261	rs9517637	0	0	0.000686570514548966	0.998107584503427	0.00120584498171205	2	6	rs9557227	ENSG00000134882	eqtl_rs9557227_ENSG00000134882_B38.txt	rs9557227_ENSG00000134882_LD.unphased.vcor1	549	2	10	rs9557227	0.590508326223437	rs4772201	1	0.77579	0.6018501241
549	rs9557227	rs9517773	1.34930008767804e-20	1.13596008835953e-11	1.18780588847009e-09	0.999999995801019	2.99981338761686e-09	1	7	rs9557227	ENSG00000134882	eqtl_rs9557227_ENSG00000134882_B38.txt	rs9557227_ENSG00000134882_LD.unphased.vcor1	549	2	10	rs9557227	0.590508326223437	rs4772201	1	0.215617	0.046490690689
549	rs2149261	rs9517773	7.80850723698185e-15	1.13517096400532e-11	0.000687392742426137	0.999305305078961	7.3021672534481e-06	2	7	rs9557227	ENSG00000134882	eqtl_rs9557227_ENSG00000134882_B38.txt	rs9557227_ENSG00000134882_LD.unphased.vcor1	549	2	10	rs9557227	0.590508326223437	rs4772201	1	0.225376	0.050794341376
549	rs9557227	rs2147622	5.24609889052122e-23	4.4166297872807e-14	1.18780589203035e-09	0.999999998804348	7.79968508642902e-12	1	9	rs9557227	ENSG00000134882	eqtl_rs9557227_ENSG00000134882_B38.txt	rs9557227_ENSG00000134882_LD.unphased.vcor1	549	2	10	rs9557227	0.590508326223437	rs4772201	1	-0.0509886	0.00259983732996
549	rs2149261	rs2147622	3.03596251514033e-17	4.41356637114158e-14	0.000687393478224858	0.999306376900125	6.22962160492433e-06	2	9	rs9557227	ENSG00000134882	eqtl_rs9557227_ENSG00000134882_B38.txt	rs9557227_ENSG00000134882_LD.unphased.vcor1	549	2	10	rs9557227	0.590508326223437	rs4772201	1	0.016293	0.000265461849
549	rs9557227	rs9554594	2.02024170841951e-40	1.70081805416099e-31	1.18778434891806e-09	0.999981825561589	1.81732506220114e-05	1	10	rs9557227	ENSG00000134882	eqtl_rs9557227_ENSG00000134882_B38.txt	rs9557227_ENSG00000134882_LD.unphased.vcor1	549	2	10	rs9557227	0.590508326223437	rs4772201	1	0.82959	0.6882195681
549	rs2149261	rs9554594	1.16911845966809e-34	1.69961977189741e-31	0.000687373497259063	0.999277271083473	3.53554192705894e-05	2	10	rs9557227	ENSG00000134882	eqtl_rs9557227_ENSG00000134882_B38.txt	rs9557227_ENSG00000134882_LD.unphased.vcor1	549	2	10	rs9557227	0.590508326223437	rs4772201	1	0.179222	0.032120525284
549	rs9557227	rs1160294	1.07767796952643e-17	9.07284578624046e-09	1.18780588123059e-09	0.999999989712116	2.723201189806e-11	1	8	rs9557227	ENSG00000134882	eqtl_rs9557227_ENSG00000134882_B38.txt	rs9557227_ENSG00000134882_LD.unphased.vcor1	549	2	10	rs9557227	0.590508326223437	rs4772201	1	0.0225218	0.00050723147524
549	rs2149261	rs1160294	6.23660832966188e-12	9.06654303421297e-09	0.000687392733485991	0.999305292074205	7.30611952967231e-06	2	8	rs9557227	ENSG00000134882	eqtl_rs9557227_ENSG00000134882_B38.txt	rs9557227_ENSG00000134882_LD.unphased.vcor1	549	2	10	rs9557227	0.590508326223437	rs4772201	1	0.0357452	0.00127771932304
										rs2426414	ENSG00000020256	eqtl_rs2426414_ENSG00000020256_B38.txt	rs2426414_ENSG00000020256_LD.unphased.vcor1	176	0	6	rs1033552	0	rs13041567	1		
273	rs11736377	rs4334766	5.67334658449825e-38	1.49749907785587e-28	3.78854762993394e-10	0.999999999601755	1.93973361332069e-11	1	4	rs11736377	ENSG00000168421	eqtl_rs11736377_ENSG00000168421_B38.txt	rs11736377_ENSG00000168421_LD.unphased.vcor1	273	1	7	rs11736377	0.714171766299643	rs13105678	0.999999999999995	-0.125654	0.015788927716
273	rs11736377	rs13105678	4.66977580266805e-35	1.23260316536919e-25	3.78854762998974e-10	0.999999999616506	4.64228851891242e-12	1	5	rs11736377	ENSG00000168421	eqtl_rs11736377_ENSG00000168421_B38.txt	rs11736377_ENSG00000168421_LD.unphased.vcor1	273	1	7	rs11736377	0.714171766299643	rs13105678	0.999999999999995	-0.0289542	0.00083834569764
273	rs11736377	rs7698247	7.44416471078944e-20	1.96491252980629e-10	3.78854762922383e-10	0.999999999414335	1.03183958603275e-11	1	7	rs11736377	ENSG00000168421	eqtl_rs11736377_ENSG00000168421_B38.txt	rs11736377_ENSG00000168421_LD.unphased.vcor1	273	1	7	rs11736377	0.714171766299643	rs13105678	0.999999999999995	0.156375	0.024453140625
273	rs11736377	rs4279249	1.17240371694483e-17	3.09459938477378e-08	3.78854751125633e-10	0.999999968275639	3.99511858797689e-10	1	3	rs11736377	ENSG00000168421	eqtl_rs11736377_ENSG00000168421_B38.txt	rs11736377_ENSG00000168421_LD.unphased.vcor1	273	1	7	rs11736377	0.714171766299643	rs13105678	0.999999999999995	0.496956	0.246965265936
273	rs11736377	rs1397934	3.75845350976396e-33	9.9205655448836e-24	3.78854762998831e-10	0.999999999616136	5.01227365611036e-12	1	1	rs11736377	ENSG00000168421	eqtl_rs11736377_ENSG00000168421_B38.txt	rs11736377_ENSG00000168421_LD.unphased.vcor1	273	1	7	rs11736377	0.714171766299643	rs13105678	0.999999999999995	0.0667847	0.00446019615409
273	rs11736377	rs13138463	1.62161892901248e-18	4.28031817669141e-09	3.78854654709407e-10	0.9999997132183	2.82122528803979e-07	1	6	rs11736377	ENSG00000168421	eqtl_rs11736377_ENSG00000168421_B38.txt	rs11736377_ENSG00000168421_LD.unphased.vcor1	273	1	7	rs11736377	0.714171766299643	rs13105678	0.999999999999995	-0.32763	0.1073414169
273	rs11736377	rs74798061	1.35017066896218e-19	3.56382128538285e-10	3.788547627616e-10	0.999999998989409	2.75355953890703e-10	1	2	rs11736377	ENSG00000168421	eqtl_rs11736377_ENSG00000168421_B38.txt	rs11736377_ENSG00000168421_LD.unphased.vcor1	273	1	7	rs11736377	0.714171766299643	rs13105678	0.999999999999995	-0.113975	0.012990300625
257	rs1040029	rs2138235	3.22169623875459e-114	1.82600322072036e-96	1.7643431305031e-18	1	1.54983850493769e-19	1	1	rs1040029	ENSG00000145012	eqtl_rs1040029_ENSG00000145012_B38.txt	rs1040029_ENSG00000145012_LD.unphased.vcor1	257	2	10	rs1040029	0.999476659942084	rs10937360	1	0.348799	0.121660742401
257	rs9824282	rs2138235	8.31461421763415e-99	1.80193275822585e-96	0.00455344991908273	0.98680066000577	0.00864589007513374	2	1	rs1040029	ENSG00000145012	eqtl_rs1040029_ENSG00000145012_B38.txt	rs1040029_ENSG00000145012_LD.unphased.vcor1	257	2	10	rs1040029	0.999476659942084	rs10937360	1	0.418459	0.175107934681
257	rs1040029	rs2278096	1.74902910813493e-31	9.91320269791376e-14	1.76434212606089e-18	0.999999429558151	5.70441746403473e-07	1	2	rs1040029	ENSG00000145012	eqtl_rs1040029_ENSG00000145012_B38.txt	rs1040029_ENSG00000145012_LD.unphased.vcor1	257	2	10	rs1040029	0.999476659942084	rs10937360	1	-0.304236	0.092559543696
257	rs9824282	rs2278096	4.52717566079711e-16	9.81123827505045e-14	0.00456681177761489	0.989702255131431	0.00573093309085573	2	2	rs1040029	ENSG00000145012	eqtl_rs1040029_ENSG00000145012_B38.txt	rs1040029_ENSG00000145012_LD.unphased.vcor1	257	2	10	rs1040029	0.999476659942084	rs10937360	1	-0.365658	0.133705772964
257	rs1040029	rs6767553	0	0	1.76434313051549e-18	1	1.86826724252401e-19	1	4	rs1040029	ENSG00000145012	eqtl_rs1040029_ENSG00000145012_B38.txt	rs1040029_ENSG00000145012_LD.unphased.vcor1	257	2	10	rs1040029	0.999476659942084	rs10937360	1	-0.338237	0.114404268169
257	rs9824282	rs6767553	0	0	0.00276394053242302	0.598199650550652	0.399036408918736	2	4	rs1040029	ENSG00000145012	eqtl_rs1040029_ENSG00000145012_B38.txt	rs1040029_ENSG00000145012_LD.unphased.vcor1	257	2	10	rs1040029	0.999476659942084	rs10937360	1	-0.63203	0.3994619209
257	rs1040029	rs7635459	0	0	1.76434313048981e-18	1	1.81415884903743e-20	1	5	rs1040029	ENSG00000145012	eqtl_rs1040029_ENSG00000145012_B38.txt	rs1040029_ENSG00000145012_LD.unphased.vcor1	257	2	10	rs1040029	0.999476659942084	rs10937360	1	-0.118975	0.014155050625
257	rs9824282	rs7635459	0	0	0.00459016136916828	0.994772736982962	0.000637101654063828	2	5	rs1040029	ENSG00000145012	eqtl_rs1040029_ENSG00000145012_B38.txt	rs1040029_ENSG00000145012_LD.unphased.vcor1	257	2	10	rs1040029	0.999476659942084	rs10937360	1	-0.41181	0.1695874761
257	rs1040029	rs10937360	0	0	1.76434313050586e-18	1	1.03681433049919e-19	1	6	rs1040029	ENSG00000145012	eqtl_rs1040029_ENSG00000145012_B38.txt	rs1040029_ENSG00000145012_LD.unphased.vcor1	257	2	10	rs1040029	0.999476659942084	rs10937360	1	-0.347185	0.120537424225
257	rs9824282	rs10937360	0	0	0.00451998850001769	0.979534343703158	0.0159456677964668	2	6	rs1040029	ENSG00000145012	eqtl_rs1040029_ENSG00000145012_B38.txt	rs1040029_ENSG00000145012_LD.unphased.vcor1	257	2	10	rs1040029	0.999476659942084	rs10937360	1	-0.424383	0.180100930689
257	rs1040029	rs73196728	2.55906071416383e-77	1.45043255471176e-59	1.7643431305032e-18	1	2.10120851526217e-17	1	7	rs1040029	ENSG00000145012	eqtl_rs1040029_ENSG00000145012_B38.txt	rs1040029_ENSG00000145012_LD.unphased.vcor1	257	2	10	rs1040029	0.999476659942084	rs10937360	1	0.398773	0.159019905529
257	rs9824282	rs73196728	6.65931128492122e-62	1.44319758408912e-59	0.00459125883743336	0.995011057753036	0.000397683409544151	2	7	rs1040029	ENSG00000145012	eqtl_rs1040029_ENSG00000145012_B38.txt	rs1040029_ENSG00000145012_LD.unphased.vcor1	257	2	10	rs1040029	0.999476659942084	rs10937360	1	0.391507	0.153277731049
257	rs1040029	rs1828950	0	0	1.76434313050586e-18	1	1.32015383920138e-19	1	8	rs1040029	ENSG00000145012	eqtl_rs1040029_ENSG00000145012_B38.txt	rs1040029_ENSG00000145012_LD.unphased.vcor1	257	2	10	rs1040029	0.999476659942084	rs10937360	1	0.351995	0.123900480025
257	rs9824282	rs1828950	0	0	0.00453285409720032	0.982328173167945	0.0131389727354782	2	8	rs1040029	ENSG00000145012	eqtl_rs1040029_ENSG00000145012_B38.txt	rs1040029_ENSG00000145012_LD.unphased.vcor1	257	2	10	rs1040029	0.999476659942084	rs10937360	1	0.422067	0.178140552489
257	rs1040029	rs4322991	5.30840214794083e-53	3.00871301968743e-35	1.76434313050312e-18	1	3.1331436143071e-18	1	9	rs1040029	ENSG00000145012	eqtl_rs1040029_ENSG00000145012_B38.txt	rs1040029_ENSG00000145012_LD.unphased.vcor1	257	2	10	rs1040029	0.999476659942084	rs10937360	1	0.354783	0.125870977089
257	rs9824282	rs4322991	1.38090617509494e-37	2.99268253199601e-35	0.00458969056224047	0.994670498867171	0.000739810570586468	2	9	rs1040029	ENSG00000145012	eqtl_rs1040029_ENSG00000145012_B38.txt	rs1040029_ENSG00000145012_LD.unphased.vcor1	257	2	10	rs1040029	0.999476659942084	rs10937360	1	0.422793	0.178753920849
257	rs1040029	rs6790135	0	0	1.76434313050265e-18	1	1.16579863811366e-18	1	10	rs1040029	ENSG00000145012	eqtl_rs1040029_ENSG00000145012_B38.txt	rs1040029_ENSG00000145012_LD.unphased.vcor1	257	2	10	rs1040029	0.999476659942084	rs10937360	1	0.354959	0.125995891681
257	rs9824282	rs6790135	0	0	0.00458689268525928	0.994062925737069	0.00135018157763301	2	10	rs1040029	ENSG00000145012	eqtl_rs1040029_ENSG00000145012_B38.txt	rs1040029_ENSG00000145012_LD.unphased.vcor1	257	2	10	rs1040029	0.999476659942084	rs10937360	1	0.423278	0.179164265284
257	rs1040029	rs2059580	3.22240647360581e-31	1.82640576988382e-13	1.76419962746326e-18	0.99991850189534	8.14981044752399e-05	1	3	rs1040029	ENSG00000145012	eqtl_rs1040029_ENSG00000145012_B38.txt	rs1040029_ENSG00000145012_LD.unphased.vcor1	257	2	10	rs1040029	0.999476659942084	rs10937360	1	-0.371474	0.137992932676
257	rs9824282	rs2059580	8.2227660782573e-16	1.78202754473149e-13	0.00450179112126301	0.975582690919432	0.0199155179591249	2	3	rs1040029	ENSG00000145012	eqtl_rs1040029_ENSG00000145012_B38.txt	rs1040029_ENSG00000145012_LD.unphased.vcor1	257	2	10	rs1040029	0.999476659942084	rs10937360	1	-0.407254	0.165855820516
418	rs2719231	rs7834615	0	0	4.39619368710925e-06	0.999995467670754	1.36149650062031e-07	1	1	rs2719231	ENSG00000254087	eqtl_rs2719231_ENSG00000254087_B38.txt	rs2719231_ENSG00000254087_LD.unphased.vcor1	418	1	9	rs2719231	0.185975876151808	rs10441586	1	-0.0962952	0.00927276554304
418	rs2719231	rs1823504	9.48090308419955e-23	2.15660655357134e-17	4.39619229258586e-06	0.999995149844205	4.53963502664114e-07	1	2	rs2719231	ENSG00000254087	eqtl_rs2719231_ENSG00000254087_B38.txt	rs2719231_ENSG00000254087_LD.unphased.vcor1	418	1	9	rs2719231	0.185975876151808	rs10441586	1	0.232117	0.053878301689
418	rs2719231	rs13265995	6.41716985379291e-27	1.45970383192021e-21	4.39619413553093e-06	0.999995569896221	3.39096422023425e-08	1	3	rs2719231	ENSG00000254087	eqtl_rs2719231_ENSG00000254087_B38.txt	rs2719231_ENSG00000254087_LD.unphased.vcor1	418	1	9	rs2719231	0.185975876151808	rs10441586	1	-0.0855904	0.00732571657216
418	rs2719231	rs10441586	0	0	4.39619412785851e-06	0.999995568147413	3.56585470366784e-08	1	5	rs2719231	ENSG00000254087	eqtl_rs2719231_ENSG00000254087_B38.txt	rs2719231_ENSG00000254087_LD.unphased.vcor1	418	1	9	rs2719231	0.185975876151808	rs10441586	1	-0.185326	0.034345726276
418	rs2719231	rs7005901	0	0	4.39619411954001e-06	0.99999556625158	3.75543717848107e-08	1	6	rs2719231	ENSG00000254087	eqtl_rs2719231_ENSG00000254087_B38.txt	rs2719231_ENSG00000254087_LD.unphased.vcor1	418	1	9	rs2719231	0.185975876151808	rs10441586	1	0.189841	0.036039605281
418	rs2719231	rs7816785	0	0	4.39619413619999e-06	0.999995570028467	3.37750428940612e-08	1	7	rs2719231	ENSG00000254087	eqtl_rs2719231_ENSG00000254087_B38.txt	rs2719231_ENSG00000254087_LD.unphased.vcor1	418	1	9	rs2719231	0.185975876151808	rs10441586	1	-0.125058	0.015639503364
418	rs2719231	rs28396906	0	0	4.39618839513479e-06	0.999994261541454	1.34226413209222e-06	1	8	rs2719231	ENSG00000254087	eqtl_rs2719231_ENSG00000254087_B38.txt	rs2719231_ENSG00000254087_LD.unphased.vcor1	418	1	9	rs2719231	0.185975876151808	rs10441586	1	-0.346871	0.120319490641
418	rs2719231	rs13274397	5.0343628848396e-19	1.14515884131285e-13	4.39619397026445e-06	0.999995532227968	7.15779502020022e-08	1	4	rs2719231	ENSG00000254087	eqtl_rs2719231_ENSG00000254087_B38.txt	rs2719231_ENSG00000254087_LD.unphased.vcor1	418	1	9	rs2719231	0.185975876151808	rs10441586	1	0.072012	0.005185728144
418	rs2719231	rs58096764	3.29820493143073e-07	0.0750237641601772	4.05134754843446e-06	0.92154699342457	0.00342486124721132	1	9	rs2719231	ENSG00000254087	eqtl_rs2719231_ENSG00000254087_B38.txt	rs2719231_ENSG00000254087_LD.unphased.vcor1	418	1	9	rs2719231	0.185975876151808	rs10441586	1	-0.208228	0.043358899984
333	rs9782955	rs7355182	0	0	7.37710845756523e-06	0.999992459109546	1.63692525970074e-07	1	1	rs9782955	ENSG00000143669	eqtl_rs9782955_ENSG00000143669_B38.txt	rs9782955_ENSG00000143669_LD.unphased.vcor1	333	2	8	rs9782955	0.13435531807374	rs35552065	1	0.142728	0.020371281984
333	rs16832997	rs7355182	0	0	0.0267330612806314	0.104531071678988	0.868735867029433	2	1	rs9782955	ENSG00000143669	eqtl_rs9782955_ENSG00000143669_B38.txt	rs9782955_ENSG00000143669_LD.unphased.vcor1	333	2	8	rs9782955	0.13435531807374	rs35552065	1	0.806864	0.651029514496
333	rs9782955	rs6429238	2.20342716060349e-55	2.986821405544e-50	7.37710356925596e-06	0.999991795011293	8.27885131352875e-07	1	2	rs9782955	ENSG00000143669	eqtl_rs9782955_ENSG00000143669_B38.txt	rs9782955_ENSG00000143669_LD.unphased.vcor1	333	2	8	rs9782955	0.13435531807374	rs35552065	1	-0.422735	0.178704880225
333	rs16832997	rs6429238	5.98499046122882e-51	2.3791372483212e-50	0.200378280176057	0.796532149884498	0.00308956993944942	2	2	rs9782955	ENSG00000143669	eqtl_rs9782955_ENSG00000143669_B38.txt	rs9782955_ENSG00000143669_LD.unphased.vcor1	333	2	8	rs9782955	0.13435531807374	rs35552065	1	-0.211265	0.044632900225
333	rs9782955	rs17714636	2.53138541556931e-13	3.43138011552584e-08	7.3771068750629e-06	0.999992244091604	3.44487466255588e-07	1	6	rs9782955	ENSG00000143669	eqtl_rs9782955_ENSG00000143669_B38.txt	rs9782955_ENSG00000143669_LD.unphased.vcor1	333	2	8	rs9782955	0.13435531807374	rs35552065	1	0.115269	0.013286942361
333	rs16832997	rs17714636	6.88030747060911e-09	2.73504124848144e-08	0.200509820558328	0.797056357224331	0.00243378798661984	2	6	rs9782955	ENSG00000143669	eqtl_rs9782955_ENSG00000143669_B38.txt	rs9782955_ENSG00000143669_LD.unphased.vcor1	333	2	8	rs9782955	0.13435531807374	rs35552065	1	-0.210382	0.044260585924
333	rs9782955	rs6429243	1.29756588872734e-14	1.75889525229102e-09	7.37710204119056e-06	0.999991587465182	1.03367386919891e-06	1	7	rs9782955	ENSG00000143669	eqtl_rs9782955_ENSG00000143669_B38.txt	rs9782955_ENSG00000143669_LD.unphased.vcor1	333	2	8	rs9782955	0.13435531807374	rs35552065	1	-0.274255	0.075215805025
333	rs16832997	rs6429243	3.5003624680803e-10	1.39145463712661e-09	0.199007474938393	0.791069294598707	0.00992322872140751	2	7	rs9782955	ENSG00000143669	eqtl_rs9782955_ENSG00000143669_B38.txt	rs9782955_ENSG00000143669_LD.unphased.vcor1	333	2	8	rs9782955	0.13435531807374	rs35552065	1	-0.270564	0.073204878096
333	rs9782955	rs35552065	0	0	7.37710843180098e-06	0.999992455617113	1.67265428270792e-07	1	8	rs9782955	ENSG00000143669	eqtl_rs9782955_ENSG00000143669_B38.txt	rs9782955_ENSG00000143669_LD.unphased.vcor1	333	2	8	rs9782955	0.13435531807374	rs35552065	1	0.142728	0.020371281984
333	rs16832997	rs35552065	0	0	0.0254075450476377	0.0992486995518509	0.875343755315267	2	8	rs9782955	ENSG00000143669	eqtl_rs9782955_ENSG00000143669_B38.txt	rs9782955_ENSG00000143669_LD.unphased.vcor1	333	2	8	rs9782955	0.13435531807374	rs35552065	1	0.806864	0.651029514496
333	rs9782955	rs7519505	1.34242166244903e-22	1.8196987984711e-17	7.37710760970417e-06	0.999992343805565	2.79086827074882e-07	1	4	rs9782955	ENSG00000143669	eqtl_rs9782955_ENSG00000143669_B38.txt	rs9782955_ENSG00000143669_LD.unphased.vcor1	333	2	8	rs9782955	0.13435531807374	rs35552065	1	-0.11607	0.0134722449
333	rs16832997	rs7519505	3.64419637343967e-18	1.44863110282506e-17	0.200262179535403	0.796069472195895	0.00366834826870318	2	4	rs9782955	ENSG00000143669	eqtl_rs9782955_ENSG00000143669_B38.txt	rs9782955_ENSG00000143669_LD.unphased.vcor1	333	2	8	rs9782955	0.13435531807374	rs35552065	1	-0.0108759	0.00011828520081
333	rs9782955	rs6677987	3.64531014904144e-24	4.94134345699078e-19	2.30755456998544e-07	0.0293383741624948	0.970661395082046	1	5	rs9782955	ENSG00000143669	eqtl_rs9782955_ENSG00000143669_B38.txt	rs9782955_ENSG00000143669_LD.unphased.vcor1	333	2	8	rs9782955	0.13435531807374	rs35552065	1	1	1
333	rs16832997	rs6677987	3.16732976094938e-18	1.25906837459583e-17	0.200498338020745	0.797010597598177	0.00249106438107939	2	5	rs9782955	ENSG00000143669	eqtl_rs9782955_ENSG00000143669_B38.txt	rs9782955_ENSG00000143669_LD.unphased.vcor1	333	2	8	rs9782955	0.13435531807374	rs35552065	1	-0.0140867	0.00019843511689
333	rs9782955	rs6429432	4.88279415221229e-50	6.61879564409942e-45	7.37710866252052e-06	0.99999248680446	1.36086873976561e-07	1	3	rs9782955	ENSG00000143669	eqtl_rs9782955_ENSG00000143669_B38.txt	rs9782955_ENSG00000143669_LD.unphased.vcor1	333	2	8	rs9782955	0.13435531807374	rs35552065	1	0.377711	0.142665599521
333	rs16832997	rs6429432	1.3247548497623e-45	5.26612970961448e-45	0.200148934672367	0.795618175190303	0.00423289013732544	2	3	rs9782955	ENSG00000143669	eqtl_rs9782955_ENSG00000143669_B38.txt	rs9782955_ENSG00000143669_LD.unphased.vcor1	333	2	8	rs9782955	0.13435531807374	rs35552065	1	-0.196058	0.038438739364
507	rs57319220	rs6441931	0	0	0.000211388774140233	0.999740461140565	4.81500838824873e-05	1	1	rs57319220	ENSG00000163818	eqtl_rs57319220_ENSG00000163818_B38.txt	rs57319220_ENSG00000163818_LD.unphased.vcor1	507	1	9	rs57319220	0.8302657960729	rs12639224	1	-0.446043	0.198954357849
507	rs57319220	rs2191031	0	0	0.000211398495689231	0.999786530320812	2.07118325030223e-06	1	2	rs57319220	ENSG00000163818	eqtl_rs57319220_ENSG00000163818_B38.txt	rs57319220_ENSG00000163818_LD.unphased.vcor1	507	1	9	rs57319220	0.8302657960729	rs12639224	1	-0.143242	0.020518270564
507	rs57319220	rs57319220	0	0	5.09131191452921e-07	0.00040869983556243	0.999590791036843	1	3	rs57319220	ENSG00000163818	eqtl_rs57319220_ENSG00000163818_B38.txt	rs57319220_ENSG00000163818_LD.unphased.vcor1	507	1	9	rs57319220	0.8302657960729	rs12639224	1	1	1
507	rs57319220	rs7653372	0	0	0.000211398435801707	0.999786246521785	2.35504257693942e-06	1	4	rs57319220	ENSG00000163818	eqtl_rs57319220_ENSG00000163818_B38.txt	rs57319220_ENSG00000163818_LD.unphased.vcor1	507	1	9	rs57319220	0.8302657960729	rs12639224	1	0.0475865	0.00226447498225
507	rs57319220	rs58035200	9.03628791718686e-255	4.27361554853038e-251	0.000211398573210027	0.999786897681826	1.70374491535029e-06	1	5	rs57319220	ENSG00000163818	eqtl_rs57319220_ENSG00000163818_B38.txt	rs57319220_ENSG00000163818_LD.unphased.vcor1	507	1	9	rs57319220	0.8302657960729	rs12639224	1	0.143062	0.020466735844
507	rs57319220	rs3774641	0	0	0.000211398463835595	0.999786379367839	2.22216819304823e-06	1	6	rs57319220	ENSG00000163818	eqtl_rs57319220_ENSG00000163818_B38.txt	rs57319220_ENSG00000163818_LD.unphased.vcor1	507	1	9	rs57319220	0.8302657960729	rs12639224	1	-0.147004	0.021610176016
507	rs57319220	rs1985356	0	0	0.000211398492610094	0.999786515726539	2.08578034937322e-06	1	8	rs57319220	ENSG00000163818	eqtl_rs57319220_ENSG00000163818_B38.txt	rs57319220_ENSG00000163818_LD.unphased.vcor1	507	1	9	rs57319220	0.8302657960729	rs12639224	1	-0.134725	0.018150825625
507	rs57319220	rs6789616	9.01631292823452e-244	4.26416859153313e-240	0.000211398299211279	0.999785599236694	3.00246405417676e-06	1	9	rs57319220	ENSG00000163818	eqtl_rs57319220_ENSG00000163818_B38.txt	rs57319220_ENSG00000163818_LD.unphased.vcor1	507	1	9	rs57319220	0.8302657960729	rs12639224	1	0.243826	0.059451118276
507	rs57319220	rs12639224	0	0	0.000211390788204623	0.999750005533265	3.86036786228175e-05	1	10	rs57319220	ENSG00000163818	eqtl_rs57319220_ENSG00000163818_B38.txt	rs57319220_ENSG00000163818_LD.unphased.vcor1	507	1	9	rs57319220	0.8302657960729	rs12639224	1	0.486143	0.236335016449
337	rs17767904	rs30413	9.0839218056335e-167	3.27492073658275e-161	2.77377596145295e-06	0.999997204816835	2.14072071230675e-08	1	1	rs3813582	ENSG00000178573	eqtl_rs3813582_ENSG00000178573_B38.txt	rs3813582_ENSG00000178573_LD.unphased.vcor1	337	2	10	rs9941283	0.718265460015593	rs30413	1	-0.0160546	0.00025775018116
337	rs9941283	rs30413	1.51013192039575e-164	3.2734051906333e-161	0.000461118854724044	0.999534423916413	4.45722886879464e-06	2	1	rs3813582	ENSG00000178573	eqtl_rs3813582_ENSG00000178573_B38.txt	rs3813582_ENSG00000178573_LD.unphased.vcor1	337	2	10	rs9941283	0.718265460015593	rs30413	1	-0.11378	0.0129458884
337	rs17767904	rs58622029	8.08504083704731e-22	2.91480579202514e-16	2.77377542454037e-06	0.999997010862044	2.15362529696442e-07	1	2	rs3813582	ENSG00000178573	eqtl_rs3813582_ENSG00000178573_B38.txt	rs3813582_ENSG00000178573_LD.unphased.vcor1	337	2	10	rs9941283	0.718265460015593	rs30413	1	-0.0274568	0.00075387586624
337	rs9941283	rs58622029	1.34394324741091e-19	2.91316986454965e-16	0.000461073336149871	0.999435558730274	0.000103367933575032	2	2	rs3813582	ENSG00000178573	eqtl_rs3813582_ENSG00000178573_B38.txt	rs3813582_ENSG00000178573_LD.unphased.vcor1	337	2	10	rs9941283	0.718265460015593	rs30413	1	-0.0414821	0.00172076462041
337	rs17767904	rs7189642	1.43077478869881e-15	5.15820603165427e-10	2.77377584079806e-06	0.999997161232372	6.44759617146622e-08	1	5	rs3813582	ENSG00000178573	eqtl_rs3813582_ENSG00000178573_B38.txt	rs3813582_ENSG00000178573_LD.unphased.vcor1	337	2	10	rs9941283	0.718265460015593	rs30413	1	0.00129029	1.6648482841e-06
337	rs9941283	rs7189642	2.3785164673324e-13	5.15574039924421e-10	0.000461111809219599	0.999519121260867	1.97664141032057e-05	2	5	rs3813582	ENSG00000178573	eqtl_rs3813582_ENSG00000178573_B38.txt	rs3813582_ENSG00000178573_LD.unphased.vcor1	337	2	10	rs9941283	0.718265460015593	rs30413	1	0.0517427	0.00267730700329
337	rs17767904	rs441333	2.6967112481048e-69	9.72213959560633e-64	2.77377596227875e-06	0.999997205115119	2.11089196992495e-08	1	6	rs3813582	ENSG00000178573	eqtl_rs3813582_ENSG00000178573_B38.txt	rs3813582_ENSG00000178573_LD.unphased.vcor1	337	2	10	rs9941283	0.718265460015593	rs30413	1	0.037292	0.001390693264
337	rs9941283	rs441333	4.48307342961884e-67	9.71763833100014e-64	0.000461118754369656	0.999534205949216	4.67529640716191e-06	2	6	rs3813582	ENSG00000178573	eqtl_rs3813582_ENSG00000178573_B38.txt	rs3813582_ENSG00000178573_LD.unphased.vcor1	337	2	10	rs9941283	0.718265460015593	rs30413	1	0.0843457	0.00711419710849
337	rs17767904	rs75042996	1.23135239960646e-07	0.0443925167322685	2.65040737438343e-06	0.955520393574325	8.43161507911668e-05	1	7	rs3813582	ENSG00000178573	eqtl_rs3813582_ENSG00000178573_B38.txt	rs3813582_ENSG00000178573_LD.unphased.vcor1	337	2	10	rs9941283	0.718265460015593	rs30413	1	0.0916525	0.00840018075625
337	rs9941283	rs75042996	2.03822096143856e-05	0.0441810611690273	0.000438714040639071	0.950960317246991	0.00439952533372804	2	7	rs3813582	ENSG00000178573	eqtl_rs3813582_ENSG00000178573_B38.txt	rs3813582_ENSG00000178573_LD.unphased.vcor1	337	2	10	rs9941283	0.718265460015593	rs30413	1	0.111637	0.012462819769
337	rs17767904	rs30406	4.20139203234605e-31	1.51467903221166e-25	2.77377592914273e-06	0.999997193145037	3.30790374754043e-08	1	8	rs3813582	ENSG00000178573	eqtl_rs3813582_ENSG00000178573_B38.txt	rs3813582_ENSG00000178573_LD.unphased.vcor1	337	2	10	rs9941283	0.718265460015593	rs30413	1	0.00807297	6.51728446209e-05
337	rs9941283	rs30406	6.9844943713479e-29	1.51397899881008e-25	0.000461119129453377	0.999535020621551	3.86024899811665e-06	2	8	rs3813582	ENSG00000178573	eqtl_rs3813582_ENSG00000178573_B38.txt	rs3813582_ENSG00000178573_LD.unphased.vcor1	337	2	10	rs9941283	0.718265460015593	rs30413	1	0.124128	0.015407760384
337	rs17767904	rs28496336	1.20119607539098e-10	4.33053258292038e-05	2.77365511603835e-06	0.999953637299806	2.83599130341275e-07	1	4	rs3813582	ENSG00000178573	eqtl_rs3813582_ENSG00000178573_B38.txt	rs3813582_ENSG00000178573_LD.unphased.vcor1	337	2	10	rs9941283	0.718265460015593	rs30413	1	0.0449613	0.00202151849769
337	rs9941283	rs28496336	1.99620533468934e-08	4.32703184131721e-05	0.000460939329777775	0.999144587050272	0.00035118333948403	2	4	rs3813582	ENSG00000178573	eqtl_rs3813582_ENSG00000178573_B38.txt	rs3813582_ENSG00000178573_LD.unphased.vcor1	337	2	10	rs9941283	0.718265460015593	rs30413	1	0.118361	0.014009326321
337	rs17767904	rs77329884	3.87272772291191e-07	0.139618950914322	2.38570659954689e-06	0.860090493185204	0.000287782921101822	1	9	rs3813582	ENSG00000178573	eqtl_rs3813582_ENSG00000178573_B38.txt	rs3813582_ENSG00000178573_LD.unphased.vcor1	337	2	10	rs9941283	0.718265460015593	rs30413	1	-0.00428521	1.83630247441e-05
337	rs9941283	rs77329884	6.41449235892002e-05	0.139042373049526	0.000395150339717458	0.856531256659613	0.00396707502755409	2	9	rs3813582	ENSG00000178573	eqtl_rs3813582_ENSG00000178573_B38.txt	rs3813582_ENSG00000178573_LD.unphased.vcor1	337	2	10	rs9941283	0.718265460015593	rs30413	1	0.00888515	7.89458905225e-05
337	rs17767904	rs821226	1.2597535864658e-06	0.45416431708414	1.51092766568627e-06	0.544714952284407	0.00111795995020118	1	10	rs3813582	ENSG00000178573	eqtl_rs3813582_ENSG00000178573_B38.txt	rs3813582_ENSG00000178573_LD.unphased.vcor1	337	2	10	rs9941283	0.718265460015593	rs30413	1	-0.0584265	0.00341365590225
337	rs9941283	rs821226	0.000209130265847729	0.453316752330532	0.000250827390210598	0.543695577598809	0.00252771241460079	2	10	rs3813582	ENSG00000178573	eqtl_rs3813582_ENSG00000178573_B38.txt	rs3813582_ENSG00000178573_LD.unphased.vcor1	337	2	10	rs9941283	0.718265460015593	rs30413	1	-0.166427	0.027697946329
337	rs17767904	rs10871378	2.49671402810117e-09	0.000900111286611324	2.7712709824498e-06	0.999094107883499	3.00706219149346e-06	1	3	rs3813582	ENSG00000178573	eqtl_rs3813582_ENSG00000178573_B38.txt	rs3813582_ENSG00000178573_LD.unphased.vcor1	337	2	10	rs9941283	0.718265460015593	rs30413	1	0.091876	0.008441199376
337	rs9941283	rs10871378	4.15035538504637e-07	0.000899642917078608	0.00046067588502239	0.998574108706997	6.51574553639154e-05	2	3	rs3813582	ENSG00000178573	eqtl_rs3813582_ENSG00000178573_B38.txt	rs3813582_ENSG00000178573_LD.unphased.vcor1	337	2	10	rs9941283	0.718265460015593	rs30413	1	-0.0336873	0.00113483418129
638	rs7626070	rs79495444	0	0	3.54408024050622e-06	0.999991069710262	5.38620952875475e-06	1	1	rs7626070	ENSG00000152601	eqtl_rs7626070_ENSG00000152601_B38.txt	rs7626070_ENSG00000152601_LD.unphased.vcor1	638	1	10	rs7626070	0.133521402443796	rs112271071	1	-0.518758	0.269109862564
638	rs7626070	rs7637857	1.73814143326257e-204	4.90430749850004e-199	3.54409888741196e-06	0.99999634163042	1.14270719715112e-07	1	2	rs7626070	ENSG00000152601	eqtl_rs7626070_ENSG00000152601_B38.txt	rs7626070_ENSG00000152601_LD.unphased.vcor1	638	1	10	rs7626070	0.133521402443796	rs112271071	1	-0.343463	0.117966832369
638	rs7626070	rs13089233	0	0	3.54409918756549e-06	0.999996426521666	2.93666338557074e-08	1	3	rs7626070	ENSG00000152601	eqtl_rs7626070_ENSG00000152601_B38.txt	rs7626070_ENSG00000152601_LD.unphased.vcor1	638	1	10	rs7626070	0.133521402443796	rs112271071	1	-0.206085	0.042471027225
638	rs7626070	rs17371539	0	0	3.54409912277596e-06	0.999996408173245	4.77276221972365e-08	1	4	rs7626070	ENSG00000152601	eqtl_rs7626070_ENSG00000152601_B38.txt	rs7626070_ENSG00000152601_LD.unphased.vcor1	638	1	10	rs7626070	0.133521402443796	rs112271071	1	-0.0565515	0.00319807215225
638	rs7626070	rs6772552	0	0	3.54409878490595e-06	0.999996312649705	1.43249992225492e-07	1	5	rs7626070	ENSG00000152601	eqtl_rs7626070_ENSG00000152601_B38.txt	rs7626070_ENSG00000152601_LD.unphased.vcor1	638	1	10	rs7626070	0.133521402443796	rs112271071	1	-0.188013	0.035348888169
638	rs7626070	rs34447755	0	0	3.5440991869466e-06	0.999996426172421	2.97851052016354e-08	1	6	rs7626070	ENSG00000152601	eqtl_rs7626070_ENSG00000152601_B38.txt	rs7626070_ENSG00000152601_LD.unphased.vcor1	638	1	10	rs7626070	0.133521402443796	rs112271071	1	-0.20786	0.0432057796
638	rs7626070	rs13085647	0	0	3.54409827708825e-06	0.999996169099239	2.86808056891918e-07	1	7	rs7626070	ENSG00000152601	eqtl_rs7626070_ENSG00000152601_B38.txt	rs7626070_ENSG00000152601_LD.unphased.vcor1	638	1	10	rs7626070	0.133521402443796	rs112271071	1	-0.0535762	0.00287040920644
638	rs7626070	rs77201553	0	0	3.54316639749371e-06	0.999732704735853	0.000263752097764869	1	8	rs7626070	ENSG00000152601	eqtl_rs7626070_ENSG00000152601_B38.txt	rs7626070_ENSG00000152601_LD.unphased.vcor1	638	1	10	rs7626070	0.133521402443796	rs112271071	1	0.518511	0.268853657121
638	rs7626070	rs112271071	0	0	3.05650191840592e-06	0.862141177609246	0.13785576588911	1	9	rs7626070	ENSG00000152601	eqtl_rs7626070_ENSG00000152601_B38.txt	rs7626070_ENSG00000152601_LD.unphased.vcor1	638	1	10	rs7626070	0.133521402443796	rs112271071	1	-0.855056	0.731120763136
638	rs7626070	rs892669	0	0	3.54409858658035e-06	0.999996256577746	1.99323249738432e-07	1	10	rs7626070	ENSG00000152601	eqtl_rs7626070_ENSG00000152601_B38.txt	rs7626070_ENSG00000152601_LD.unphased.vcor1	638	1	10	rs7626070	0.133521402443796	rs112271071	1	-0.220835	0.048768097225
134	rs7626070	rs28827588	2.56178034643097e-05	0.863877050673976	3.98524500541145e-06	0.13438600345023	0.00170734282732457	1	1	rs7626070	ENSG00000169860	eqtl_rs7626070_ENSG00000169860_B38.txt	rs7626070_ENSG00000169860_LD.unphased.vcor1	134	1	1	rs74590261	0.340127745197449	rs28827588	0.588875458830198	-0.00976477	9.53507331529e-05
162	rs28810515	rs11710513	3.37519556423086e-92	3.03784643438857e-12	1.11104877653235e-80	0.99999999999693	2.80905006086587e-14	2	1	rs77429014	ENSG00000144893	eqtl_rs77429014_ENSG00000144893_B38.txt	rs77429014_ENSG00000144893_LD.unphased.vcor1	162	5	2	rs28810515	1	rs11710513	0.999950754872425	-0.0563992	0.00318086976064
162	rs6440731	rs11710513	1.73915042943749e-140	3.0378464343884e-12	5.72494517742861e-129	0.99999999999693	6.38484160605189e-15	5	1	rs77429014	ENSG00000144893	eqtl_rs77429014_ENSG00000144893_B38.txt	rs77429014_ENSG00000144893_LD.unphased.vcor1	162	5	2	rs28810515	1	rs11710513	0.999950754872425	-0.0346808	0.00120275788864
162	rs7615865	rs11710513	4.9084174226362e-155	3.0378464343884e-12	1.61575561129674e-143	0.99999999999693	1.19998750430127e-14	4	1	rs77429014	ENSG00000144893	eqtl_rs77429014_ENSG00000144893_B38.txt	rs77429014_ENSG00000144893_LD.unphased.vcor1	162	5	2	rs28810515	1	rs11710513	0.999950754872425	0.0202864	0.00041153802496
162	rs1873619	rs11710513	2.89013229580013e-16	3.03755216014975e-12	9.51375376673053e-05	0.999903127166713	1.73529257944482e-06	6	1	rs77429014	ENSG00000144893	eqtl_rs77429014_ENSG00000144893_B38.txt	rs77429014_ENSG00000144893_LD.unphased.vcor1	162	5	2	rs28810515	1	rs11710513	0.999950754872425	0.0935712	0.00875556946944
162	rs6802229	rs11710513	2.44868793187558e-12	5.4507866664144e-13	0.806060472362542	0.179400223831602	0.0145393038028638	1	1	rs77429014	ENSG00000144893	eqtl_rs77429014_ENSG00000144893_B38.txt	rs77429014_ENSG00000144893_LD.unphased.vcor1	162	5	2	rs28810515	1	rs11710513	0.999950754872425	0.033225	0.001103900625
162	rs28810515	rs58792455	3.75043440037235e-83	0.00337558033416522	1.10729100394075e-80	0.996617801684171	6.6179816713077e-06	2	2	rs77429014	ENSG00000144893	eqtl_rs77429014_ENSG00000144893_B38.txt	rs77429014_ENSG00000144893_LD.unphased.vcor1	162	5	2	rs28810515	1	rs11710513	0.999950754872425	0.171967	0.029572649089
162	rs6440731	rs58792455	1.82344348508191e-131	0.0031850846227583	5.38359654291024e-129	0.940262107778812	0.0565528075984407	5	2	rs77429014	ENSG00000144893	eqtl_rs77429014_ENSG00000144893_B38.txt	rs77429014_ENSG00000144893_LD.unphased.vcor1	162	5	2	rs28810515	1	rs11710513	0.999950754872425	0.774497	0.599845603009
162	rs7615865	rs58792455	5.39913886782738e-146	0.00334155662531004	1.59406011655042e-143	0.986552327203912	0.0101061161707559	4	2	rs77429014	ENSG00000144893	eqtl_rs77429014_ENSG00000144893_B38.txt	rs77429014_ENSG00000144893_LD.unphased.vcor1	162	5	2	rs28810515	1	rs11710513	0.999950754872425	0.484834	0.235064007556
162	rs1873619	rs58792455	6.36411363807284e-08	0.000668873433816801	1.87896254865704e-05	0.195873589419439	0.80343868388012	6	2	rs77429014	ENSG00000144893	eqtl_rs77429014_ENSG00000144893_B38.txt	rs77429014_ENSG00000144893_LD.unphased.vcor1	162	5	2	rs28810515	1	rs11710513	0.999950754872425	-0.988363	0.976861419769
162	rs6802229	rs58792455	0.00272703619032321	0.000607039072294434	0.805139436825225	0.179199625928927	0.0123268619832297	1	2	rs77429014	ENSG00000144893	eqtl_rs77429014_ENSG00000144893_B38.txt	rs77429014_ENSG00000144893_LD.unphased.vcor1	162	5	2	rs28810515	1	rs11710513	0.999950754872425	-0.0376576	0.00141809483776
402	rs4954125	rs6430505	2.69336963143363e-64	8.56862041446873e-62	0.00313284397657156	0.996674952676809	0.000192203346626689	1	1	rs4954125	ENSG00000152127	eqtl_rs4954125_ENSG00000152127_B38.txt	rs4954125_ENSG00000152127_LD.unphased.vcor1	402	1	10	rs4954125	0.621268245380971	rs17714981	1	0.195322	0.038150683684
402	rs4954125	rs4954128	0	0	0.00313258613270429	0.996592757953959	0.000274655913392842	1	3	rs4954125	ENSG00000152127	eqtl_rs4954125_ENSG00000152127_B38.txt	rs4954125_ENSG00000152127_LD.unphased.vcor1	402	1	10	rs4954125	0.621268245380971	rs17714981	1	0.350619	0.122933683161
402	rs4954125	rs60668151	4.6868512424462e-26	1.4910634161352e-23	0.00313318729999323	0.996784396326267	8.24163737390087e-05	1	6	rs4954125	ENSG00000152127	eqtl_rs4954125_ENSG00000152127_B38.txt	rs4954125_ENSG00000152127_LD.unphased.vcor1	402	1	10	rs4954125	0.621268245380971	rs17714981	1	-0.0798982	0.00638372236324
402	rs4954125	rs17714981	0	0	0.00311596070546255	0.991292952241865	0.00559108705289784	1	8	rs4954125	ENSG00000152127	eqtl_rs4954125_ENSG00000152127_B38.txt	rs4954125_ENSG00000152127_LD.unphased.vcor1	402	1	10	rs4954125	0.621268245380971	rs17714981	1	0.615208	0.378480883264
402	rs4954125	rs73958348	0	0	0.00313334803412365	0.996835634688466	3.10172774085997e-05	1	9	rs4954125	ENSG00000152127	eqtl_rs4954125_ENSG00000152127_B38.txt	rs4954125_ENSG00000152127_LD.unphased.vcor1	402	1	10	rs4954125	0.621268245380971	rs17714981	1	0.237918	0.056604974724
402	rs4954125	rs1257169	1.16719091297679e-30	3.7132726855585e-28	0.00313324956912794	0.996804246301306	6.2504129561896e-05	1	5	rs4954125	ENSG00000152127	eqtl_rs4954125_ENSG00000152127_B38.txt	rs4954125_ENSG00000152127_LD.unphased.vcor1	402	1	10	rs4954125	0.621268245380971	rs17714981	1	-0.0127712	0.00016310354944
402	rs4954125	rs62165675	2.9154692653193e-49	9.27520276942973e-47	0.00313329385034513	0.996818362139948	4.83440097070688e-05	1	4	rs4954125	ENSG00000152127	eqtl_rs4954125_ENSG00000152127_B38.txt	rs4954125_ENSG00000152127_LD.unphased.vcor1	402	1	10	rs4954125	0.621268245380971	rs17714981	1	0.0898863	0.00807954692769
402	rs4954125	rs1257184	7.36213689149812e-38	2.34217226356065e-35	0.00313335719974432	0.996838556478564	2.80863216946317e-05	1	10	rs4954125	ENSG00000152127	eqtl_rs4954125_ENSG00000152127_B38.txt	rs4954125_ENSG00000152127_LD.unphased.vcor1	402	1	10	rs4954125	0.621268245380971	rs17714981	1	0.0957661	0.00917114590921
402	rs4954125	rs6735000	2.10239618716172e-09	6.68851192141279e-07	0.00313326636374899	0.996809601386726	5.64612959364778e-05	1	7	rs4954125	ENSG00000152127	eqtl_rs4954125_ENSG00000152127_B38.txt	rs4954125_ENSG00000152127_LD.unphased.vcor1	402	1	10	rs4954125	0.621268245380971	rs17714981	1	-0.0383248	0.00146879029504
402	rs4954125	rs57223057	4.60746990900873e-10	1.46580923244345e-07	0.00313335622888559	0.996838247285682	2.82494437634086e-05	1	2	rs4954125	ENSG00000152127	eqtl_rs4954125_ENSG00000152127_B38.txt	rs4954125_ENSG00000152127_LD.unphased.vcor1	402	1	10	rs4954125	0.621268245380971	rs17714981	1	0.0364148	0.00132603765904
225	rs2431697	rs3811999	3.96055153361641e-71	2.19136745943647e-13	1.80734249591993e-58	0.999999999999773	2.27923185670708e-15	1	1	rs2431697	ENSG00000164611	eqtl_rs2431697_ENSG00000164611_B38.txt	rs2431697_ENSG00000164611_LD.unphased.vcor1	225	4	2	rs2431697	0.999998518748114	rs3811999	0.679341849576155	-0.00389637	1.51816991769e-05
225	rs3926946	rs3811999	5.73061252068446e-14	1.59521555256113e-13	0.261508515881538	0.727933269171423	0.0105582149468211	2	1	rs2431697	ENSG00000164611	eqtl_rs2431697_ENSG00000164611_B38.txt	rs2431697_ENSG00000164611_LD.unphased.vcor1	225	4	2	rs2431697	0.999998518748114	rs3811999	0.679341849576155	0.169569	0.028753645761
225	rs4921289	rs3811999	2.44090510083253e-16	2.18889330164341e-13	0.00111387302495572	0.99887092216254	1.52048122834834e-05	3	1	rs2431697	ENSG00000164611	eqtl_rs2431697_ENSG00000164611_B38.txt	rs2431697_ENSG00000164611_LD.unphased.vcor1	225	4	2	rs2431697	0.999998518748114	rs3811999	0.679341849576155	-0.019278	0.000371641284
225	rs4921294	rs3811999	6.18605818689724e-14	1.50253747581749e-13	0.282292144124781	0.685597816814388	0.032110039060619	4	1	rs2431697	ENSG00000164611	eqtl_rs2431697_ENSG00000164611_B38.txt	rs2431697_ENSG00000164611_LD.unphased.vcor1	225	4	2	rs2431697	0.999998518748114	rs3811999	0.679341849576155	-0.280155	0.078486824025
225	rs2431697	rs1862391	2.17766193044364e-60	0.0120489720977583	1.25554757984878e-58	0.694104975545649	0.293846052356598	1	2	rs2431697	ENSG00000164611	eqtl_rs2431697_ENSG00000164611_B38.txt	rs2431697_ENSG00000164611_LD.unphased.vcor1	225	4	2	rs2431697	0.999998518748114	rs3811999	0.679341849576155	0.456756	0.208626043536
225	rs3926946	rs1862391	0.00443815031290703	0.0123543624319372	0.255884938174965	0.712270075127947	0.0150524739522434	2	2	rs2431697	ENSG00000164611	eqtl_rs2431697_ENSG00000164611_B38.txt	rs2431697_ENSG00000164611_LD.unphased.vcor1	225	4	2	rs2431697	0.999998518748114	rs3811999	0.679341849576155	-0.0508746	0.00258822492516
225	rs4921289	rs1862391	1.89869224856804e-05	0.0170266133794196	0.00109470548400576	0.981682013360959	0.000177680853129885	3	2	rs2431697	ENSG00000164611	eqtl_rs2431697_ENSG00000164611_B38.txt	rs2431697_ENSG00000164611_LD.unphased.vcor1	225	4	2	rs2431697	0.999998518748114	rs3811999	0.679341849576155	-0.151043	0.022813987849
225	rs4921294	rs1862391	0.00486864096282848	0.0118254877046656	0.280705204631397	0.681765835007434	0.0208348316936746	4	2	rs2431697	ENSG00000164611	eqtl_rs2431697_ENSG00000164611_B38.txt	rs2431697_ENSG00000164611_LD.unphased.vcor1	225	4	2	rs2431697	0.999998518748114	rs3811999	0.679341849576155	0.0846159	0.00715985053281
114	rs2431697	rs58747524	0	0	5.34897587461493e-84	1	3.45595875757877e-85	1	1	rs2431697	ENSG00000253522	eqtl_rs2431697_ENSG00000253522_B38.txt	rs2431697_ENSG00000253522_LD.unphased.vcor1	114	6	9	rs2431697	0.999999940807633	rs10463080	1	-0.183326	0.033608422276
114	rs4921289	rs58747524	0	0	1.16209168106742e-06	0.99999645899324	2.37891483812176e-06	3	1	rs2431697	ENSG00000253522	eqtl_rs2431697_ENSG00000253522_B38.txt	rs2431697_ENSG00000253522_LD.unphased.vcor1	114	6	9	rs2431697	0.999999940807633	rs10463080	1	0.652577	0.425856740929
114	rs4921294	rs58747524	0	0	0.0524222698304835	0.942266465895277	0.00531126427397106	4	1	rs2431697	ENSG00000253522	eqtl_rs2431697_ENSG00000253522_B38.txt	rs2431697_ENSG00000253522_LD.unphased.vcor1	114	6	9	rs2431697	0.999999940807633	rs10463080	1	-0.207879	0.043213678641
114	rs72816340	rs58747524	0	0	0.0906841833814771	0.90297283773927	0.00634297887889855	6	1	rs2431697	ENSG00000253522	eqtl_rs2431697_ENSG00000253522_B38.txt	rs2431697_ENSG00000253522_LD.unphased.vcor1	114	6	9	rs2431697	0.999999940807633	rs10463080	1	0.177856	0.031632756736
114	rs1895322	rs58747524	0	0	0.0645965800187654	0.933723201647386	0.00168021833382557	5	1	rs2431697	ENSG00000253522	eqtl_rs2431697_ENSG00000253522_B38.txt	rs2431697_ENSG00000253522_LD.unphased.vcor1	114	6	9	rs2431697	0.999999940807633	rs10463080	1	-0.0537965	0.00289406341225
114	rs3926946	rs58747524	0	0	0.48627907743156	0.503822050096073	0.00989887247234382	2	1	rs2431697	ENSG00000253522	eqtl_rs2431697_ENSG00000253522_B38.txt	rs2431697_ENSG00000253522_LD.unphased.vcor1	114	6	9	rs2431697	0.999999940807633	rs10463080	1	0.0044361	1.967898321e-05
114	rs2431697	rs62391575	1.3121412636668e-236	2.4530700725225e-153	5.34897587461705e-84	1	5.02678383999701e-86	1	2	rs2431697	ENSG00000253522	eqtl_rs2431697_ENSG00000253522_B38.txt	rs2431697_ENSG00000253522_LD.unphased.vcor1	114	6	9	rs2431697	0.999999940807633	rs10463080	1	-0.12106	0.0146555236
114	rs4921289	rs62391575	2.85069906808221e-159	2.45306720092842e-153	1.16209443016474e-06	0.999998829370671	8.53490292875698e-09	3	2	rs2431697	ENSG00000253522	eqtl_rs2431697_ENSG00000253522_B38.txt	rs2431697_ENSG00000253522_LD.unphased.vcor1	114	6	9	rs2431697	0.999999940807633	rs10463080	1	0.0724779	0.00525304598841
114	rs4921294	rs62391575	1.29209253526488e-154	2.32250376803565e-153	0.0526724674414303	0.946773218796146	0.000554313762423038	4	2	rs2431697	ENSG00000253522	eqtl_rs2431697_ENSG00000253522_B38.txt	rs2431697_ENSG00000253522_LD.unphased.vcor1	114	6	9	rs2431697	0.999999940807633	rs10463080	1	0.0615336	0.00378638392896
114	rs72816340	rs62391575	2.23626858050192e-154	2.22675893413142e-153	0.0911620342831201	0.907741519394261	0.00109644632259653	6	2	rs2431697	ENSG00000253522	eqtl_rs2431697_ENSG00000253522_B38.txt	rs2431697_ENSG00000253522_LD.unphased.vcor1	114	6	9	rs2431697	0.999999940807633	rs10463080	1	-0.032685	0.001068309225
114	rs1895322	rs62391575	1.58467281486523e-154	2.29060284464085e-153	0.0645995739223097	0.933766570459592	0.00163385561809764	5	2	rs2431697	ENSG00000253522	eqtl_rs2431697_ENSG00000253522_B38.txt	rs2431697_ENSG00000253522_LD.unphased.vcor1	114	6	9	rs2431697	0.999999940807633	rs10463080	1	-0.121283	0.014709566089
114	rs3926946	rs62391575	1.19150684238003e-153	1.23454007593842e-153	0.485720671303448	0.503241197692919	0.0110381310036365	2	2	rs2431697	ENSG00000253522	eqtl_rs2431697_ENSG00000253522_B38.txt	rs2431697_ENSG00000253522_LD.unphased.vcor1	114	6	9	rs2431697	0.999999940807633	rs10463080	1	0.102086	0.010421551396
114	rs2431697	rs2002429	1.91075142276865e-197	3.5721817924734e-114	5.34897587461675e-84	1	3.04287940476602e-84	1	3	rs2431697	ENSG00000253522	eqtl_rs2431697_ENSG00000253522_B38.txt	rs2431697_ENSG00000253522_LD.unphased.vcor1	114	6	9	rs2431697	0.999999940807633	rs10463080	1	-0.197381	0.038959259161
114	rs4921289	rs2002429	4.15121256592439e-120	3.57217761199948e-114	1.16209443054404e-06	0.999998829697691	8.20785488786411e-09	3	3	rs2431697	ENSG00000253522	eqtl_rs2431697_ENSG00000253522_B38.txt	rs2431697_ENSG00000253522_LD.unphased.vcor1	114	6	9	rs2431697	0.999999940807633	rs10463080	1	0.0823998	0.00678972704004
114	rs4921294	rs2002429	1.88148909215343e-115	3.38192922471184e-114	0.0526705862539704	0.946739333392476	0.000590080353525784	4	3	rs2431697	ENSG00000253522	eqtl_rs2431697_ENSG00000253522_B38.txt	rs2431697_ENSG00000253522_LD.unphased.vcor1	114	6	9	rs2431697	0.999999940807633	rs10463080	1	0.0141936	0.00020145828096
114	rs72816340	rs2002429	3.25636936502123e-115	3.2425217791887e-114	0.0911591165903771	0.9077124024714	0.00112848093820503	6	3	rs2431697	ENSG00000253522	eqtl_rs2431697_ENSG00000253522_B38.txt	rs2431697_ENSG00000253522_LD.unphased.vcor1	114	6	9	rs2431697	0.999999940807633	rs10463080	1	0.0022184	4.92129856e-06
114	rs1895322	rs2002429	2.30621970689996e-115	3.33357988566309e-114	0.0645605358539996	0.933201076392843	0.00223838775316459	5	3	rs2431697	ENSG00000253522	eqtl_rs2431697_ENSG00000253522_B38.txt	rs2431697_ENSG00000253522_LD.unphased.vcor1	114	6	9	rs2431697	0.999999940807633	rs10463080	1	-0.192829	0.037183023241
114	rs3926946	rs2002429	1.73302885323521e-114	1.7956200467996e-114	0.485145760746725	0.502643177432173	0.0122110618211286	2	3	rs2431697	ENSG00000253522	eqtl_rs2431697_ENSG00000253522_B38.txt	rs2431697_ENSG00000253522_LD.unphased.vcor1	114	6	9	rs2431697	0.999999940807633	rs10463080	1	0.150393	0.022618054449
114	rs2431697	rs114093910	0	0	5.34897587461675e-84	1	1.11863046656152e-85	1	4	rs2431697	ENSG00000253522	eqtl_rs2431697_ENSG00000253522_B38.txt	rs2431697_ENSG00000253522_LD.unphased.vcor1	114	6	9	rs2431697	0.999999940807633	rs10463080	1	0.139471	0.019452159841
114	rs4921289	rs114093910	0	0	1.16209443044627e-06	0.999998829613222	8.29231483563599e-09	3	4	rs2431697	ENSG00000253522	eqtl_rs2431697_ENSG00000253522_B38.txt	rs2431697_ENSG00000253522_LD.unphased.vcor1	114	6	9	rs2431697	0.999999940807633	rs10463080	1	-0.0812472	0.00660110750784
114	rs4921294	rs114093910	0	0	0.0526704432091197	0.946736756757991	0.000592800032943935	4	4	rs2431697	ENSG00000253522	eqtl_rs2431697_ENSG00000253522_B38.txt	rs2431697_ENSG00000253522_LD.unphased.vcor1	114	6	9	rs2431697	0.999999940807633	rs10463080	1	-0.0253452	0.00064237916304
114	rs72816340	rs114093910	0	0	0.0911616778832753	0.907737962725423	0.00110035939135291	6	4	rs2431697	ENSG00000253522	eqtl_rs2431697_ENSG00000253522_B38.txt	rs2431697_ENSG00000253522_LD.unphased.vcor1	114	6	9	rs2431697	0.999999940807633	rs10463080	1	0.0190166	0.00036163107556
114	rs1895322	rs114093910	0	0	0.0645967015235708	0.933724961729557	0.00167833674690107	5	4	rs2431697	ENSG00000253522	eqtl_rs2431697_ENSG00000253522_B38.txt	rs2431697_ENSG00000253522_LD.unphased.vcor1	114	6	9	rs2431697	0.999999940807633	rs10463080	1	0.138101	0.019071886201
114	rs3926946	rs114093910	0	0	0.484167216293456	0.50162529838603	0.0142074853205335	2	4	rs2431697	ENSG00000253522	eqtl_rs2431697_ENSG00000253522_B38.txt	rs2431697_ENSG00000253522_LD.unphased.vcor1	114	6	9	rs2431697	0.999999940807633	rs10463080	1	-0.161665	0.026135572225
114	rs2431697	rs10463080	0	0	5.34897587461736e-84	1	3.02225432395634e-83	1	5	rs2431697	ENSG00000253522	eqtl_rs2431697_ENSG00000253522_B38.txt	rs2431697_ENSG00000253522_LD.unphased.vcor1	114	6	9	rs2431697	0.999999940807633	rs10463080	1	0.271967	0.073966049089
114	rs4921289	rs10463080	0	0	1.16209099488062e-06	0.999995867335555	2.97057361314446e-06	3	5	rs2431697	ENSG00000253522	eqtl_rs2431697_ENSG00000253522_B38.txt	rs2431697_ENSG00000253522_LD.unphased.vcor1	114	6	9	rs2431697	0.999999940807633	rs10463080	1	-0.720733	0.519456057289
114	rs4921294	rs10463080	0	0	0.0518387267003955	0.931755235652696	0.0164060376467227	4	5	rs2431697	ENSG00000253522	eqtl_rs2431697_ENSG00000253522_B38.txt	rs2431697_ENSG00000253522_LD.unphased.vcor1	114	6	9	rs2431697	0.999999940807633	rs10463080	1	0.221371	0.049005119641
114	rs72816340	rs10463080	0	0	0.0899640771561233	0.89578658500848	0.0142493378354759	6	5	rs2431697	ENSG00000253522	eqtl_rs2431697_ENSG00000253522_B38.txt	rs2431697_ENSG00000253522_LD.unphased.vcor1	114	6	9	rs2431697	0.999999940807633	rs10463080	1	-0.172592	0.029787998464
114	rs1895322	rs10463080	0	0	0.0642356357738747	0.928494668634061	0.00726969559209845	5	5	rs2431697	ENSG00000253522	eqtl_rs2431697_ENSG00000253522_B38.txt	rs2431697_ENSG00000253522_LD.unphased.vcor1	114	6	9	rs2431697	0.999999940807633	rs10463080	1	0.140958	0.019869157764
114	rs3926946	rs10463080	0	0	0.474029929750155	0.491080522906047	0.0348895473436919	2	5	rs2431697	ENSG00000253522	eqtl_rs2431697_ENSG00000253522_B38.txt	rs2431697_ENSG00000253522_LD.unphased.vcor1	114	6	9	rs2431697	0.999999940807633	rs10463080	1	-0.104729	0.010968163441
114	rs2431697	rs9918247	0	0	5.34897587461675e-84	1	2.54120381984673e-85	1	7	rs2431697	ENSG00000253522	eqtl_rs2431697_ENSG00000253522_B38.txt	rs2431697_ENSG00000253522_LD.unphased.vcor1	114	6	9	rs2431697	0.999999940807633	rs10463080	1	0.209649	0.043952703201
114	rs4921289	rs9918247	0	0	1.16209429447924e-06	0.999998712377225	1.25528438991077e-07	3	7	rs2431697	ENSG00000253522	eqtl_rs2431697_ENSG00000253522_B38.txt	rs2431697_ENSG00000253522_LD.unphased.vcor1	114	6	9	rs2431697	0.999999940807633	rs10463080	1	-0.597098	0.356526021604
114	rs4921294	rs9918247	0	0	0.050915275559839	0.915121319400196	0.0339634050400062	4	7	rs2431697	ENSG00000253522	eqtl_rs2431697_ENSG00000253522_B38.txt	rs2431697_ENSG00000253522_LD.unphased.vcor1	114	6	9	rs2431697	0.999999940807633	rs10463080	1	0.226786	0.051431889796
114	rs72816340	rs9918247	0	0	0.0888505878076519	0.884674591265171	0.0264748209271395	6	7	rs2431697	ENSG00000253522	eqtl_rs2431697_ENSG00000253522_B38.txt	rs2431697_ENSG00000253522_LD.unphased.vcor1	114	6	9	rs2431697	0.999999940807633	rs10463080	1	-0.175694	0.030868381636
114	rs1895322	rs9918247	0	0	0.0639480936076195	0.924329416714867	0.0117224896775424	5	7	rs2431697	ENSG00000253522	eqtl_rs2431697_ENSG00000253522_B38.txt	rs2431697_ENSG00000253522_LD.unphased.vcor1	114	6	9	rs2431697	0.999999940807633	rs10463080	1	0.134947	0.018210692809
114	rs3926946	rs9918247	0	0	0.45506906496611	0.471357487436804	0.0735734475971394	2	7	rs2431697	ENSG00000253522	eqtl_rs2431697_ENSG00000253522_B38.txt	rs2431697_ENSG00000253522_LD.unphased.vcor1	114	6	9	rs2431697	0.999999940807633	rs10463080	1	-0.134354	0.018050997316
114	rs2431697	rs9313849	0	0	5.34897587461736e-84	1	1.6742233573111e-85	1	8	rs2431697	ENSG00000253522	eqtl_rs2431697_ENSG00000253522_B38.txt	rs2431697_ENSG00000253522_LD.unphased.vcor1	114	6	9	rs2431697	0.999999940807633	rs10463080	1	-0.154793	0.023960872849
114	rs4921289	rs9313849	0	0	1.16209369366331e-06	0.99999819433064	6.43575560908468e-07	3	8	rs2431697	ENSG00000253522	eqtl_rs2431697_ENSG00000253522_B38.txt	rs2431697_ENSG00000253522_LD.unphased.vcor1	114	6	9	rs2431697	0.999999940807633	rs10463080	1	0.553305	0.306146423025
114	rs4921294	rs9313849	0	0	0.0524898984627339	0.94348464513086	0.00402545640629863	4	8	rs2431697	ENSG00000253522	eqtl_rs2431697_ENSG00000253522_B38.txt	rs2431697_ENSG00000253522_LD.unphased.vcor1	114	6	9	rs2431697	0.999999940807633	rs10463080	1	-0.23528	0.0553566784
114	rs72816340	rs9313849	0	0	0.0908797412330964	0.904924394461649	0.00419586430534191	6	8	rs2431697	ENSG00000253522	eqtl_rs2431697_ENSG00000253522_B38.txt	rs2431697_ENSG00000253522_LD.unphased.vcor1	114	6	9	rs2431697	0.999999940807633	rs10463080	1	0.187848	0.035286871104
114	rs1895322	rs9313849	0	0	0.0646185159086067	0.934040958545986	0.00134052554543261	5	8	rs2431697	ENSG00000253522	eqtl_rs2431697_ENSG00000253522_B38.txt	rs2431697_ENSG00000253522_LD.unphased.vcor1	114	6	9	rs2431697	0.999999940807633	rs10463080	1	-0.0738882	0.00545946609924
114	rs3926946	rs9313849	0	0	0.486715073169031	0.504275571572488	0.00900935525840828	2	8	rs2431697	ENSG00000253522	eqtl_rs2431697_ENSG00000253522_B38.txt	rs2431697_ENSG00000253522_LD.unphased.vcor1	114	6	9	rs2431697	0.999999940807633	rs10463080	1	0.0462933	0.00214306962489
114	rs2431697	rs60682212	0	0	5.34897587461979e-84	1	5.24896365808467e-84	1	9	rs2431697	ENSG00000253522	eqtl_rs2431697_ENSG00000253522_B38.txt	rs2431697_ENSG00000253522_LD.unphased.vcor1	114	6	9	rs2431697	0.999999940807633	rs10463080	1	-0.253823	0.064426115329
114	rs4921289	rs60682212	0	0	1.16208828928551e-06	0.999993534464904	5.30344660075084e-06	3	9	rs2431697	ENSG00000253522	eqtl_rs2431697_ENSG00000253522_B38.txt	rs2431697_ENSG00000253522_LD.unphased.vcor1	114	6	9	rs2431697	0.999999940807633	rs10463080	1	0.760182	0.577876673124
114	rs4921294	rs60682212	0	0	0.0516537348869307	0.928423020012958	0.0199232451008062	4	9	rs2431697	ENSG00000253522	eqtl_rs2431697_ENSG00000253522_B38.txt	rs2431697_ENSG00000253522_LD.unphased.vcor1	114	6	9	rs2431697	0.999999940807633	rs10463080	1	-0.21478	0.0461304484
114	rs72816340	rs60682212	0	0	0.0896683308689684	0.89283520437962	0.0174964647506969	6	9	rs2431697	ENSG00000253522	eqtl_rs2431697_ENSG00000253522_B38.txt	rs2431697_ENSG00000253522_LD.unphased.vcor1	114	6	9	rs2431697	0.999999940807633	rs10463080	1	0.168467	0.028381130089
114	rs1895322	rs60682212	0	0	0.0640601535528591	0.925952684383485	0.00998716206297546	5	9	rs2431697	ENSG00000253522	eqtl_rs2431697_ENSG00000253522_B38.txt	rs2431697_ENSG00000253522_LD.unphased.vcor1	114	6	9	rs2431697	0.999999940807633	rs10463080	1	-0.149765	0.022429555225
114	rs3926946	rs60682212	0	0	0.471255017358211	0.488194067242286	0.0405509153987355	2	9	rs2431697	ENSG00000253522	eqtl_rs2431697_ENSG00000253522_B38.txt	rs2431697_ENSG00000253522_LD.unphased.vcor1	114	6	9	rs2431697	0.999999940807633	rs10463080	1	0.0982522	0.00965349480484
114	rs2431697	rs55892971	0	0	5.34897587461736e-84	1	2.12460357034701e-85	1	10	rs2431697	ENSG00000253522	eqtl_rs2431697_ENSG00000253522_B38.txt	rs2431697_ENSG00000253522_LD.unphased.vcor1	114	6	9	rs2431697	0.999999940807633	rs10463080	1	-0.114415	0.013090792225
114	rs4921289	rs55892971	0	0	1.16209442812119e-06	0.999998827608811	1.02968131003852e-08	3	10	rs2431697	ENSG00000253522	eqtl_rs2431697_ENSG00000253522_B38.txt	rs2431697_ENSG00000253522_LD.unphased.vcor1	114	6	9	rs2431697	0.999999940807633	rs10463080	1	0.0916324	0.00839649672976
114	rs4921294	rs55892971	0	0	0.0526754801065175	0.946827485249991	0.000497034643317183	4	10	rs2431697	ENSG00000253522	eqtl_rs2431697_ENSG00000253522_B38.txt	rs2431697_ENSG00000253522_LD.unphased.vcor1	114	6	9	rs2431697	0.999999940807633	rs10463080	1	0.0145766	0.00021247726756
114	rs72816340	rs55892971	0	0	0.0911782733866699	0.907903576460525	0.000918150152971783	6	10	rs2431697	ENSG00000253522	eqtl_rs2431697_ENSG00000253522_B38.txt	rs2431697_ENSG00000253522_LD.unphased.vcor1	114	6	9	rs2431697	0.999999940807633	rs10463080	1	-0.0363401	0.00132060286801
114	rs1895322	rs55892971	0	0	0.0646532714669751	0.934544417423226	0.000802311109975899	5	10	rs2431697	ENSG00000253522	eqtl_rs2431697_ENSG00000253522_B38.txt	rs2431697_ENSG00000253522_LD.unphased.vcor1	114	6	9	rs2431697	0.999999940807633	rs10463080	1	-0.150894	0.022768999236
114	rs3926946	rs55892971	0	0	0.487870856116045	0.50547781357552	0.00665133030864722	2	10	rs2431697	ENSG00000253522	eqtl_rs2431697_ENSG00000253522_B38.txt	rs2431697_ENSG00000253522_LD.unphased.vcor1	114	6	9	rs2431697	0.999999940807633	rs10463080	1	0.173994	0.030273912036
68	rs4485770	rs10006476	0	0	9.2778942755537e-06	0.279990362169176	0.720000359939613	1	1	rs4287962	ENSG00000145414	eqtl_rs4287962_ENSG00000145414_B38.txt	rs4287962_ENSG00000145414_LD.unphased.vcor1	68	1	6	rs4485770	0.0601052491545537	rs4485770	1	1	1
68	rs4485770	rs145514187	4.69648396592415e-197	1.42460470833837e-192	3.29650967973539e-05	0.999944433455606	2.26014476088784e-05	1	10	rs4287962	ENSG00000145414	eqtl_rs4287962_ENSG00000145414_B38.txt	rs4287962_ENSG00000145414_LD.unphased.vcor1	68	1	6	rs4485770	0.0601052491545537	rs4485770	1	-0.880554	0.775375346916
68	rs4485770	rs4691067	0	0	3.25556430167119e-05	0.987499404706272	0.0124680396506038	1	2	rs4287962	ENSG00000145414	eqtl_rs4287962_ENSG00000145414_B38.txt	rs4287962_ENSG00000145414_LD.unphased.vcor1	68	1	6	rs4485770	0.0601052491545537	rs4485770	1	-0.869216	0.755536454656
68	rs4485770	rs4485770	0	0	1.06370481696267e-06	0.0303264714017887	0.969672464904187	1	4	rs4287962	ENSG00000145414	eqtl_rs4287962_ENSG00000145414_B38.txt	rs4287962_ENSG00000145414_LD.unphased.vcor1	68	1	6	rs4485770	0.0601052491545537	rs4485770	1	1	1
68	rs4485770	rs6536705	0	0	1.93140958315758e-06	0.0566996819378387	0.943298386652175	1	5	rs4287962	ENSG00000145414	eqtl_rs4287962_ENSG00000145414_B38.txt	rs4287962_ENSG00000145414_LD.unphased.vcor1	68	1	6	rs4485770	0.0601052491545537	rs4485770	1	0.998617	0.997235912689
68	rs4485770	rs11941112	3.01996516386264e-85	9.16059039628784e-81	2.05835021370749e-05	0.623615507468765	0.376363909029086	1	8	rs4287962	ENSG00000145414	eqtl_rs4287962_ENSG00000145414_B38.txt	rs4287962_ENSG00000145414_LD.unphased.vcor1	68	1	6	rs4485770	0.0601052491545537	rs4485770	1	0.841783	0.708598619089
90	rs1148460	rs1148462	1.29869965186605e-84	1.47382048747549e-82	0.000259937922975872	0.0275545076969119	0.972185554380119	1	1	rs652284	ENSG00000120949	eqtl_rs652284_ENSG00000120949_B38.txt	rs652284_ENSG00000120949_LD.unphased.vcor1	90	2	2	rs5746016	0.83526656324886	rs474247	0.865849698388763	0.964207	0.929695138849
90	rs80170139	rs1148462	7.27914202702509e-82	4.25831546606339e-81	0.145693814334404	0.852308296778912	0.00199788888669687	2	1	rs652284	ENSG00000120949	eqtl_rs652284_ENSG00000120949_B38.txt	rs652284_ENSG00000120949_LD.unphased.vcor1	90	2	2	rs5746016	0.83526656324886	rs474247	0.865849698388763	0.131943	0.017408955249
90	rs1148460	rs1148465	1.29074105352964e-30	1.46478872615718e-28	0.000228562414035077	0.0239866809503929	0.975784756635572	1	4	rs652284	ENSG00000120949	eqtl_rs652284_ENSG00000120949_B38.txt	rs652284_ENSG00000120949_LD.unphased.vcor1	90	2	2	rs5746016	0.83526656324886	rs474247	0.865849698388763	0.875846	0.767106215716
90	rs80170139	rs1148465	8.22524889647472e-28	4.81179024369074e-27	0.145651425487447	0.852059739119111	0.00228883539344201	2	4	rs652284	ENSG00000120949	eqtl_rs652284_ENSG00000120949_B38.txt	rs652284_ENSG00000120949_LD.unphased.vcor1	90	2	2	rs5746016	0.83526656324886	rs474247	0.865849698388763	0.125267	0.015691821289
318	rs17374162	rs16937848	0	0	3.474653932306e-07	0.999999639199765	1.33348745923281e-08	1	2	rs17374162	ENSG00000235531	eqtl_rs17374162_ENSG00000235531_B38.txt	rs17374162_ENSG00000235531_LD.unphased.vcor1	318	1	6	rs17374162	0.242918378700036	rs12056825	1	-0.0556449	0.00309635489601
318	rs17374162	rs6472634	0	0	3.47465372457281e-07	0.999999579294897	7.32397205072434e-08	1	1	rs17374162	ENSG00000235531	eqtl_rs17374162_ENSG00000235531_B38.txt	rs17374162_ENSG00000235531_LD.unphased.vcor1	318	1	6	rs17374162	0.242918378700036	rs12056825	1	-0.167196	0.027954502416
318	rs17374162	rs3824153	0	0	3.47465396381181e-07	0.999999648285273	4.24935061501624e-09	1	3	rs17374162	ENSG00000235531	eqtl_rs17374162_ENSG00000235531_B38.txt	rs17374162_ENSG00000235531_LD.unphased.vcor1	318	1	6	rs17374162	0.242918378700036	rs12056825	1	0.0388301	0.00150777666601
318	rs17374162	rs900127	0	0	3.47465396504823e-07	0.999999648641795	3.89277196909661e-09	1	4	rs17374162	ENSG00000235531	eqtl_rs17374162_ENSG00000235531_B38.txt	rs17374162_ENSG00000235531_LD.unphased.vcor1	318	1	6	rs17374162	0.242918378700036	rs12056825	1	0.113701	0.012927917401
318	rs17374162	rs13249131	0	0	3.47465250438203e-07	0.999999227468223	4.2499652834558e-07	1	6	rs17374162	ENSG00000235531	eqtl_rs17374162_ENSG00000235531_B38.txt	rs17374162_ENSG00000235531_LD.unphased.vcor1	318	1	6	rs17374162	0.242918378700036	rs12056825	1	0.235946	0.055670514916
318	rs17374162	rs12056825	0	0	3.47465260793474e-07	0.999999256804862	3.95941358354794e-07	1	8	rs17374162	ENSG00000235531	eqtl_rs17374162_ENSG00000235531_B38.txt	rs17374162_ENSG00000235531_LD.unphased.vcor1	318	1	6	rs17374162	0.242918378700036	rs12056825	1	-0.235946	0.055670514916
										rs1317082	ENSG00000085274	eqtl_rs1317082_ENSG00000085274_B38.txt	rs1317082_ENSG00000085274_LD.unphased.vcor1	108	3	0	rs28649851	0.999999997166335	rs9841443	0.151758742853921		
383	rs12978739	rs34413168	0	0	0.000948717688492165	0.99904080402695	1.04782846250134e-05	1	2	rs375039649	ENSG00000099331	eqtl_rs375039649_ENSG00000099331_B38.txt	rs375039649_ENSG00000099331_LD.unphased.vcor1	383	1	10	rs12978739	0.295036773390153	rs10411952	1	-0.186159	0.034655173281
383	rs12978739	rs11670224	0	0	0.000947846181607953	0.998121228631184	0.000930925187078512	1	4	rs375039649	ENSG00000099331	eqtl_rs375039649_ENSG00000099331_B38.txt	rs375039649_ENSG00000099331_LD.unphased.vcor1	383	1	10	rs12978739	0.295036773390153	rs10411952	1	0.171575	0.029437980625
383	rs12978739	rs4808070	0	0	0.000948698505810405	0.999020563312375	3.07381827079211e-05	1	5	rs375039649	ENSG00000099331	eqtl_rs375039649_ENSG00000099331_B38.txt	rs375039649_ENSG00000099331_LD.unphased.vcor1	383	1	10	rs12978739	0.295036773390153	rs10411952	1	-0.129635	0.016805233225
383	rs12978739	rs8104106	1.836237099402e-91	1.93363721253085e-88	0.000948719640872916	0.999042864094024	8.4162651115914e-06	1	6	rs375039649	ENSG00000099331	eqtl_rs375039649_ENSG00000099331_B38.txt	rs375039649_ENSG00000099331_LD.unphased.vcor1	383	1	10	rs12978739	0.295036773390153	rs10411952	1	0.103692	0.010752030864
383	rs12978739	rs10411952	0	0	0.000948707431928068	0.999029981755906	2.13108119944945e-05	1	7	rs375039649	ENSG00000099331	eqtl_rs375039649_ENSG00000099331_B38.txt	rs375039649_ENSG00000099331_LD.unphased.vcor1	383	1	10	rs12978739	0.295036773390153	rs10411952	1	0.0447963	0.00200670849369
383	rs12978739	rs55744529	0	0	0.000948718878499333	0.999042059669276	9.22145253702407e-06	1	9	rs375039649	ENSG00000099331	eqtl_rs375039649_ENSG00000099331_B38.txt	rs375039649_ENSG00000099331_LD.unphased.vcor1	383	1	10	rs12978739	0.295036773390153	rs10411952	1	0.204085	0.041650687225
383	rs12978739	rs736127	2.85697764941608e-06	0.0030085212307708	0.000945801170903865	0.995969458895876	7.33617248003391e-05	1	8	rs375039649	ENSG00000099331	eqtl_rs375039649_ENSG00000099331_B38.txt	rs375039649_ENSG00000099331_LD.unphased.vcor1	383	1	10	rs12978739	0.295036773390153	rs10411952	1	-0.11578	0.0134050084
383	rs12978739	rs10401771	3.70813615692235e-82	3.90482801185712e-79	0.000905838101223993	0.953796166031214	0.045297995867553	1	3	rs375039649	ENSG00000099331	eqtl_rs375039649_ENSG00000099331_B38.txt	rs375039649_ENSG00000099331_LD.unphased.vcor1	383	1	10	rs12978739	0.295036773390153	rs10411952	1	-0.615449	0.378777471601
383	rs12978739	rs1551551	1.27333625246919e-32	1.3408782355181e-29	0.00094763345351583	0.997896767386973	0.00115559915951837	1	10	rs375039649	ENSG00000099331	eqtl_rs375039649_ENSG00000099331_B38.txt	rs375039649_ENSG00000099331_LD.unphased.vcor1	383	1	10	rs12978739	0.295036773390153	rs10411952	1	-0.655989	0.430321568121
383	rs12978739	rs998488	8.31025006615735e-07	0.000875105332453643	0.000632326958714641	0.665201099023315	0.333290637660509	1	1	rs375039649	ENSG00000099331	eqtl_rs375039649_ENSG00000099331_B38.txt	rs375039649_ENSG00000099331_LD.unphased.vcor1	383	1	10	rs12978739	0.295036773390153	rs10411952	1	0.312078	0.097392678084
230	rs4483195	rs4546698	0	0	3.1207724962049e-10	0.999434028786829	0.000565970951018683	1	1	rs4483195	ENSG00000140396	eqtl_rs4483195_ENSG00000140396_B38.txt	rs4483195_ENSG00000140396_LD.unphased.vcor1	230	1	4	rs12335295	0.149413318612059	rs11995219	1	0.783736	0.614242117696
230	rs4483195	rs11995219	0	0	3.12099545981231e-10	0.999505576476315	0.000494423256207044	1	4	rs4483195	ENSG00000140396	eqtl_rs4483195_ENSG00000140396_B38.txt	rs4483195_ENSG00000140396_LD.unphased.vcor1	230	1	4	rs12335295	0.149413318612059	rs11995219	1	0.783736	0.614242117696
230	rs4483195	rs13276452	9.4024748346864e-56	3.0111659716975e-46	2.37572076670965e-11	0.0742315119738395	0.925768488002406	1	3	rs4483195	ENSG00000140396	eqtl_rs4483195_ENSG00000140396_B38.txt	rs4483195_ENSG00000140396_LD.unphased.vcor1	230	1	4	rs12335295	0.149413318612059	rs11995219	1	-0.979893	0.960190291449
230	rs4483195	rs13274876	5.52252966960062e-32	1.76860387410396e-22	3.12253619811514e-10	0.999999990459756	9.22798511758063e-09	1	2	rs4483195	ENSG00000140396	eqtl_rs4483195_ENSG00000140396_B38.txt	rs4483195_ENSG00000140396_LD.unphased.vcor1	230	1	4	rs12335295	0.149413318612059	rs11995219	1	0.62024	0.3846976576
										rs12146097	ENSG00000157064	eqtl_rs12146097_ENSG00000157064_B38.txt	rs12146097_ENSG00000157064_LD.unphased.vcor1	356	3	0	rs17849501	0.745147171572121	rs75907790	0.160501951594826		
475	rs5753509	rs5753628	0	0	1.23372784073228e-05	0.999987448242212	2.14479401923495e-07	1	3	rs5753605	ENSG00000100105	eqtl_rs5753605_ENSG00000100105_B38.txt	rs5753605_ENSG00000100105_LD.unphased.vcor1	475	2	10	rs5753595	0.578320764253642	rs5753623	1	-0.481024	0.231384088576
475	rs5753595	rs5753628	0	0	0.0174593805322426	0.982294018383618	0.000246601084046841	2	3	rs5753605	ENSG00000100105	eqtl_rs5753605_ENSG00000100105_B38.txt	rs5753605_ENSG00000100105_LD.unphased.vcor1	475	2	10	rs5753595	0.578320764253642	rs5753623	1	-0.141115	0.019913443225
475	rs5753509	rs11089493	0	0	1.23086005155781e-05	0.997658328191508	0.00232936320768191	1	5	rs5753605	ENSG00000100105	eqtl_rs5753605_ENSG00000100105_B38.txt	rs5753605_ENSG00000100105_LD.unphased.vcor1	475	2	10	rs5753595	0.578320764253642	rs5753623	1	0.787589	0.620296432921
475	rs5753595	rs11089493	0	0	0.0174604275804083	0.98235304725136	0.00018652516841159	2	5	rs5753605	ENSG00000100105	eqtl_rs5753605_ENSG00000100105_B38.txt	rs5753605_ENSG00000100105_LD.unphased.vcor1	475	2	10	rs5753595	0.578320764253642	rs5753623	1	0.132913	0.017665865569
475	rs5753509	rs5753603	2.70578628944171e-76	2.19315171377029e-71	1.23372797579555e-05	0.999987557935907	1.0478433565369e-07	1	9	rs5753605	ENSG00000100105	eqtl_rs5753605_ENSG00000100105_B38.txt	rs5753605_ENSG00000100105_LD.unphased.vcor1	475	2	10	rs5753595	0.578320764253642	rs5753623	1	0.0284369	0.00080865728161
475	rs5753595	rs5753603	1.31353072079759e-74	7.39014775155334e-73	0.00059891633113761	0.031760773135769	0.967640310533088	2	9	rs5753605	ENSG00000100105	eqtl_rs5753605_ENSG00000100105_B38.txt	rs5753605_ENSG00000100105_LD.unphased.vcor1	475	2	10	rs5753595	0.578320764253642	rs5753623	1	-0.94624	0.8953701376
475	rs5753509	rs2413046	0	0	1.23371410057901e-05	0.999976288982984	1.1373887514303e-05	1	1	rs5753605	ENSG00000100105	eqtl_rs5753605_ENSG00000100105_B38.txt	rs5753605_ENSG00000100105_LD.unphased.vcor1	475	2	10	rs5753595	0.578320764253642	rs5753623	1	0.313773	0.098453495529
475	rs5753595	rs2413046	0	0	0.0174607457427262	0.982370984185277	0.000168270100135589	2	1	rs5753605	ENSG00000100105	eqtl_rs5753605_ENSG00000100105_B38.txt	rs5753605_ENSG00000100105_LD.unphased.vcor1	475	2	10	rs5753595	0.578320764253642	rs5753623	1	-0.256862	0.065978087044
475	rs5753509	rs5753623	0	0	1.23372797085946e-05	0.999987553927131	1.08792977892166e-07	1	2	rs5753605	ENSG00000100105	eqtl_rs5753605_ENSG00000100105_B38.txt	rs5753605_ENSG00000100105_LD.unphased.vcor1	475	2	10	rs5753595	0.578320764253642	rs5753623	1	0.421426	0.177599873476
475	rs5753595	rs5753623	0	0	0.0174581449667613	0.982224361578458	0.000317493454791376	2	2	rs5753605	ENSG00000100105	eqtl_rs5753605_ENSG00000100105_B38.txt	rs5753605_ENSG00000100105_LD.unphased.vcor1	475	2	10	rs5753595	0.578320764253642	rs5753623	1	0.191036	0.036494753296
475	rs5753509	rs59315359	0	0	1.23371789209433e-05	0.999979368332802	8.29449256048129e-06	1	4	rs5753605	ENSG00000100105	eqtl_rs5753605_ENSG00000100105_B38.txt	rs5753605_ENSG00000100105_LD.unphased.vcor1	475	2	10	rs5753595	0.578320764253642	rs5753623	1	0.313773	0.098453495529
475	rs5753595	rs59315359	0	0	0.0174607279037747	0.982369978477269	0.000169293636878693	2	4	rs5753605	ENSG00000100105	eqtl_rs5753605_ENSG00000100105_B38.txt	rs5753605_ENSG00000100105_LD.unphased.vcor1	475	2	10	rs5753595	0.578320764253642	rs5753623	1	-0.256862	0.065978087044
475	rs5753509	rs5753632	0	0	1.23372581908101e-05	0.999985806326554	1.85641518847781e-06	1	6	rs5753605	ENSG00000100105	eqtl_rs5753605_ENSG00000100105_B38.txt	rs5753605_ENSG00000100105_LD.unphased.vcor1	475	2	10	rs5753595	0.578320764253642	rs5753623	1	0.593594	0.352353836836
475	rs5753595	rs5753632	0	0	0.0174606593466107	0.982366113407596	0.000173227245680369	2	6	rs5753605	ENSG00000100105	eqtl_rs5753605_ENSG00000100105_B38.txt	rs5753605_ENSG00000100105_LD.unphased.vcor1	475	2	10	rs5753595	0.578320764253642	rs5753623	1	0.161358	0.026036404164
475	rs5753509	rs2267170	0	0	1.23372798082399e-05	0.999987562019714	1.00700546351396e-07	1	7	rs5753605	ENSG00000100105	eqtl_rs5753605_ENSG00000100105_B38.txt	rs5753605_ENSG00000100105_LD.unphased.vcor1	475	2	10	rs5753595	0.578320764253642	rs5753623	1	0.00508987	2.59067766169e-05
475	rs5753595	rs2267170	0	0	0.0082414384483607	0.462619097278801	0.529139464272665	2	7	rs5753605	ENSG00000100105	eqtl_rs5753605_ENSG00000100105_B38.txt	rs5753605_ENSG00000100105_LD.unphased.vcor1	475	2	10	rs5753595	0.578320764253642	rs5753623	1	-0.879091	0.772800986281
475	rs5753509	rs695304	0	0	1.23372791411559e-05	0.99998750784179	1.54878986174384e-07	1	8	rs5753605	ENSG00000100105	eqtl_rs5753605_ENSG00000100105_B38.txt	rs5753605_ENSG00000100105_LD.unphased.vcor1	475	2	10	rs5753595	0.578320764253642	rs5753623	1	-0.0926169	0.00857789016561
475	rs5753595	rs695304	0	0	0.0147809317204431	0.831292562495813	0.153926505783855	2	8	rs5753605	ENSG00000100105	eqtl_rs5753605_ENSG00000100105_B38.txt	rs5753605_ENSG00000100105_LD.unphased.vcor1	475	2	10	rs5753595	0.578320764253642	rs5753623	1	-0.703656	0.495131766336
475	rs5753509	rs5994376	0	0	1.23372768460677e-05	0.999987321442288	3.41280733295678e-07	1	10	rs5753605	ENSG00000100105	eqtl_rs5753605_ENSG00000100105_B38.txt	rs5753605_ENSG00000100105_LD.unphased.vcor1	475	2	10	rs5753595	0.578320764253642	rs5753623	1	0.475268	0.225879671824
475	rs5753595	rs5994376	0	0	0.0169992835809344	0.956355382113472	0.0266453343055623	2	10	rs5753605	ENSG00000100105	eqtl_rs5753605_ENSG00000100105_B38.txt	rs5753605_ENSG00000100105_LD.unphased.vcor1	475	2	10	rs5753595	0.578320764253642	rs5753623	1	-0.415795	0.172885482025
923	rs7253808	rs34847696	0	0	0.103500742719009	0.88120533552524	0.0152939217557988	3	1	rs71336931	ENSG00000105185	eqtl_rs71336931_ENSG00000105185_B38.txt	rs71336931_ENSG00000105185_LD.unphased.vcor1	923	3	4	rs405858	0.874928406435318	rs12980958	1	-0.357535	0.127831276225
923	rs405858	rs34847696	0	0	4.49517259172773e-06	0.999977338145151	1.81666823380179e-05	2	1	rs71336931	ENSG00000105185	eqtl_rs71336931_ENSG00000105185_B38.txt	rs71336931_ENSG00000105185_LD.unphased.vcor1	923	3	4	rs405858	0.874928406435318	rs12980958	1	-0.661142	0.437108744164
923	rs10553	rs34847696	0	0	0.0787415725811495	0.908053455298564	0.0132049721203937	1	1	rs71336931	ENSG00000105185	eqtl_rs71336931_ENSG00000105185_B38.txt	rs71336931_ENSG00000105185_LD.unphased.vcor1	923	3	4	rs405858	0.874928406435318	rs12980958	1	-0.456409	0.208309175281
923	rs7253808	rs10402931	0	0	0.104822655593456	0.892485697108961	0.00269164729767976	3	2	rs71336931	ENSG00000105185	eqtl_rs71336931_ENSG00000105185_B38.txt	rs71336931_ENSG00000105185_LD.unphased.vcor1	923	3	4	rs405858	0.874928406435318	rs12980958	1	-0.204153	0.041678447409
923	rs405858	rs10402931	0	0	4.4952513964558e-06	0.999994903848144	6.00900455505868e-07	2	2	rs71336931	ENSG00000105185	eqtl_rs71336931_ENSG00000105185_B38.txt	rs71336931_ENSG00000105185_LD.unphased.vcor1	923	3	4	rs405858	0.874928406435318	rs12980958	1	-0.439573	0.193224422329
923	rs10553	rs10402931	0	0	0.0795520769026523	0.917420876886064	0.00302704621129639	1	2	rs71336931	ENSG00000105185	eqtl_rs71336931_ENSG00000105185_B38.txt	rs71336931_ENSG00000105185_LD.unphased.vcor1	923	3	4	rs405858	0.874928406435318	rs12980958	1	-0.326655	0.106703489025
923	rs7253808	rs12980958	0	0	0.104879453586186	0.892970374963558	0.00215017145009939	3	3	rs71336931	ENSG00000105185	eqtl_rs71336931_ENSG00000105185_B38.txt	rs71336931_ENSG00000105185_LD.unphased.vcor1	923	3	4	rs405858	0.874928406435318	rs12980958	1	0.105384	0.011105787456
923	rs405858	rs12980958	0	0	4.49525384374643e-06	0.999995449353614	5.53928094695934e-08	2	3	rs71336931	ENSG00000105185	eqtl_rs71336931_ENSG00000105185_B38.txt	rs71336931_ENSG00000105185_LD.unphased.vcor1	923	3	4	rs405858	0.874928406435318	rs12980958	1	0.263606	0.069488123236
923	rs10553	rs12980958	0	0	0.0795831335165113	0.917779814386959	0.0026370520965199	1	3	rs71336931	ENSG00000105185	eqtl_rs71336931_ENSG00000105185_B38.txt	rs71336931_ENSG00000105185_LD.unphased.vcor1	923	3	4	rs405858	0.874928406435318	rs12980958	1	0.224597	0.050443812409
923	rs7253808	rs8109859	0	0	0.104988064399047	0.893897190387298	0.00111474521333652	3	4	rs71336931	ENSG00000105185	eqtl_rs71336931_ENSG00000105185_B38.txt	rs71336931_ENSG00000105185_LD.unphased.vcor1	923	3	4	rs405858	0.874928406435318	rs12980958	1	0.108074	0.011679989476
923	rs405858	rs8109859	0	0	4.49525247471408e-06	0.999995144194111	3.60553362578638e-07	2	4	rs71336931	ENSG00000105185	eqtl_rs71336931_ENSG00000105185_B38.txt	rs71336931_ENSG00000105185_LD.unphased.vcor1	923	3	4	rs405858	0.874928406435318	rs12980958	1	0.261357	0.068307481449
923	rs10553	rs8109859	0	0	0.0797200871916335	0.919362659508282	0.000917253299313964	1	4	rs71336931	ENSG00000105185	eqtl_rs71336931_ENSG00000105185_B38.txt	rs71336931_ENSG00000105185_LD.unphased.vcor1	923	3	4	rs405858	0.874928406435318	rs12980958	1	0.227783	0.051885095089
728	rs2785153	rs72926580	0	0	7.04058867446506e-11	1	1.5871787814416e-12	2	6	rs2732549	ENSG00000110435	eqtl_rs2732549_ENSG00000110435_B38.txt	rs2732549_ENSG00000110435_LD.unphased.vcor1	728	3	5	rs500833	0.542059020346408	rs11608116	1	0.357342	0.127693304964
728	rs2732549	rs72926580	0	0	1.64456105607236e-34	1	1.68887507360193e-29	1	6	rs2732549	ENSG00000110435	eqtl_rs2732549_ENSG00000110435_B38.txt	rs2732549_ENSG00000110435_LD.unphased.vcor1	728	3	5	rs500833	0.542059020346408	rs11608116	1	-0.354479	0.125655361441
728	rs500833	rs72926580	0	0	0.00121622407254102	0.998765453158128	1.83227239617173e-05	4	6	rs2732549	ENSG00000110435	eqtl_rs2732549_ENSG00000110435_B38.txt	rs2732549_ENSG00000110435_LD.unphased.vcor1	728	3	5	rs500833	0.542059020346408	rs11608116	1	-0.018168	0.000330076224
728	rs2785153	rs11608116	0	0	7.04058867610433e-11	0.999999999883585	1.76070938330997e-12	2	1	rs2732549	ENSG00000110435	eqtl_rs2732549_ENSG00000110435_B38.txt	rs2732549_ENSG00000110435_LD.unphased.vcor1	728	3	5	rs500833	0.542059020346408	rs11608116	1	-0.357342	0.127693304964
728	rs2732549	rs11608116	0	0	1.64456105645526e-34	1	1.16367052549996e-29	1	1	rs2732549	ENSG00000110435	eqtl_rs2732549_ENSG00000110435_B38.txt	rs2732549_ENSG00000110435_LD.unphased.vcor1	728	3	5	rs500833	0.542059020346408	rs11608116	1	0.354479	0.125655361441
728	rs500833	rs11608116	0	0	0.00121622548699714	0.998766616804995	1.71576695699319e-05	4	1	rs2732549	ENSG00000110435	eqtl_rs2732549_ENSG00000110435_B38.txt	rs2732549_ENSG00000110435_LD.unphased.vcor1	728	3	5	rs500833	0.542059020346408	rs11608116	1	0.018168	0.000330076224
728	rs2785153	rs72924562	0	0	7.04058867589942e-11	0.99999999992724	1.40573981289443e-12	2	2	rs2732549	ENSG00000110435	eqtl_rs2732549_ENSG00000110435_B38.txt	rs2732549_ENSG00000110435_LD.unphased.vcor1	728	3	5	rs500833	0.542059020346408	rs11608116	1	0.363792	0.132344619264
728	rs2732549	rs72924562	0	0	1.64456105628774e-34	1	1.66162909352757e-29	1	2	rs2732549	ENSG00000110435	eqtl_rs2732549_ENSG00000110435_B38.txt	rs2732549_ENSG00000110435_LD.unphased.vcor1	728	3	5	rs500833	0.542059020346408	rs11608116	1	-0.344595	0.118745714025
728	rs500833	rs72924562	0	0	0.00121621953143475	0.998761716355715	2.20641159805841e-05	4	2	rs2732549	ENSG00000110435	eqtl_rs2732549_ENSG00000110435_B38.txt	rs2732549_ENSG00000110435_LD.unphased.vcor1	728	3	5	rs500833	0.542059020346408	rs11608116	1	-0.0118469	0.00014034903961
728	rs2785153	rs7932442	9.37702189499952e-60	1.33185196949142e-49	7.04058867578056e-11	0.999999999916554	1.3052805530669e-11	2	4	rs2732549	ENSG00000110435	eqtl_rs2732549_ENSG00000110435_B38.txt	rs2732549_ENSG00000110435_LD.unphased.vcor1	728	3	5	rs500833	0.542059020346408	rs11608116	1	-0.208568	0.043500610624
728	rs2732549	rs7932442	2.19031188194052e-83	1.33185196960252e-49	1.64456105628181e-34	1	5.29494695202478e-36	1	4	rs2732549	ENSG00000110435	eqtl_rs2732549_ENSG00000110435_B38.txt	rs2732549_ENSG00000110435_LD.unphased.vcor1	728	3	5	rs500833	0.542059020346408	rs11608116	1	0.23014	0.0529644196
728	rs500833	rs7932442	1.61982094950896e-52	1.33020000204245e-49	0.00121621695689828	0.998759597898384	2.41851447219162e-05	4	4	rs2732549	ENSG00000110435	eqtl_rs2732549_ENSG00000110435_B38.txt	rs2732549_ENSG00000110435_LD.unphased.vcor1	728	3	5	rs500833	0.542059020346408	rs11608116	1	0.0554557	0.00307533466249
728	rs2785153	rs61881133	3.82923874448412e-109	5.43880479389057e-99	7.0405886758686e-11	0.999999999929088	5.03604783156733e-13	2	5	rs2732549	ENSG00000110435	eqtl_rs2732549_ENSG00000110435_B38.txt	rs2732549_ENSG00000110435_LD.unphased.vcor1	728	3	5	rs500833	0.542059020346408	rs11608116	1	-0.151053	0.022817008809
728	rs2732549	rs61881133	8.94444655738525e-133	5.4388047942761e-99	1.64456105628176e-34	1	6.20046150240154e-37	1	5	rs2732549	ENSG00000110435	eqtl_rs2732549_ENSG00000110435_B38.txt	rs2732549_ENSG00000110435_LD.unphased.vcor1	728	3	5	rs500833	0.542059020346408	rs11608116	1	-0.0490182	0.00240278393124
728	rs500833	rs61881133	6.6148389421763e-102	5.43211814679931e-99	0.00121623025506223	0.998770540286937	1.32294579925072e-05	4	5	rs2732549	ENSG00000110435	eqtl_rs2732549_ENSG00000110435_B38.txt	rs2732549_ENSG00000110435_LD.unphased.vcor1	728	3	5	rs500833	0.542059020346408	rs11608116	1	-0.0542025	0.00293791100625
413	rs148490292	rs12909704	0	0	6.22248538032216e-05	0.999934297350874	3.47816629713845e-06	1	1	rs148490292	ENSG00000173517	eqtl_rs148490292_ENSG00000173517_B38.txt	rs148490292_ENSG00000173517_LD.unphased.vcor1	413	1	2	rs148490292	0.0353749973178286	rs12909704	1	-0.275249	0.075762012001
413	rs148490292	rs7162877	0	0	6.22248408221069e-05	0.999934088748346	3.68680485400502e-06	1	2	rs148490292	ENSG00000173517	eqtl_rs148490292_ENSG00000173517_B38.txt	rs148490292_ENSG00000173517_LD.unphased.vcor1	413	1	2	rs148490292	0.0353749973178286	rs12909704	1	-0.275249	0.075762012001
567	rs936468	rs4963205	8.26526681635445e-197	5.96360014959511e-55	1.38595254695524e-142	1	8.70301056792496e-50	1	1	rs4963128	ENSG00000070047	eqtl_rs4963128_ENSG00000070047_B38.txt	rs4963128_ENSG00000070047_LD.unphased.vcor1	567	10	8	rs12788170	1	rs11246176	1	-0.380658	0.144900512964
567	rs12796605	rs4963205	0	5.96360014959205e-55	0	1	4.60883462254835e-50	4	1	rs4963128	ENSG00000070047	eqtl_rs4963128_ENSG00000070047_B38.txt	rs4963128_ENSG00000070047_LD.unphased.vcor1	567	10	8	rs12788170	1	rs11246176	1	-0.390753	0.152687907009
567	rs61876664	rs4963205	0	5.96360014960833e-55	0	1	1.2700788886395e-50	5	1	rs4963128	ENSG00000070047	eqtl_rs4963128_ENSG00000070047_B38.txt	rs4963128_ENSG00000070047_LD.unphased.vcor1	567	10	8	rs12788170	1	rs11246176	1	-0.384934	0.148174184356
567	rs12788170	rs4963205	0	5.96360014957578e-55	0	1	1.5541080337967e-50	6	1	rs4963128	ENSG00000070047	eqtl_rs4963128_ENSG00000070047_B38.txt	rs4963128_ENSG00000070047_LD.unphased.vcor1	567	10	8	rs12788170	1	rs11246176	1	0.382148	0.146037093904
567	rs34255371	rs4963205	0	5.96360014859949e-55	0	1	3.34669601717742e-37	7	1	rs4963128	ENSG00000070047	eqtl_rs4963128_ENSG00000070047_B38.txt	rs4963128_ENSG00000070047_LD.unphased.vcor1	567	10	8	rs12788170	1	rs11246176	1	0.612586	0.375261607396
567	rs7935013	rs4963205	0	5.96360014859949e-55	0	1	3.33647181619407e-34	8	1	rs4963128	ENSG00000070047	eqtl_rs4963128_ENSG00000070047_B38.txt	rs4963128_ENSG00000070047_LD.unphased.vcor1	567	10	8	rs12788170	1	rs11246176	1	0.613586	0.376487779396
567	rs7926440	rs4963205	0	5.96360014959544e-55	0	1	5.30065842955504e-51	9	1	rs4963128	ENSG00000070047	eqtl_rs4963128_ENSG00000070047_B38.txt	rs4963128_ENSG00000070047_LD.unphased.vcor1	567	10	8	rs12788170	1	rs11246176	1	-0.321931	0.103639568761
567	rs12420071	rs4963205	0	5.96360014957578e-55	0	1	4.17221704921628e-49	3	1	rs4963128	ENSG00000070047	eqtl_rs4963128_ENSG00000070047_B38.txt	rs4963128_ENSG00000070047_LD.unphased.vcor1	567	10	8	rs12788170	1	rs11246176	1	0.386395	0.149301096025
567	rs12272314	rs4963205	4.54271498002717e-157	5.96360014959511e-55	7.61740369252512e-103	1	3.1215001836371e-43	10	1	rs4963128	ENSG00000070047	eqtl_rs4963128_ENSG00000070047_B38.txt	rs4963128_ENSG00000070047_LD.unphased.vcor1	567	10	8	rs12788170	1	rs11246176	1	0.382176	0.146058494976
567	rs7930365	rs4963205	7.23995764631732e-65	5.96360014886644e-55	1.21402466039051e-10	0.999999999877758	8.32967665540173e-13	2	1	rs4963128	ENSG00000070047	eqtl_rs4963128_ENSG00000070047_B38.txt	rs4963128_ENSG00000070047_LD.unphased.vcor1	567	10	8	rs12788170	1	rs11246176	1	0.178843	0.031984818649
567	rs936468	rs118094432	2.94329270974614e-146	0.000212366052229711	1.38565765284075e-142	0.999787225582088	4.08365663348364e-07	1	2	rs4963128	ENSG00000070047	eqtl_rs4963128_ENSG00000070047_B38.txt	rs4963128_ENSG00000070047_LD.unphased.vcor1	567	10	8	rs12788170	1	rs11246176	1	-0.00585002	3.42227340004e-05
567	rs12796605	rs118094432	0	0.000212366044502286	0	0.999787189130193	4.44824982106679e-07	4	2	rs4963128	ENSG00000070047	eqtl_rs4963128_ENSG00000070047_B38.txt	rs4963128_ENSG00000070047_LD.unphased.vcor1	567	10	8	rs12788170	1	rs11246176	1	-0.0108774	0.00011831783076
567	rs61876664	rs118094432	0	0.000212366039734482	0	0.999787166636811	4.67324123956938e-07	5	2	rs4963128	ENSG00000070047	eqtl_rs4963128_ENSG00000070047_B38.txt	rs4963128_ENSG00000070047_LD.unphased.vcor1	567	10	8	rs12788170	1	rs11246176	1	-0.0156691	0.00024552069481
567	rs12788170	rs118094432	0	0.000212366043368713	0	0.999787183782593	4.50172972125482e-07	6	2	rs4963128	ENSG00000070047	eqtl_rs4963128_ENSG00000070047_B38.txt	rs4963128_ENSG00000070047_LD.unphased.vcor1	567	10	8	rs12788170	1	rs11246176	1	0.0138988	0.00019317664144
567	rs34255371	rs118094432	0	0.000212366046426597	0	0.999787198207747	4.35677173693881e-07	7	2	rs4963128	ENSG00000070047	eqtl_rs4963128_ENSG00000070047_B38.txt	rs4963128_ENSG00000070047_LD.unphased.vcor1	567	10	8	rs12788170	1	rs11246176	1	-0.000230605	5.3178666025e-08
567	rs7935013	rs118094432	0	0.000212366052013919	0	0.999787224512011	4.09423186789613e-07	8	2	rs4963128	ENSG00000070047	eqtl_rs4963128_ENSG00000070047_B38.txt	rs4963128_ENSG00000070047_LD.unphased.vcor1	567	10	8	rs12788170	1	rs11246176	1	0.000163435	2.6710999225e-08
567	rs7926440	rs118094432	0	0.000212366050584085	0	0.9997872178191	4.16130329321431e-07	9	2	rs4963128	ENSG00000070047	eqtl_rs4963128_ENSG00000070047_B38.txt	rs4963128_ENSG00000070047_LD.unphased.vcor1	567	10	8	rs12788170	1	rs11246176	1	-0.0133149	0.00017728656201
567	rs12420071	rs118094432	0	0.000212366054544902	0	0.999787236503875	3.97442466253493e-07	3	2	rs4963128	ENSG00000070047	eqtl_rs4963128_ENSG00000070047_B38.txt	rs4963128_ENSG00000070047_LD.unphased.vcor1	567	10	8	rs12788170	1	rs11246176	1	0.0185804	0.00034523126416
567	rs12272314	rs118094432	1.61767748279063e-106	0.000212365990839891	7.61578070857359e-103	0.999786935988685	6.98020463168363e-07	10	2	rs4963128	ENSG00000070047	eqtl_rs4963128_ENSG00000070047_B38.txt	rs4963128_ENSG00000070047_LD.unphased.vcor1	567	10	8	rs12788170	1	rs11246176	1	-0.00834293	6.96044809849e-05
567	rs7930365	rs118094432	2.57815326648218e-14	0.000212364159500494	1.21375553035143e-10	0.999778297038756	9.33868034340435e-06	2	2	rs4963128	ENSG00000070047	eqtl_rs4963128_ENSG00000070047_B38.txt	rs4963128_ENSG00000070047_LD.unphased.vcor1	567	10	8	rs12788170	1	rs11246176	1	0.0758218	0.00574894535524
567	rs936468	rs6598013	5.12750641152133e-279	3.69962624101779e-137	1.38595254695524e-142	1	4.5355424884322e-138	1	3	rs4963128	ENSG00000070047	eqtl_rs4963128_ENSG00000070047_B38.txt	rs4963128_ENSG00000070047_LD.unphased.vcor1	567	10	8	rs12788170	1	rs11246176	1	-0.123955	0.015364842025
567	rs12796605	rs6598013	0	3.69962624101716e-137	0	1	2.53315511684175e-137	4	3	rs4963128	ENSG00000070047	eqtl_rs4963128_ENSG00000070047_B38.txt	rs4963128_ENSG00000070047_LD.unphased.vcor1	567	10	8	rs12788170	1	rs11246176	1	-0.15597	0.0243266409
567	rs61876664	rs6598013	0	3.69962624102052e-137	0	1	7.73651435280083e-138	5	3	rs4963128	ENSG00000070047	eqtl_rs4963128_ENSG00000070047_B38.txt	rs4963128_ENSG00000070047_LD.unphased.vcor1	567	10	8	rs12788170	1	rs11246176	1	-0.146603	0.021492439609
567	rs12788170	rs6598013	0	3.69962624101379e-137	0	1	8.13785221186444e-138	6	3	rs4963128	ENSG00000070047	eqtl_rs4963128_ENSG00000070047_B38.txt	rs4963128_ENSG00000070047_LD.unphased.vcor1	567	10	8	rs12788170	1	rs11246176	1	0.144057	0.020752419249
567	rs34255371	rs6598013	0	3.69962624077153e-137	0	1	9.67987583303051e-137	7	3	rs4963128	ENSG00000070047	eqtl_rs4963128_ENSG00000070047_B38.txt	rs4963128_ENSG00000070047_LD.unphased.vcor1	567	10	8	rs12788170	1	rs11246176	1	0.16589	0.0275194921
567	rs7935013	rs6598013	0	3.69962624077153e-137	0	1	1.63101978626891e-135	8	3	rs4963128	ENSG00000070047	eqtl_rs4963128_ENSG00000070047_B38.txt	rs4963128_ENSG00000070047_LD.unphased.vcor1	567	10	8	rs12788170	1	rs11246176	1	0.166318	0.027661677124
567	rs7926440	rs6598013	0	3.699626241018e-137	0	1	6.15481290246429e-136	9	3	rs4963128	ENSG00000070047	eqtl_rs4963128_ENSG00000070047_B38.txt	rs4963128_ENSG00000070047_LD.unphased.vcor1	567	10	8	rs12788170	1	rs11246176	1	-0.158586	0.025149519396
567	rs12420071	rs6598013	0	3.69962624101379e-137	0	1	1.01800515854159e-136	3	3	rs4963128	ENSG00000070047	eqtl_rs4963128_ENSG00000070047_B38.txt	rs4963128_ENSG00000070047_LD.unphased.vcor1	567	10	8	rs12788170	1	rs11246176	1	0.154027	0.023724316729
567	rs12272314	rs6598013	2.81815465892949e-239	3.699626241018e-137	7.61740369252556e-103	1	9.53593442152466e-103	10	3	rs4963128	ENSG00000070047	eqtl_rs4963128_ENSG00000070047_B38.txt	rs4963128_ENSG00000070047_LD.unphased.vcor1	567	10	8	rs12788170	1	rs11246176	1	0.142777	0.020385271729
567	rs7930365	rs6598013	4.49143749082313e-147	3.69962624056522e-137	1.21402466039036e-10	0.999999999877673	9.02697159841086e-13	2	3	rs4963128	ENSG00000070047	eqtl_rs4963128_ENSG00000070047_B38.txt	rs4963128_ENSG00000070047_LD.unphased.vcor1	567	10	8	rs12788170	1	rs11246176	1	0.0215693	0.00046523470249
567	rs936468	rs11246176	0	0	1.3859525468618e-142	1	1.55673372117472e-144	1	4	rs4963128	ENSG00000070047	eqtl_rs4963128_ENSG00000070047_B38.txt	rs4963128_ENSG00000070047_LD.unphased.vcor1	567	10	8	rs12788170	1	rs11246176	1	0.0833314	0.00694412222596
567	rs12796605	rs11246176	0	0	0	1	0	4	4	rs4963128	ENSG00000070047	eqtl_rs4963128_ENSG00000070047_B38.txt	rs4963128_ENSG00000070047_LD.unphased.vcor1	567	10	8	rs12788170	1	rs11246176	1	-0.0333901	0.00111489877801
567	rs61876664	rs11246176	0	0	0	1	0	5	4	rs4963128	ENSG00000070047	eqtl_rs4963128_ENSG00000070047_B38.txt	rs4963128_ENSG00000070047_LD.unphased.vcor1	567	10	8	rs12788170	1	rs11246176	1	-0.0352725	0.00124414925625
567	rs12788170	rs11246176	0	0	0	1	0	6	4	rs4963128	ENSG00000070047	eqtl_rs4963128_ENSG00000070047_B38.txt	rs4963128_ENSG00000070047_LD.unphased.vcor1	567	10	8	rs12788170	1	rs11246176	1	0.03962	0.0015697444
567	rs34255371	rs11246176	0	0	0	1	0	7	4	rs4963128	ENSG00000070047	eqtl_rs4963128_ENSG00000070047_B38.txt	rs4963128_ENSG00000070047_LD.unphased.vcor1	567	10	8	rs12788170	1	rs11246176	1	0.519976	0.270375040576
567	rs7935013	rs11246176	0	0	0	1	0	8	4	rs4963128	ENSG00000070047	eqtl_rs4963128_ENSG00000070047_B38.txt	rs4963128_ENSG00000070047_LD.unphased.vcor1	567	10	8	rs12788170	1	rs11246176	1	0.517858	0.268176908164
567	rs7926440	rs11246176	0	0	0	1	0	9	4	rs4963128	ENSG00000070047	eqtl_rs4963128_ENSG00000070047_B38.txt	rs4963128_ENSG00000070047_LD.unphased.vcor1	567	10	8	rs12788170	1	rs11246176	1	0.0911555	0.00830932518025
567	rs12420071	rs11246176	0	0	0	1	0	3	4	rs4963128	ENSG00000070047	eqtl_rs4963128_ENSG00000070047_B38.txt	rs4963128_ENSG00000070047_LD.unphased.vcor1	567	10	8	rs12788170	1	rs11246176	1	0.0318045	0.00101152622025
567	rs12272314	rs11246176	0	0	7.61740369218349e-103	1	4.04091946229149e-105	10	4	rs4963128	ENSG00000070047	eqtl_rs4963128_ENSG00000070047_B38.txt	rs4963128_ENSG00000070047_LD.unphased.vcor1	567	10	8	rs12788170	1	rs11246176	1	-0.123718	0.015306143524
567	rs7930365	rs11246176	0	0	1.21402321705931e-10	0.999998808664514	1.19120604063108e-06	2	4	rs4963128	ENSG00000070047	eqtl_rs4963128_ENSG00000070047_B38.txt	rs4963128_ENSG00000070047_LD.unphased.vcor1	567	10	8	rs12788170	1	rs11246176	1	0.170274	0.028993235076
567	rs936468	rs8176335	0	0	1.3859525468618e-142	1	1.58742119632665e-144	1	6	rs4963128	ENSG00000070047	eqtl_rs4963128_ENSG00000070047_B38.txt	rs4963128_ENSG00000070047_LD.unphased.vcor1	567	10	8	rs12788170	1	rs11246176	1	-0.0833314	0.00694412222596
567	rs12796605	rs8176335	0	0	0	1	0	4	6	rs4963128	ENSG00000070047	eqtl_rs4963128_ENSG00000070047_B38.txt	rs4963128_ENSG00000070047_LD.unphased.vcor1	567	10	8	rs12788170	1	rs11246176	1	0.0333901	0.00111489877801
567	rs61876664	rs8176335	0	0	0	1	0	5	6	rs4963128	ENSG00000070047	eqtl_rs4963128_ENSG00000070047_B38.txt	rs4963128_ENSG00000070047_LD.unphased.vcor1	567	10	8	rs12788170	1	rs11246176	1	0.0352725	0.00124414925625
567	rs12788170	rs8176335	0	0	0	1	0	6	6	rs4963128	ENSG00000070047	eqtl_rs4963128_ENSG00000070047_B38.txt	rs4963128_ENSG00000070047_LD.unphased.vcor1	567	10	8	rs12788170	1	rs11246176	1	-0.03962	0.0015697444
567	rs34255371	rs8176335	0	0	0	1	0	7	6	rs4963128	ENSG00000070047	eqtl_rs4963128_ENSG00000070047_B38.txt	rs4963128_ENSG00000070047_LD.unphased.vcor1	567	10	8	rs12788170	1	rs11246176	1	-0.519976	0.270375040576
567	rs7935013	rs8176335	0	0	0	1	0	8	6	rs4963128	ENSG00000070047	eqtl_rs4963128_ENSG00000070047_B38.txt	rs4963128_ENSG00000070047_LD.unphased.vcor1	567	10	8	rs12788170	1	rs11246176	1	-0.517858	0.268176908164
567	rs7926440	rs8176335	0	0	0	1	0	9	6	rs4963128	ENSG00000070047	eqtl_rs4963128_ENSG00000070047_B38.txt	rs4963128_ENSG00000070047_LD.unphased.vcor1	567	10	8	rs12788170	1	rs11246176	1	-0.0911555	0.00830932518025
567	rs12420071	rs8176335	0	0	0	1	0	3	6	rs4963128	ENSG00000070047	eqtl_rs4963128_ENSG00000070047_B38.txt	rs4963128_ENSG00000070047_LD.unphased.vcor1	567	10	8	rs12788170	1	rs11246176	1	-0.0318045	0.00101152622025
567	rs12272314	rs8176335	0	0	7.61740369218349e-103	1	4.09627218736131e-105	10	6	rs4963128	ENSG00000070047	eqtl_rs4963128_ENSG00000070047_B38.txt	rs4963128_ENSG00000070047_LD.unphased.vcor1	567	10	8	rs12788170	1	rs11246176	1	0.123718	0.015306143524
567	rs7930365	rs8176335	0	0	1.21402313551138e-10	0.99999874137654	1.25853101786655e-06	2	6	rs4963128	ENSG00000070047	eqtl_rs4963128_ENSG00000070047_B38.txt	rs4963128_ENSG00000070047_LD.unphased.vcor1	567	10	8	rs12788170	1	rs11246176	1	-0.170274	0.028993235076
567	rs936468	rs4963201	9.9808144868089e-220	7.20141141104355e-78	1.38595254695532e-142	1	3.44714399475012e-59	1	8	rs4963128	ENSG00000070047	eqtl_rs4963128_ENSG00000070047_B38.txt	rs4963128_ENSG00000070047_LD.unphased.vcor1	567	10	8	rs12788170	1	rs11246176	1	-0.496065	0.246080484225
567	rs12796605	rs4963201	0	7.20141141104274e-78	0	1	1.14038192423568e-55	4	8	rs4963128	ENSG00000070047	eqtl_rs4963128_ENSG00000070047_B38.txt	rs4963128_ENSG00000070047_LD.unphased.vcor1	567	10	8	rs12788170	1	rs11246176	1	-0.522179	0.272670908041
567	rs61876664	rs4963201	0	7.20141141105584e-78	0	1	1.11279145987009e-55	5	8	rs4963128	ENSG00000070047	eqtl_rs4963128_ENSG00000070047_B38.txt	rs4963128_ENSG00000070047_LD.unphased.vcor1	567	10	8	rs12788170	1	rs11246176	1	-0.515615	0.265858828225
567	rs12788170	rs4963201	0	7.20141141102964e-78	0	1	2.23990812488518e-56	6	8	rs4963128	ENSG00000070047	eqtl_rs4963128_ENSG00000070047_B38.txt	rs4963128_ENSG00000070047_LD.unphased.vcor1	567	10	8	rs12788170	1	rs11246176	1	0.51205	0.2621952025
567	rs34255371	rs4963201	0	7.20141141037467e-78	0	1	1.20111692543117e-14	7	8	rs4963128	ENSG00000070047	eqtl_rs4963128_ENSG00000070047_B38.txt	rs4963128_ENSG00000070047_LD.unphased.vcor1	567	10	8	rs12788170	1	rs11246176	1	0.87225	0.7608200625
567	rs7935013	rs4963201	0	7.20141141037467e-78	0	1	2.12923261431109e-19	8	8	rs4963128	ENSG00000070047	eqtl_rs4963128_ENSG00000070047_B38.txt	rs4963128_ENSG00000070047_LD.unphased.vcor1	567	10	8	rs12788170	1	rs11246176	1	0.873829	0.763577121241
567	rs7926440	rs4963201	0	7.20141141104274e-78	0	1	2.02620139807709e-65	9	8	rs4963128	ENSG00000070047	eqtl_rs4963128_ENSG00000070047_B38.txt	rs4963128_ENSG00000070047_LD.unphased.vcor1	567	10	8	rs12788170	1	rs11246176	1	-0.440589	0.194118666921
567	rs12420071	rs4963201	0	7.20141141102964e-78	0	1	1.38584988012855e-57	3	8	rs4963128	ENSG00000070047	eqtl_rs4963128_ENSG00000070047_B38.txt	rs4963128_ENSG00000070047_LD.unphased.vcor1	567	10	8	rs12788170	1	rs11246176	1	0.522835	0.273356437225
567	rs12272314	rs4963201	5.48560578738788e-180	7.20141141104355e-78	7.61740369252556e-103	1	5.42171864455029e-69	10	8	rs4963128	ENSG00000070047	eqtl_rs4963128_ENSG00000070047_B38.txt	rs4963128_ENSG00000070047_LD.unphased.vcor1	567	10	8	rs12788170	1	rs11246176	1	0.423866	0.179662385956
567	rs7930365	rs4963201	8.74269104256898e-88	7.2014114101176e-78	1.2140246603828e-10	0.999999999871363	7.22435026243263e-12	2	8	rs4963128	ENSG00000070047	eqtl_rs4963128_ENSG00000070047_B38.txt	rs4963128_ENSG00000070047_LD.unphased.vcor1	567	10	8	rs12788170	1	rs11246176	1	0.281841	0.079434349281
567	rs936468	rs35579818	9.42286753793268e-187	6.7988385018181e-45	1.38595254695524e-142	1	5.07196650568753e-41	1	9	rs4963128	ENSG00000070047	eqtl_rs4963128_ENSG00000070047_B38.txt	rs4963128_ENSG00000070047_LD.unphased.vcor1	567	10	8	rs12788170	1	rs11246176	1	-0.383182	0.146828445124
567	rs12796605	rs35579818	0	6.7988385018154e-45	0	1	2.14518706601074e-41	4	9	rs4963128	ENSG00000070047	eqtl_rs4963128_ENSG00000070047_B38.txt	rs4963128_ENSG00000070047_LD.unphased.vcor1	567	10	8	rs12788170	1	rs11246176	1	-0.391021	0.152897422441
567	rs61876664	rs35579818	0	6.79883850182158e-45	0	1	1.11058214034569e-41	5	9	rs4963128	ENSG00000070047	eqtl_rs4963128_ENSG00000070047_B38.txt	rs4963128_ENSG00000070047_LD.unphased.vcor1	567	10	8	rs12788170	1	rs11246176	1	-0.391097	0.152956863409
567	rs12788170	rs35579818	0	6.79883850179685e-45	0	1	1.49345773010385e-41	6	9	rs4963128	ENSG00000070047	eqtl_rs4963128_ENSG00000070047_B38.txt	rs4963128_ENSG00000070047_LD.unphased.vcor1	567	10	8	rs12788170	1	rs11246176	1	0.389443	0.151665850249
567	rs34255371	rs35579818	0	6.79883850107956e-45	0	1	8.21690579495245e-28	7	9	rs4963128	ENSG00000070047	eqtl_rs4963128_ENSG00000070047_B38.txt	rs4963128_ENSG00000070047_LD.unphased.vcor1	567	10	8	rs12788170	1	rs11246176	1	0.662213	0.438526057369
567	rs7935013	rs35579818	0	6.79883850107956e-45	0	1	7.55065766967541e-25	8	9	rs4963128	ENSG00000070047	eqtl_rs4963128_ENSG00000070047_B38.txt	rs4963128_ENSG00000070047_LD.unphased.vcor1	567	10	8	rs12788170	1	rs11246176	1	0.663487	0.440214999169
567	rs7926440	rs35579818	0	6.79883850181926e-45	0	1	4.45909784379714e-42	9	9	rs4963128	ENSG00000070047	eqtl_rs4963128_ENSG00000070047_B38.txt	rs4963128_ENSG00000070047_LD.unphased.vcor1	567	10	8	rs12788170	1	rs11246176	1	-0.32031	0.1025984961
567	rs12420071	rs35579818	0	6.79883850179685e-45	0	1	2.16976452489312e-40	3	9	rs4963128	ENSG00000070047	eqtl_rs4963128_ENSG00000070047_B38.txt	rs4963128_ENSG00000070047_LD.unphased.vcor1	567	10	8	rs12788170	1	rs11246176	1	0.389882	0.152007973924
567	rs12272314	rs35579818	5.17894975086342e-147	6.7988385018181e-45	7.61740369252512e-103	1	7.43537369215859e-40	10	9	rs4963128	ENSG00000070047	eqtl_rs4963128_ENSG00000070047_B38.txt	rs4963128_ENSG00000070047_LD.unphased.vcor1	567	10	8	rs12788170	1	rs11246176	1	0.285655	0.081598779025
567	rs7930365	rs35579818	8.25395760283236e-55	6.79883850066797e-45	1.21402466033349e-10	0.99999999983072	4.78840081461379e-11	2	9	rs4963128	ENSG00000070047	eqtl_rs4963128_ENSG00000070047_B38.txt	rs4963128_ENSG00000070047_LD.unphased.vcor1	567	10	8	rs12788170	1	rs11246176	1	0.249346	0.062173427716
567	rs936468	rs10902177	6.11636793963713e-167	4.41311497502109e-25	1.38595254695524e-142	1	2.93389923559803e-26	1	5	rs4963128	ENSG00000070047	eqtl_rs4963128_ENSG00000070047_B38.txt	rs4963128_ENSG00000070047_LD.unphased.vcor1	567	10	8	rs12788170	1	rs11246176	1	0.207467	0.043042556089
567	rs12796605	rs10902177	0	4.41311497501858e-25	0	1	5.34443201717804e-27	4	5	rs4963128	ENSG00000070047	eqtl_rs4963128_ENSG00000070047_B38.txt	rs4963128_ENSG00000070047_LD.unphased.vcor1	567	10	8	rs12788170	1	rs11246176	1	0.121185	0.014685804225
567	rs61876664	rs10902177	0	4.41311497502661e-25	0	1	5.90015844575104e-27	5	5	rs4963128	ENSG00000070047	eqtl_rs4963128_ENSG00000070047_B38.txt	rs4963128_ENSG00000070047_LD.unphased.vcor1	567	10	8	rs12788170	1	rs11246176	1	0.114376	0.013081869376
567	rs12788170	rs10902177	0	4.41311497501055e-25	0	1	4.31264980290323e-27	6	5	rs4963128	ENSG00000070047	eqtl_rs4963128_ENSG00000070047_B38.txt	rs4963128_ENSG00000070047_LD.unphased.vcor1	567	10	8	rs12788170	1	rs11246176	1	-0.107215	0.011495056225
567	rs34255371	rs10902177	0	4.41311497459313e-25	0	1	1.72038434047872e-26	7	5	rs4963128	ENSG00000070047	eqtl_rs4963128_ENSG00000070047_B38.txt	rs4963128_ENSG00000070047_LD.unphased.vcor1	567	10	8	rs12788170	1	rs11246176	1	0.248025	0.061516400625
567	rs7935013	rs10902177	0	4.41311497459313e-25	0	1	1.0578976125405e-25	8	5	rs4963128	ENSG00000070047	eqtl_rs4963128_ENSG00000070047_B38.txt	rs4963128_ENSG00000070047_LD.unphased.vcor1	567	10	8	rs12788170	1	rs11246176	1	0.24638	0.0607031044
567	rs7926440	rs10902177	0	4.41311497502159e-25	0	1	7.28413384411957e-27	9	5	rs4963128	ENSG00000070047	eqtl_rs4963128_ENSG00000070047_B38.txt	rs4963128_ENSG00000070047_LD.unphased.vcor1	567	10	8	rs12788170	1	rs11246176	1	0.196374	0.038562747876
567	rs12420071	rs10902177	0	4.41311497501055e-25	0	1	2.51283380216414e-27	3	5	rs4963128	ENSG00000070047	eqtl_rs4963128_ENSG00000070047_B38.txt	rs4963128_ENSG00000070047_LD.unphased.vcor1	567	10	8	rs12788170	1	rs11246176	1	-0.120098	0.014423529604
567	rs12272314	rs10902177	3.36164783062674e-127	4.41311497502134e-25	7.61740369252556e-103	1	5.73714764284382e-27	10	5	rs4963128	ENSG00000070047	eqtl_rs4963128_ENSG00000070047_B38.txt	rs4963128_ENSG00000070047_LD.unphased.vcor1	567	10	8	rs12788170	1	rs11246176	1	-0.254852	0.064949541904
567	rs7930365	rs10902177	5.357626277035e-35	4.41311157110823e-25	1.21402372414035e-10	0.99999922713694	7.72741659101602e-07	2	5	rs4963128	ENSG00000070047	eqtl_rs4963128_ENSG00000070047_B38.txt	rs4963128_ENSG00000070047_LD.unphased.vcor1	567	10	8	rs12788170	1	rs11246176	1	0.170524	0.029078434576
433	rs11681663	rs10497811	0	0	3.63600657403946e-16	0.949879025296403	0.050120974703383	1	1	rs9712275	ENSG00000115896	eqtl_rs9712275_ENSG00000115896_B38.txt	rs9712275_ENSG00000115896_LD.unphased.vcor1	433	1	7	rs72918841	0.229804836442228	rs12619300	1	-0.994761	0.989549447121
433	rs11681663	rs2859982	0	0	3.82745887137153e-16	1	5.30969718096953e-18	1	2	rs9712275	ENSG00000115896	eqtl_rs9712275_ENSG00000115896_B38.txt	rs9712275_ENSG00000115896_LD.unphased.vcor1	433	1	7	rs72918841	0.229804836442228	rs12619300	1	-0.0224768	0.00050520653824
433	rs11681663	rs7590725	0	0	3.82745887140634e-16	1	3.67477748431694e-16	1	3	rs9712275	ENSG00000115896	eqtl_rs9712275_ENSG00000115896_B38.txt	rs9712275_ENSG00000115896_LD.unphased.vcor1	433	1	7	rs72918841	0.229804836442228	rs12619300	1	0.63573	0.4041526329
433	rs11681663	rs7561950	0	0	3.82745887129495e-16	1	1.41948905638347e-11	1	4	rs9712275	ENSG00000115896	eqtl_rs9712275_ENSG00000115896_B38.txt	rs9712275_ENSG00000115896_LD.unphased.vcor1	433	1	7	rs72918841	0.229804836442228	rs12619300	1	0.633552	0.401388136704
433	rs11681663	rs12619300	0	0	3.8274588436693e-16	0.999999992724042	7.28171708303845e-09	1	6	rs9712275	ENSG00000115896	eqtl_rs9712275_ENSG00000115896_B38.txt	rs9712275_ENSG00000115896_LD.unphased.vcor1	433	1	7	rs72918841	0.229804836442228	rs12619300	1	0.633467	0.401280440089
433	rs11681663	rs7426237	0	0	3.82745887062658e-16	0.999999999796273	1.92865431120246e-10	1	9	rs9712275	ENSG00000115896	eqtl_rs9712275_ENSG00000115896_B38.txt	rs9712275_ENSG00000115896_LD.unphased.vcor1	433	1	7	rs72918841	0.229804836442228	rs12619300	1	-0.633953	0.401896406209
433	rs11681663	rs4850815	0	0	3.8274588436693e-16	0.999999992753146	7.2416968059368e-09	1	10	rs9712275	ENSG00000115896	eqtl_rs9712275_ENSG00000115896_B38.txt	rs9712275_ENSG00000115896_LD.unphased.vcor1	433	1	7	rs72918841	0.229804836442228	rs12619300	1	-0.635383	0.403711556689
760	rs4577450	rs73816227	6.24145285520046e-33	6.91091880709524e-30	0.00090228450066188	0.999064585775736	3.31297236046225e-05	1	3	rs4685426	ENSG00000154822	eqtl_rs4685426_ENSG00000154822_B38.txt	rs4685426_ENSG00000154822_LD.unphased.vcor1	760	1	9	rs34988338	0.194543084320614	rs12233493	1	-0.323786	0.104837373796
760	rs4577450	rs2278609	0	0	0.000902306167909984	0.999088625201712	9.06863032124948e-06	1	1	rs4685426	ENSG00000154822	eqtl_rs4685426_ENSG00000154822_B38.txt	rs4685426_ENSG00000154822_LD.unphased.vcor1	760	1	9	rs34988338	0.194543084320614	rs12233493	1	0.160224	0.025671730176
760	rs4577450	rs9821630	0	0	0.000736632409858239	0.815276539457893	0.183986828132201	1	2	rs4685426	ENSG00000154822	eqtl_rs4685426_ENSG00000154822_B38.txt	rs4685426_ENSG00000154822_LD.unphased.vcor1	760	1	9	rs34988338	0.194543084320614	rs12233493	1	-0.735314	0.540686678596
760	rs4577450	rs4685412	0	0	0.000842987470063827	0.933275585749352	0.0658814267812853	1	4	rs4685426	ENSG00000154822	eqtl_rs4685426_ENSG00000154822_B38.txt	rs4685426_ENSG00000154822_LD.unphased.vcor1	760	1	9	rs34988338	0.194543084320614	rs12233493	1	-0.59539	0.3544892521
760	rs4577450	rs6442627	1.89611895230955e-62	2.09949901601638e-59	0.000902304812715068	0.999087121637189	1.0573550094596e-05	1	5	rs4685426	ENSG00000154822	eqtl_rs4685426_ENSG00000154822_B38.txt	rs4685426_ENSG00000154822_LD.unphased.vcor1	760	1	9	rs34988338	0.194543084320614	rs12233493	1	0.206194	0.042515965636
760	rs4577450	rs12233493	0	0	0.000902302047390642	0.999084053553642	1.36444025655574e-05	1	6	rs4685426	ENSG00000154822	eqtl_rs4685426_ENSG00000154822_B38.txt	rs4685426_ENSG00000154822_LD.unphased.vcor1	760	1	9	rs34988338	0.194543084320614	rs12233493	1	0.459903	0.211510769409
760	rs4577450	rs71627166	0	0	0.000902306320182093	0.999088794147235	8.89953197655815e-06	1	7	rs4685426	ENSG00000154822	eqtl_rs4685426_ENSG00000154822_B38.txt	rs4685426_ENSG00000154822_LD.unphased.vcor1	760	1	9	rs34988338	0.194543084320614	rs12233493	1	-0.340606	0.116012447236
760	rs4577450	rs2197911	3.55221828713971e-39	3.93323361355631e-36	0.000902306126150685	0.999088578870647	9.1150031969359e-06	1	8	rs4685426	ENSG00000154822	eqtl_rs4685426_ENSG00000154822_B38.txt	rs4685426_ENSG00000154822_LD.unphased.vcor1	760	1	9	rs34988338	0.194543084320614	rs12233493	1	-0.232661	0.054131140921
760	rs4577450	rs6775709	0	0	0.000724580936413132	0.801905644171059	0.197369774893931	1	9	rs4685426	ENSG00000154822	eqtl_rs4685426_ENSG00000154822_B38.txt	rs4685426_ENSG00000154822_LD.unphased.vcor1	760	1	9	rs34988338	0.194543084320614	rs12233493	1	-0.761506	0.579891388036
538	rs2841281	rs10438246	0	0	0	1	5.87592199563722e-72	1	1	rs2841280	ENSG00000166428	eqtl_rs2841280_ENSG00000166428_B38.txt	rs2841280_ENSG00000166428_LD.unphased.vcor1	538	10	5	rs11625007	1	rs10438246	1	0.972248	0.945266173504
538	rs74090129	rs10438246	0	0	0	1	0	2	1	rs2841280	ENSG00000166428	eqtl_rs2841280_ENSG00000166428_B38.txt	rs2841280_ENSG00000166428_LD.unphased.vcor1	538	10	5	rs11625007	1	rs10438246	1	0.354576	0.125724139776
538	rs12436986	rs10438246	0	0	0	1	3.68303852170853e-222	3	1	rs2841280	ENSG00000166428	eqtl_rs2841280_ENSG00000166428_B38.txt	rs2841280_ENSG00000166428_LD.unphased.vcor1	538	10	5	rs11625007	1	rs10438246	1	0.98859	0.9773101881
538	rs4264326	rs10438246	0	0	0	1	3.15610534380731e-19	4	1	rs2841280	ENSG00000166428	eqtl_rs2841280_ENSG00000166428_B38.txt	rs2841280_ENSG00000166428_LD.unphased.vcor1	538	10	5	rs11625007	1	rs10438246	1	0.996164	0.992342714896
538	rs2582504	rs10438246	0	0	9.19921531552585e-117	1	1.27628609299275e-107	5	1	rs2841280	ENSG00000166428	eqtl_rs2841280_ENSG00000166428_B38.txt	rs2841280_ENSG00000166428_LD.unphased.vcor1	538	10	5	rs11625007	1	rs10438246	1	-0.323704	0.104784279616
538	rs74603289	rs10438246	0	0	0	1	0	6	1	rs2841280	ENSG00000166428	eqtl_rs2841280_ENSG00000166428_B38.txt	rs2841280_ENSG00000166428_LD.unphased.vcor1	538	10	5	rs11625007	1	rs10438246	1	-0.34642	0.1200068164
538	rs2841276	rs10438246	0	0	0	1	3.13094911296081e-129	7	1	rs2841280	ENSG00000166428	eqtl_rs2841280_ENSG00000166428_B38.txt	rs2841280_ENSG00000166428_LD.unphased.vcor1	538	10	5	rs11625007	1	rs10438246	1	0.953114	0.908426296996
538	rs61316883	rs10438246	0	0	4.84862838931763e-140	1	3.35357843039876e-138	8	1	rs2841280	ENSG00000166428	eqtl_rs2841280_ENSG00000166428_B38.txt	rs2841280_ENSG00000166428_LD.unphased.vcor1	538	10	5	rs11625007	1	rs10438246	1	-0.167447	0.028038497809
538	rs11848564	rs10438246	0	0	0	1	0	9	1	rs2841280	ENSG00000166428	eqtl_rs2841280_ENSG00000166428_B38.txt	rs2841280_ENSG00000166428_LD.unphased.vcor1	538	10	5	rs11625007	1	rs10438246	1	-0.657272	0.432006481984
538	rs11625007	rs10438246	0	0	0	1	3.21619630250004e-72	10	1	rs2841280	ENSG00000166428	eqtl_rs2841280_ENSG00000166428_B38.txt	rs2841280_ENSG00000166428_LD.unphased.vcor1	538	10	5	rs11625007	1	rs10438246	1	-0.890358	0.792737368164
538	rs2841281	rs12436986	0	0	0	1	2.471198908557e-121	1	2	rs2841280	ENSG00000166428	eqtl_rs2841280_ENSG00000166428_B38.txt	rs2841280_ENSG00000166428_LD.unphased.vcor1	538	10	5	rs11625007	1	rs10438246	1	0.958942	0.919569759364
538	rs74090129	rs12436986	0	0	0	1	0	2	2	rs2841280	ENSG00000166428	eqtl_rs2841280_ENSG00000166428_B38.txt	rs2841280_ENSG00000166428_LD.unphased.vcor1	538	10	5	rs11625007	1	rs10438246	1	0.359665	0.129358912225
538	rs12436986	rs12436986	0	0	0	0	1	3	2	rs2841280	ENSG00000166428	eqtl_rs2841280_ENSG00000166428_B38.txt	rs2841280_ENSG00000166428_LD.unphased.vcor1	538	10	5	rs11625007	1	rs10438246	1	1	1
538	rs4264326	rs12436986	0	0	0	1	1.66394703660755e-94	4	2	rs2841280	ENSG00000166428	eqtl_rs2841280_ENSG00000166428_B38.txt	rs2841280_ENSG00000166428_LD.unphased.vcor1	538	10	5	rs11625007	1	rs10438246	1	0.990514	0.981117984196
538	rs2582504	rs12436986	0	0	9.19921531539199e-117	1	2.71934740510791e-106	5	2	rs2841280	ENSG00000166428	eqtl_rs2841280_ENSG00000166428_B38.txt	rs2841280_ENSG00000166428_LD.unphased.vcor1	538	10	5	rs11625007	1	rs10438246	1	-0.328168	0.107694236224
538	rs74603289	rs12436986	0	0	0	1	0	6	2	rs2841280	ENSG00000166428	eqtl_rs2841280_ENSG00000166428_B38.txt	rs2841280_ENSG00000166428_LD.unphased.vcor1	538	10	5	rs11625007	1	rs10438246	1	-0.353349	0.124855515801
538	rs2841276	rs12436986	0	0	0	1	2.51970216593236e-148	7	2	rs2841280	ENSG00000166428	eqtl_rs2841280_ENSG00000166428_B38.txt	rs2841280_ENSG00000166428_LD.unphased.vcor1	538	10	5	rs11625007	1	rs10438246	1	0.941748	0.886889295504
538	rs61316883	rs12436986	0	0	4.84862838924707e-140	1	1.09821505258749e-138	8	2	rs2841280	ENSG00000166428	eqtl_rs2841280_ENSG00000166428_B38.txt	rs2841280_ENSG00000166428_LD.unphased.vcor1	538	10	5	rs11625007	1	rs10438246	1	-0.169296	0.028661135616
538	rs11848564	rs12436986	0	0	0	1	0	9	2	rs2841280	ENSG00000166428	eqtl_rs2841280_ENSG00000166428_B38.txt	rs2841280_ENSG00000166428_LD.unphased.vcor1	538	10	5	rs11625007	1	rs10438246	1	-0.643492	0.414081954064
538	rs11625007	rs12436986	0	0	0	1	7.44582592308014e-74	10	2	rs2841280	ENSG00000166428	eqtl_rs2841280_ENSG00000166428_B38.txt	rs2841280_ENSG00000166428_LD.unphased.vcor1	538	10	5	rs11625007	1	rs10438246	1	-0.880029	0.774451040841
538	rs2841281	rs4264326	0	0	0	1	1.69091466652675e-86	1	3	rs2841280	ENSG00000166428	eqtl_rs2841280_ENSG00000166428_B38.txt	rs2841280_ENSG00000166428_LD.unphased.vcor1	538	10	5	rs11625007	1	rs10438246	1	0.970384	0.941645107456
538	rs74090129	rs4264326	0	0	0	1	0	2	3	rs2841280	ENSG00000166428	eqtl_rs2841280_ENSG00000166428_B38.txt	rs2841280_ENSG00000166428_LD.unphased.vcor1	538	10	5	rs11625007	1	rs10438246	1	0.353896	0.125242378816
538	rs12436986	rs4264326	0	0	0	1	9.37645254152502e-167	3	3	rs2841280	ENSG00000166428	eqtl_rs2841280_ENSG00000166428_B38.txt	rs2841280_ENSG00000166428_LD.unphased.vcor1	538	10	5	rs11625007	1	rs10438246	1	0.990514	0.981117984196
538	rs4264326	rs4264326	0	0	0	0	1	4	3	rs2841280	ENSG00000166428	eqtl_rs2841280_ENSG00000166428_B38.txt	rs2841280_ENSG00000166428_LD.unphased.vcor1	538	10	5	rs11625007	1	rs10438246	1	1	1
538	rs2582504	rs4264326	0	0	9.19921531539199e-117	1	7.84285161862784e-107	5	3	rs2841280	ENSG00000166428	eqtl_rs2841280_ENSG00000166428_B38.txt	rs2841280_ENSG00000166428_LD.unphased.vcor1	538	10	5	rs11625007	1	rs10438246	1	-0.323084	0.104383271056
538	rs74603289	rs4264326	0	0	0	1	0	6	3	rs2841280	ENSG00000166428	eqtl_rs2841280_ENSG00000166428_B38.txt	rs2841280_ENSG00000166428_LD.unphased.vcor1	538	10	5	rs11625007	1	rs10438246	1	-0.348265	0.121288510225
538	rs2841276	rs4264326	0	0	0	1	1.50309888764213e-125	7	3	rs2841280	ENSG00000166428	eqtl_rs2841280_ENSG00000166428_B38.txt	rs2841280_ENSG00000166428_LD.unphased.vcor1	538	10	5	rs11625007	1	rs10438246	1	0.951287	0.904946956369
538	rs61316883	rs4264326	0	0	4.84862838924707e-140	1	1.03177044082834e-138	8	3	rs2841280	ENSG00000166428	eqtl_rs2841280_ENSG00000166428_B38.txt	rs2841280_ENSG00000166428_LD.unphased.vcor1	538	10	5	rs11625007	1	rs10438246	1	-0.167126	0.027931099876
538	rs11848564	rs4264326	0	0	0	1	0	9	3	rs2841280	ENSG00000166428	eqtl_rs2841280_ENSG00000166428_B38.txt	rs2841280_ENSG00000166428_LD.unphased.vcor1	538	10	5	rs11625007	1	rs10438246	1	-0.656012	0.430351744144
538	rs11625007	rs4264326	0	0	0	1	2.41256186702694e-69	10	3	rs2841280	ENSG00000166428	eqtl_rs2841280_ENSG00000166428_B38.txt	rs2841280_ENSG00000166428_LD.unphased.vcor1	538	10	5	rs11625007	1	rs10438246	1	-0.888651	0.789700599801
538	rs2841281	rs12433837	0	0	0	1	7.0594575240681e-140	1	5	rs2841280	ENSG00000166428	eqtl_rs2841280_ENSG00000166428_B38.txt	rs2841280_ENSG00000166428_LD.unphased.vcor1	538	10	5	rs11625007	1	rs10438246	1	-0.952861	0.907944085321
538	rs74090129	rs12433837	0	0	0	1	0	2	5	rs2841280	ENSG00000166428	eqtl_rs2841280_ENSG00000166428_B38.txt	rs2841280_ENSG00000166428_LD.unphased.vcor1	538	10	5	rs11625007	1	rs10438246	1	-0.359631	0.129334456161
538	rs12436986	rs12433837	0	0	0	1	4.90663230688345e-161	3	5	rs2841280	ENSG00000166428	eqtl_rs2841280_ENSG00000166428_B38.txt	rs2841280_ENSG00000166428_LD.unphased.vcor1	538	10	5	rs11625007	1	rs10438246	1	-0.990493	0.981076383049
538	rs4264326	rs12433837	0	0	0	1	8.8882139067504e-171	4	5	rs2841280	ENSG00000166428	eqtl_rs2841280_ENSG00000166428_B38.txt	rs2841280_ENSG00000166428_LD.unphased.vcor1	538	10	5	rs11625007	1	rs10438246	1	-0.982917	0.966125828889
538	rs2582504	rs12433837	0	0	9.19921531539199e-117	1	2.87578369465464e-106	5	5	rs2841280	ENSG00000166428	eqtl_rs2841280_ENSG00000166428_B38.txt	rs2841280_ENSG00000166428_LD.unphased.vcor1	538	10	5	rs11625007	1	rs10438246	1	0.327269	0.107104998361
538	rs74603289	rs12433837	0	0	0	1	0	6	5	rs2841280	ENSG00000166428	eqtl_rs2841280_ENSG00000166428_B38.txt	rs2841280_ENSG00000166428_LD.unphased.vcor1	538	10	5	rs11625007	1	rs10438246	1	0.349973	0.122481100729
538	rs2841276	rs12433837	0	0	0	1	2.17553905108166e-158	7	5	rs2841280	ENSG00000166428	eqtl_rs2841280_ENSG00000166428_B38.txt	rs2841280_ENSG00000166428_LD.unphased.vcor1	538	10	5	rs11625007	1	rs10438246	1	-0.937377	0.878675640129
538	rs61316883	rs12433837	0	0	4.84862838924707e-140	1	8.14990800513276e-139	8	5	rs2841280	ENSG00000166428	eqtl_rs2841280_ENSG00000166428_B38.txt	rs2841280_ENSG00000166428_LD.unphased.vcor1	538	10	5	rs11625007	1	rs10438246	1	0.167702	0.028123960804
538	rs11848564	rs12433837	0	0	0	1	0	9	5	rs2841280	ENSG00000166428	eqtl_rs2841280_ENSG00000166428_B38.txt	rs2841280_ENSG00000166428_LD.unphased.vcor1	538	10	5	rs11625007	1	rs10438246	1	0.63842	0.4075800964
538	rs11625007	rs12433837	0	0	0	1	4.85005196103533e-76	10	5	rs2841280	ENSG00000166428	eqtl_rs2841280_ENSG00000166428_B38.txt	rs2841280_ENSG00000166428_LD.unphased.vcor1	538	10	5	rs11625007	1	rs10438246	1	0.875616	0.766703379456
538	rs2841281	rs12433815	0	0	0	1	3.13232609045509e-143	1	6	rs2841280	ENSG00000166428	eqtl_rs2841280_ENSG00000166428_B38.txt	rs2841280_ENSG00000166428_LD.unphased.vcor1	538	10	5	rs11625007	1	rs10438246	1	0.95886	0.9194124996
538	rs74090129	rs12433815	0	0	0	1	0	2	6	rs2841280	ENSG00000166428	eqtl_rs2841280_ENSG00000166428_B38.txt	rs2841280_ENSG00000166428_LD.unphased.vcor1	538	10	5	rs11625007	1	rs10438246	1	0.357859	0.128063063881
538	rs12436986	rs12433815	0	0	0	0.99999999962165	3.81480718071433e-10	3	6	rs2841280	ENSG00000166428	eqtl_rs2841280_ENSG00000166428_B38.txt	rs2841280_ENSG00000166428_LD.unphased.vcor1	538	10	5	rs11625007	1	rs10438246	1	0.996186	0.992386546596
538	rs4264326	rs12433815	0	0	0	1	2.32942752127915e-135	4	6	rs2841280	ENSG00000166428	eqtl_rs2841280_ENSG00000166428_B38.txt	rs2841280_ENSG00000166428_LD.unphased.vcor1	538	10	5	rs11625007	1	rs10438246	1	0.990493	0.981076383049
538	rs2582504	rs12433815	0	0	9.19921531552585e-117	1	3.00307188848351e-104	5	6	rs2841280	ENSG00000166428	eqtl_rs2841280_ENSG00000166428_B38.txt	rs2841280_ENSG00000166428_LD.unphased.vcor1	538	10	5	rs11625007	1	rs10438246	1	-0.326349	0.106503669801
538	rs74603289	rs12433815	0	0	0	1	0	6	6	rs2841280	ENSG00000166428	eqtl_rs2841280_ENSG00000166428_B38.txt	rs2841280_ENSG00000166428_LD.unphased.vcor1	538	10	5	rs11625007	1	rs10438246	1	-0.354024	0.125332992576
538	rs2841276	rs12433815	0	0	0	1	1.93115217257733e-128	7	6	rs2841280	ENSG00000166428	eqtl_rs2841280_ENSG00000166428_B38.txt	rs2841280_ENSG00000166428_LD.unphased.vcor1	538	10	5	rs11625007	1	rs10438246	1	0.941632	0.886670823424
538	rs61316883	rs12433815	0	0	4.84862838931763e-140	1	5.37028943141616e-140	8	6	rs2841280	ENSG00000166428	eqtl_rs2841280_ENSG00000166428_B38.txt	rs2841280_ENSG00000166428_LD.unphased.vcor1	538	10	5	rs11625007	1	rs10438246	1	-0.163903	0.026864193409
538	rs11848564	rs12433815	0	0	0	1	0	9	6	rs2841280	ENSG00000166428	eqtl_rs2841280_ENSG00000166428_B38.txt	rs2841280_ENSG00000166428_LD.unphased.vcor1	538	10	5	rs11625007	1	rs10438246	1	-0.644721	0.415665167841
538	rs11625007	rs12433815	0	0	0	1	1.58932117760176e-64	10	6	rs2841280	ENSG00000166428	eqtl_rs2841280_ENSG00000166428_B38.txt	rs2841280_ENSG00000166428_LD.unphased.vcor1	538	10	5	rs11625007	1	rs10438246	1	-0.879715	0.773898481225
292	rs2953993	rs13278372	0	0	7.71220439692286e-06	0.667882613499433	0.332109674295617	1	1	rs774471019	ENSG00000070501	eqtl_rs774471019_ENSG00000070501_B38.txt	rs774471019_ENSG00000070501_LD.unphased.vcor1	292	1	6	rs12114935	0.503151407613667	rs7462320	1	0.918798	0.844189764804
292	rs2953993	rs4376487	1.81383669415272e-24	1.57235819332074e-19	1.15348184489087e-05	0.999917124130108	7.13410514406875e-05	1	2	rs774471019	ENSG00000070501	eqtl_rs774471019_ENSG00000070501_B38.txt	rs774471019_ENSG00000070501_LD.unphased.vcor1	292	1	6	rs12114935	0.503151407613667	rs7462320	1	-0.61036	0.3725393296
292	rs2953993	rs7463029	0	0	6.57166028839537e-06	0.568814279738194	0.431179148588768	1	4	rs774471019	ENSG00000070501	eqtl_rs774471019_ENSG00000070501_B38.txt	rs774471019_ENSG00000070501_LD.unphased.vcor1	292	1	6	rs12114935	0.503151407613667	rs7462320	1	0.918798	0.844189764804
292	rs2953993	rs11996105	4.14366052024975e-30	3.59200946279115e-25	1.14834582630593e-05	0.995455948101954	0.00453256843978703	1	6	rs774471019	ENSG00000070501	eqtl_rs774471019_ENSG00000070501_B38.txt	rs774471019_ENSG00000070501_LD.unphased.vcor1	292	1	6	rs12114935	0.503151407613667	rs7462320	1	0.807857	0.652632932449
292	rs2953993	rs7462320	0	0	1.1535632420322e-05	0.999987826168286	6.38199560787774e-07	1	9	rs774471019	ENSG00000070501	eqtl_rs774471019_ENSG00000070501_B38.txt	rs774471019_ENSG00000070501_LD.unphased.vcor1	292	1	6	rs12114935	0.503151407613667	rs7462320	1	0.90325	0.8158605625
292	rs2953993	rs74626069	1.20363884401279e-33	1.04339679767404e-28	1.15356188677901e-05	0.999986648986133	1.81539500329039e-06	1	3	rs774471019	ENSG00000070501	eqtl_rs774471019_ENSG00000070501_B38.txt	rs774471019_ENSG00000070501_LD.unphased.vcor1	292	1	6	rs12114935	0.503151407613667	rs7462320	1	0.237909	0.056600692281
153	rs73068668	rs73068668	7.51105402123304e-31	1.36220867291459e-28	1.15367489312056e-05	9.25189117630189e-05	0.999895944339301	1	1	rs73068668	ENSG00000105063	eqtl_rs73068668_ENSG00000105063_B38.txt	rs73068668_ENSG00000105063_LD.unphased.vcor1	153	1	8	rs73068668	0.955909714347699	rs7248953	1	1	1
153	rs73068668	rs45493898	3.10470616982525e-06	0.000563071129488841	0.00548026587290743	0.993903776089894	4.97822015402098e-05	1	2	rs73068668	ENSG00000105063	eqtl_rs73068668_ENSG00000105063_B38.txt	rs73068668_ENSG00000105063_LD.unphased.vcor1	153	1	8	rs73068668	0.955909714347699	rs7248953	1	-0.0693296	0.00480659343616
153	rs73068668	rs10410929	0.00379259747485617	0.687827455177178	0.00168273580997976	0.305178806923813	0.0015184046141728	1	4	rs73068668	ENSG00000105063	eqtl_rs73068668_ENSG00000105063_B38.txt	rs73068668_ENSG00000105063_LD.unphased.vcor1	153	1	8	rs73068668	0.955909714347699	rs7248953	1	0.115067	0.013240414489
153	rs73068668	rs7248953	2.49584056268444e-35	4.52646945567122e-33	0.00548149660500461	0.994126297457177	0.000392205937816351	1	5	rs73068668	ENSG00000105063	eqtl_rs73068668_ENSG00000105063_B38.txt	rs73068668_ENSG00000105063_LD.unphased.vcor1	153	1	8	rs73068668	0.955909714347699	rs7248953	1	0.263363	0.069360069769
153	rs73068668	rs10416122	0.00502417191127646	0.911186437004367	0.000449796720284715	0.0815718321521078	0.00176776221196419	1	7	rs73068668	ENSG00000105063	eqtl_rs73068668_ENSG00000105063_B38.txt	rs73068668_ENSG00000105063_LD.unphased.vcor1	153	1	8	rs73068668	0.955909714347699	rs7248953	1	-0.0481364	0.00231711300496
153	rs73068668	rs3826886	7.64376600991587e-16	1.38627738836683e-13	0.00270876922756228	0.49024971620309	0.50704151456921	1	8	rs73068668	ENSG00000105063	eqtl_rs73068668_ENSG00000105063_B38.txt	rs73068668_ENSG00000105063_LD.unphased.vcor1	153	1	8	rs73068668	0.955909714347699	rs7248953	1	0.511586	0.261720235396
153	rs73068668	rs12974813	1.68661672489753e-08	3.05885688485707e-06	0.00544993116261501	0.988390042881262	0.00615695023307241	1	9	rs73068668	ENSG00000105063	eqtl_rs73068668_ENSG00000105063_B38.txt	rs73068668_ENSG00000105063_LD.unphased.vcor1	153	1	8	rs73068668	0.955909714347699	rs7248953	1	0.523839	0.274407297921
153	rs73068668	rs4072920	4.48692546726654e-75	8.13751141844199e-73	0.00548180740899504	0.994182778614786	0.000335413976220365	1	3	rs73068668	ENSG00000105063	eqtl_rs73068668_ENSG00000105063_B38.txt	rs73068668_ENSG00000105063_LD.unphased.vcor1	153	1	8	rs73068668	0.955909714347699	rs7248953	1	0.304368	0.092639879424
										rs7404928	ENSG00000166501	eqtl_rs7404928_ENSG00000166501_B38.txt	rs7404928_ENSG00000166501_LD.unphased.vcor1	815	0	10	rs7404928	0.372401349790602	rs11644907	1		
481	rs2476601	rs2884603	0	0	6.63126063219862e-12	0.999999999993179	1.04602194490532e-13	1	1	rs2476601	ENSG00000134242	eqtl_rs2476601_ENSG00000134242_B38.txt	rs2476601_ENSG00000134242_LD.unphased.vcor1	481	1	8	rs2476601	0.955803639703085	rs13524	1	-0.0768887	0.00591187218769
481	rs2476601	rs1146187	0	0	6.63126063292386e-12	1	3.55294351340987e-13	1	6	rs2476601	ENSG00000134242	eqtl_rs2476601_ENSG00000134242_B38.txt	rs2476601_ENSG00000134242_LD.unphased.vcor1	481	1	8	rs2476601	0.955803639703085	rs13524	1	0.131567	0.017309875489
481	rs2476601	rs2476601	2.13368279310551e-61	3.21761262516318e-50	1.39762678587258e-14	0.000107849319729222	0.999892150680262	1	2	rs2476601	ENSG00000134242	eqtl_rs2476601_ENSG00000134242_B38.txt	rs2476601_ENSG00000134242_LD.unphased.vcor1	481	1	8	rs2476601	0.955803639703085	rs13524	1	1	1
481	rs2476601	rs1217394	1.11253693564047e-308	1.92629144504904e-305	6.63126063220013e-12	0.999999999993292	1.30669667139811e-13	1	3	rs2476601	ENSG00000134242	eqtl_rs2476601_ENSG00000134242_B38.txt	rs2476601_ENSG00000134242_LD.unphased.vcor1	481	1	8	rs2476601	0.955803639703085	rs13524	1	0.0869108	0.00755348715664
481	rs2476601	rs2185971	0	0	6.63126063060792e-12	1	5.62241836963694e-14	1	4	rs2476601	ENSG00000134242	eqtl_rs2476601_ENSG00000134242_B38.txt	rs2476601_ENSG00000134242_LD.unphased.vcor1	481	1	8	rs2476601	0.955803639703085	rs13524	1	-0.0561886	0.00315715876996
481	rs2476601	rs4328072	0	0	6.63126063292386e-12	1	3.40481587710112e-13	1	5	rs2476601	ENSG00000134242	eqtl_rs2476601_ENSG00000134242_B38.txt	rs2476601_ENSG00000134242_LD.unphased.vcor1	481	1	8	rs2476601	0.955803639703085	rs13524	1	0.131896	0.017396554816
481	rs2476601	rs13524	0	0	6.63126063292386e-12	1	5.51369008351328e-14	1	9	rs2476601	ENSG00000134242	eqtl_rs2476601_ENSG00000134242_B38.txt	rs2476601_ENSG00000134242_LD.unphased.vcor1	481	1	8	rs2476601	0.955803639703085	rs13524	1	0.0139046	0.00019333790116
481	rs2476601	rs75791290	0	0	6.63126063292386e-12	1	3.90928481230907e-14	1	10	rs2476601	ENSG00000134242	eqtl_rs2476601_ENSG00000134242_B38.txt	rs2476601_ENSG00000134242_LD.unphased.vcor1	481	1	8	rs2476601	0.955803639703085	rs13524	1	-0.0563395	0.00317413926025
295	rs2296618	rs12042054	0	0	0.00101832961645123	0.998526944481073	0.000454725902454568	1	5	rs2296618	ENSG00000081237	eqtl_rs2296618_ENSG00000081237_B38.txt	rs2296618_ENSG00000081237_LD.unphased.vcor1	295	2	9	rs2296618	0.997720559118735	rs10919593	1	0.223078	0.049763794084
295	rs12132271	rs12042054	0	0	0.134226613754766	0.856668370519004	0.00910501572631139	2	5	rs2296618	ENSG00000081237	eqtl_rs2296618_ENSG00000081237_B38.txt	rs2296618_ENSG00000081237_LD.unphased.vcor1	295	2	9	rs2296618	0.997720559118735	rs10919593	1	-0.101274	0.010256423076
295	rs2296618	rs12751817	1.5711273033043e-05	0.0154057620349961	0.00100303481921517	0.983530378956735	4.51129160205002e-05	1	3	rs2296618	ENSG00000081237	eqtl_rs2296618_ENSG00000081237_B38.txt	rs2296618_ENSG00000081237_LD.unphased.vcor1	295	2	9	rs2296618	0.997720559118735	rs10919593	1	-0.0771362	0.00594999335044
295	rs12132271	rs12751817	0.00208087928393105	0.0132809828723376	0.132846929206609	0.84787305956168	0.00391814907544185	2	3	rs2296618	ENSG00000081237	eqtl_rs2296618_ENSG00000081237_B38.txt	rs2296618_ENSG00000081237_LD.unphased.vcor1	295	2	9	rs2296618	0.997720559118735	rs10919593	1	0.0518677	0.00269025830329
295	rs2296618	rs10494783	3.59855635607657e-09	3.52858121519773e-06	0.00101864163912733	0.998833520611674	0.000144305569427326	1	6	rs2296618	ENSG00000081237	eqtl_rs2296618_ENSG00000081237_B38.txt	rs2296618_ENSG00000081237_LD.unphased.vcor1	295	2	9	rs2296618	0.997720559118735	rs10919593	1	-0.429144	0.184164572736
295	rs12132271	rs10494783	4.73267448763904e-07	3.02057737303928e-06	0.133967592015173	0.855011367729396	0.0110175464106083	2	6	rs2296618	ENSG00000081237	eqtl_rs2296618_ENSG00000081237_B38.txt	rs2296618_ENSG00000081237_LD.unphased.vcor1	295	2	9	rs2296618	0.997720559118735	rs10919593	1	0.523522	0.274075284484
295	rs2296618	rs7529585	1.7311709958429e-228	1.69750779250992e-225	0.00101875297251495	0.998942901003122	3.83460243871924e-05	1	7	rs2296618	ENSG00000081237	eqtl_rs2296618_ENSG00000081237_B38.txt	rs2296618_ENSG00000081237_LD.unphased.vcor1	295	2	9	rs2296618	0.997720559118735	rs10919593	1	-0.206959	0.042832027681
295	rs12132271	rs7529585	2.29803759296203e-226	1.46669718651148e-225	0.135234048768318	0.863113117913566	0.00165283331809023	2	7	rs2296618	ENSG00000081237	eqtl_rs2296618_ENSG00000081237_B38.txt	rs2296618_ENSG00000081237_LD.unphased.vcor1	295	2	9	rs2296618	0.997720559118735	rs10919593	1	-0.0434627	0.00188900629129
295	rs2296618	rs10919593	0	0	0.00101581882435273	0.996060036743954	0.00292414443175573	1	9	rs2296618	ENSG00000081237	eqtl_rs2296618_ENSG00000081237_B38.txt	rs2296618_ENSG00000081237_LD.unphased.vcor1	295	2	9	rs2296618	0.997720559118735	rs10919593	1	0.173495	0.030100515025
295	rs12132271	rs10919593	0	0	0.130490511975292	0.832767839084296	0.036741648940424	2	9	rs2296618	ENSG00000081237	eqtl_rs2296618_ENSG00000081237_B38.txt	rs2296618_ENSG00000081237_LD.unphased.vcor1	295	2	9	rs2296618	0.997720559118735	rs10919593	1	-0.0449059	0.00201653985481
295	rs2296618	rs75652439	3.94546210290649e-131	3.86874126289054e-128	0.00101877607110772	0.998965595871976	1.56280569205087e-05	1	10	rs2296618	ENSG00000081237	eqtl_rs2296618_ENSG00000081237_B38.txt	rs2296618_ENSG00000081237_LD.unphased.vcor1	295	2	9	rs2296618	0.997720559118735	rs10919593	1	0.0847857	0.00718861492449
295	rs12132271	rs75652439	5.22906261641842e-129	3.33739162974606e-128	0.135022051384212	0.861756931588463	0.00322101702733152	2	10	rs2296618	ENSG00000081237	eqtl_rs2296618_ENSG00000081237_B38.txt	rs2296618_ENSG00000081237_LD.unphased.vcor1	295	2	9	rs2296618	0.997720559118735	rs10919593	1	-0.0912817	0.00833234875489
295	rs2296618	rs7538393	1.83183007728051e-286	1.79620952419186e-283	0.00101875282861021	0.99894275961355	3.8487557879874e-05	1	1	rs2296618	ENSG00000081237	eqtl_rs2296618_ENSG00000081237_B38.txt	rs2296618_ENSG00000081237_LD.unphased.vcor1	295	2	9	rs2296618	0.997720559118735	rs10919593	1	0.191496	0.036670718016
295	rs12132271	rs7538393	2.431115063718e-284	1.5516324167025e-283	0.135203880455793	0.862920125660052	0.00187599388410393	2	1	rs2296618	ENSG00000081237	eqtl_rs2296618_ENSG00000081237_B38.txt	rs2296618_ENSG00000081237_LD.unphased.vcor1	295	2	9	rs2296618	0.997720559118735	rs10919593	1	0.000191853	3.6807573609e-08
295	rs2296618	rs10922466	2.99887238626918e-20	2.94055830224698e-17	0.00101809156914409	0.998293057834547	0.000688850596307685	1	4	rs2296618	ENSG00000081237	eqtl_rs2296618_ENSG00000081237_B38.txt	rs2296618_ENSG00000081237_LD.unphased.vcor1	295	2	9	rs2296618	0.997720559118735	rs10919593	1	-0.626986	0.393111444196
295	rs12132271	rs10922466	3.83973854519692e-18	2.45067084125503e-17	0.130355845033003	0.83190634984281	0.0377378051241869	2	4	rs2296618	ENSG00000081237	eqtl_rs2296618_ENSG00000081237_B38.txt	rs2296618_ENSG00000081237_LD.unphased.vcor1	295	2	9	rs2296618	0.997720559118735	rs10919593	1	0.8217	0.67519089
295	rs2296618	rs1052240	6.67741741516812e-18	6.54757278357183e-15	0.00101863484049497	0.998826833729279	0.000154531430219192	1	2	rs2296618	ENSG00000081237	eqtl_rs2296618_ENSG00000081237_B38.txt	rs2296618_ENSG00000081237_LD.unphased.vcor1	295	2	9	rs2296618	0.997720559118735	rs10919593	1	0.339453	0.115228339209
295	rs12132271	rs1052240	8.85419481786896e-16	5.65109233546265e-15	0.135070054262652	0.862064014846033	0.00286593089131032	2	2	rs2296618	ENSG00000081237	eqtl_rs2296618_ENSG00000081237_B38.txt	rs2296618_ENSG00000081237_LD.unphased.vcor1	295	2	9	rs2296618	0.997720559118735	rs10919593	1	-0.179337	0.032161759569
399	rs9437	rs6987523	0	0	2.18084494516931e-05	0.625206689757267	0.374771501793272	1	1	rs9437	ENSG00000104388	eqtl_rs9437_ENSG00000104388_B38.txt	rs9437_ENSG00000104388_LD.unphased.vcor1	399	1	10	rs9437	0.0345652975411663	rs10808707	1	0.989268	0.978651175824
399	rs9437	rs7825612	0	0	3.3576998525611e-05	0.963669994668103	0.0362964283335307	1	4	rs9437	ENSG00000104388	eqtl_rs9437_ENSG00000104388_B38.txt	rs9437_ENSG00000104388_LD.unphased.vcor1	399	1	10	rs9437	0.0345652975411663	rs10808707	1	-0.60011	0.3601320121
399	rs9437	rs7007434	0	0	5.85990757314032e-06	0.16652685090532	0.833467289186749	1	2	rs9437	ENSG00000104388	eqtl_rs9437_ENSG00000104388_B38.txt	rs9437_ENSG00000104388_LD.unphased.vcor1	399	1	10	rs9437	0.0345652975411663	rs10808707	1	0.602495	0.363000225025
399	rs9437	rs55746608	0	0	3.48389761596643e-05	0.999964453577067	7.07447638049191e-07	1	3	rs9437	ENSG00000104388	eqtl_rs9437_ENSG00000104388_B38.txt	rs9437_ENSG00000104388_LD.unphased.vcor1	399	1	10	rs9437	0.0345652975411663	rs10808707	1	0.449807	0.202326337249
399	rs9437	rs7009186	0	0	2.69317683608782e-05	0.772553269132425	0.227419799101948	1	5	rs9437	ENSG00000104388	eqtl_rs9437_ENSG00000104388_B38.txt	rs9437_ENSG00000104388_LD.unphased.vcor1	399	1	10	rs9437	0.0345652975411663	rs10808707	1	0.94584	0.8946133056
399	rs9437	rs13266707	0	0	2.850855547791e-05	0.817901644310224	0.182069847138935	1	6	rs9437	ENSG00000104388	eqtl_rs9437_ENSG00000104388_B38.txt	rs9437_ENSG00000104388_LD.unphased.vcor1	399	1	10	rs9437	0.0345652975411663	rs10808707	1	0.954487	0.911045433169
399	rs9437	rs192564335	0	0	3.48385453648665e-05	0.999952063924235	1.3097530303532e-05	1	7	rs9437	ENSG00000104388	eqtl_rs9437_ENSG00000104388_B38.txt	rs9437_ENSG00000104388_LD.unphased.vcor1	399	1	10	rs9437	0.0345652975411663	rs10808707	1	-0.576543	0.332401830849
399	rs9437	rs2155831	0	0	3.48379361935378e-05	0.999934544178825	3.06178877305737e-05	1	8	rs9437	ENSG00000104388	eqtl_rs9437_ENSG00000104388_B38.txt	rs9437_ENSG00000104388_LD.unphased.vcor1	399	1	10	rs9437	0.0345652975411663	rs10808707	1	-0.459561	0.211196312721
399	rs9437	rs10808707	0	0	3.4838269463187e-05	0.999944129191274	2.10324434005918e-05	1	9	rs9437	ENSG00000104388	eqtl_rs9437_ENSG00000104388_B38.txt	rs9437_ENSG00000104388_LD.unphased.vcor1	399	1	10	rs9437	0.0345652975411663	rs10808707	1	0.469591	0.220515707281
399	rs9437	rs6994192	0	0	3.48382388993822e-05	0.999943250305087	2.191144183663e-05	1	10	rs9437	ENSG00000104388	eqtl_rs9437_ENSG00000104388_B38.txt	rs9437_ENSG00000104388_LD.unphased.vcor1	399	1	10	rs9437	0.0345652975411663	rs10808707	1	-0.469591	0.220515707281
378	rs7163084	rs34315569	1.12757154826879e-67	2.27168966808878e-58	4.96358091304851e-10	0.999999999486192	1.74450383449279e-11	2	1	rs8035957	ENSG00000172575	eqtl_rs8035957_ENSG00000172575_B38.txt	rs8035957_ENSG00000172575_LD.unphased.vcor1	378	4	6	rs7163084	0.999664840208399	rs34315569	0.999999999227221	-0.25306	0.0640393636
378	rs8035957	rs34315569	8.58252934876007e-74	2.27168966925587e-58	3.77803775969604e-16	1	1.33806755692616e-17	1	1	rs8035957	ENSG00000172575	eqtl_rs8035957_ENSG00000172575_B38.txt	rs8035957_ENSG00000172575_LD.unphased.vcor1	378	4	6	rs7163084	0.999664840208399	rs34315569	0.999999999227221	0.185406	0.034375384836
378	rs12595568	rs34315569	1.88784515223383e-61	2.26972041834149e-58	0.000831031270592617	0.999133062020366	3.59067090425063e-05	3	1	rs8035957	ENSG00000172575	eqtl_rs8035957_ENSG00000172575_B38.txt	rs8035957_ENSG00000172575_LD.unphased.vcor1	378	4	6	rs7163084	0.999664840208399	rs34315569	0.999999999227221	-0.299554	0.089732598916
378	rs12899637	rs34315569	2.14070365680228e-59	2.05343144685011e-58	0.0942339830027709	0.903918824010967	0.00184719298626144	4	1	rs8035957	ENSG00000172575	eqtl_rs8035957_ENSG00000172575_B38.txt	rs8035957_ENSG00000172575_LD.unphased.vcor1	378	4	6	rs7163084	0.999664840208399	rs34315569	0.999999999227221	-0.271053	0.073469728809
378	rs7163084	rs35369047	2.49092548878225e-11	0.0501840411416332	4.70615077660863e-10	0.948132839584945	0.00168311877789681	2	6	rs8035957	ENSG00000172575	eqtl_rs8035957_ENSG00000172575_B38.txt	rs8035957_ENSG00000172575_LD.unphased.vcor1	378	4	6	rs7163084	0.999664840208399	rs34315569	0.999999999227221	-0.291193	0.084793363249
378	rs8035957	rs35369047	1.89896853783535e-17	0.0502633551758927	3.58775575557586e-16	0.949634495982432	0.000102148841671948	1	6	rs8035957	ENSG00000172575	eqtl_rs8035957_ENSG00000172575_B38.txt	rs8035957_ENSG00000172575_LD.unphased.vcor1	378	4	6	rs7163084	0.999664840208399	rs34315569	0.999999999227221	0.225645	0.050915666025
378	rs12595568	rs35369047	4.17522367666386e-05	0.050197922318223	0.000788832594027225	0.948397317061916	0.00057417578906645	3	6	rs8035957	ENSG00000172575	eqtl_rs8035957_ENSG00000172575_B38.txt	rs8035957_ENSG00000172575_LD.unphased.vcor1	378	4	6	rs7163084	0.999664840208399	rs34315569	0.999999999227221	-0.326358	0.106509544164
378	rs12899637	rs35369047	0.000146764682949539	0.0014078138013075	0.00277285181653248	0.0246560488526899	0.97101652084652	4	6	rs8035957	ENSG00000172575	eqtl_rs8035957_ENSG00000172575_B38.txt	rs8035957_ENSG00000172575_LD.unphased.vcor1	378	4	6	rs7163084	0.999664840208399	rs34315569	0.999999999227221	-0.785889	0.617621520321
378	rs7163084	rs4924290	4.15543259799558e-32	8.37184417591881e-23	4.96358091229532e-10	0.999999999334165	1.69477613510546e-10	2	4	rs8035957	ENSG00000172575	eqtl_rs8035957_ENSG00000172575_B38.txt	rs8035957_ENSG00000172575_LD.unphased.vcor1	378	4	6	rs7163084	0.999664840208399	rs34315569	0.999999999227221	0.40109	0.1608731881
378	rs8035957	rs4924290	3.16291434359619e-38	8.37184418149034e-23	3.77803775969604e-16	1	1.66238979241354e-16	1	4	rs8035957	ENSG00000172575	eqtl_rs8035957_ENSG00000172575_B38.txt	rs8035957_ENSG00000172575_LD.unphased.vcor1	378	4	6	rs7163084	0.999664840208399	rs34315569	0.999999999227221	-0.272606	0.074314031236
378	rs12595568	rs4924290	5.62202754254206e-28	6.7592570771426e-25	6.71539916494393e-06	0.00608598243561811	0.993907302165219	3	4	rs8035957	ENSG00000172575	eqtl_rs8035957_ENSG00000172575_B38.txt	rs8035957_ENSG00000172575_LD.unphased.vcor1	378	4	6	rs7163084	0.999664840208399	rs34315569	0.999999999227221	0.990521	0.981131851441
378	rs12899637	rs4924290	7.88895287802477e-24	7.56733603503667e-23	0.0942319602109514	0.903899377806589	0.00186866198246036	4	4	rs8035957	ENSG00000172575	eqtl_rs8035957_ENSG00000172575_B38.txt	rs8035957_ENSG00000172575_LD.unphased.vcor1	378	4	6	rs7163084	0.999664840208399	rs34315569	0.999999999227221	0.324504	0.105302846016
378	rs7163084	rs61573680	6.61769381793426e-35	1.33324991180006e-25	4.96358091265558e-10	0.999999999406882	9.67556066505123e-11	2	2	rs8035957	ENSG00000172575	eqtl_rs8035957_ENSG00000172575_B38.txt	rs8035957_ENSG00000172575_LD.unphased.vcor1	378	4	6	rs7163084	0.999664840208399	rs34315569	0.999999999227221	-0.271777	0.073862737729
378	rs8035957	rs61573680	5.03706851287857e-41	1.33324991259057e-25	3.77803775969601e-16	1	1.09813421961553e-16	1	2	rs8035957	ENSG00000172575	eqtl_rs8035957_ENSG00000172575_B38.txt	rs8035957_ENSG00000172575_LD.unphased.vcor1	378	4	6	rs7163084	0.999664840208399	rs34315569	0.999999999227221	-0.24587	0.0604520569
378	rs12595568	rs61573680	1.10799768279032e-28	1.33212459778732e-25	0.000831050257215037	0.999155935060432	1.30146823496782e-05	3	2	rs8035957	ENSG00000172575	eqtl_rs8035957_ENSG00000172575_B38.txt	rs8035957_ENSG00000172575_LD.unphased.vcor1	378	4	6	rs7163084	0.999664840208399	rs34315569	0.999999999227221	-0.279698	0.078230971204
378	rs12899637	rs61573680	1.25374854173764e-26	1.20263571927196e-25	0.0940370241091219	0.902025350414277	0.00393762547659848	4	2	rs8035957	ENSG00000172575	eqtl_rs8035957_ENSG00000172575_B38.txt	rs8035957_ENSG00000172575_LD.unphased.vcor1	378	4	6	rs7163084	0.999664840208399	rs34315569	0.999999999227221	-0.262082	0.068686974724
378	rs7163084	rs11073343	6.1035474836035e-20	1.22966615985295e-10	4.96358091244623e-10	0.999999999364874	1.58036056454838e-11	2	3	rs8035957	ENSG00000172575	eqtl_rs8035957_ENSG00000172575_B38.txt	rs8035957_ENSG00000172575_LD.unphased.vcor1	378	4	6	rs7163084	0.999664840208399	rs34315569	0.999999999227221	0.371097	0.137712983409
378	rs8035957	rs11073343	4.64572512413886e-26	1.22966614407598e-10	3.77803770882329e-16	0.999999986507874	1.33691587235602e-08	1	3	rs8035957	ENSG00000172575	eqtl_rs8035957_ENSG00000172575_B38.txt	rs8035957_ENSG00000172575_LD.unphased.vcor1	378	4	6	rs7163084	0.999664840208399	rs34315569	0.999999999227221	-0.420207	0.176573922849
378	rs12595568	rs11073343	1.02036061214427e-13	1.22676021002829e-10	0.000829786689111023	0.997633724147312	0.00153648904079923	3	3	rs8035957	ENSG00000172575	eqtl_rs8035957_ENSG00000172575_B38.txt	rs8035957_ENSG00000172575_LD.unphased.vcor1	378	4	6	rs7163084	0.999664840208399	rs34315569	0.999999999227221	0.354233	0.125481018289
378	rs12899637	rs11073343	1.15977226567883e-11	1.11249066817914e-10	0.0943160268052713	0.904707555969088	0.00097641710279376	4	3	rs8035957	ENSG00000172575	eqtl_rs8035957_ENSG00000172575_B38.txt	rs8035957_ENSG00000172575_LD.unphased.vcor1	378	4	6	rs7163084	0.999664840208399	rs34315569	0.999999999227221	0.28699	0.0823632601
378	rs7163084	rs2643206	1.6270558557471e-12	0.00327798797564457	4.94724792012432e-10	0.996709407810384	1.26037176186281e-05	2	5	rs8035957	ENSG00000172575	eqtl_rs8035957_ENSG00000172575_B38.txt	rs8035957_ENSG00000172575_LD.unphased.vcor1	378	4	6	rs7163084	0.999664840208399	rs34315569	0.999999999227221	-0.066567	0.004431165489
378	rs8035957	rs2643206	1.2384379006579e-18	0.00327799238501404	3.76561093867279e-16	0.99671075122385	1.12563911388493e-05	1	5	rs8035957	ENSG00000172575	eqtl_rs8035957_ENSG00000172575_B38.txt	rs8035957_ENSG00000172575_LD.unphased.vcor1	378	4	6	rs7163084	0.999664840208399	rs34315569	0.999999999227221	-0.00899427	8.08968928329e-05
378	rs12595568	rs2643206	2.72152017176531e-06	0.00327203208137849	0.000827509084078735	0.994896473268045	0.00100126404632497	3	5	rs8035957	ENSG00000172575	eqtl_rs8035957_ENSG00000172575_B38.txt	rs8035957_ENSG00000172575_LD.unphased.vcor1	378	4	6	rs7163084	0.999664840208399	rs34315569	0.999999999227221	0.377989	0.142875684121
378	rs12899637	rs2643206	0.000308948090993557	0.00296352894747762	0.0939391721061983	0.901091203647629	0.00169714720770173	4	5	rs8035957	ENSG00000172575	eqtl_rs8035957_ENSG00000172575_B38.txt	rs8035957_ENSG00000172575_LD.unphased.vcor1	378	4	6	rs7163084	0.999664840208399	rs34315569	0.999999999227221	-0.00868469	7.54238403961e-05
454	rs13385731	rs4077711	2.34328435049728e-195	1.92201725983774e-145	1.21917966059003e-50	1	3.342258015685e-50	1	1	rs13385731	ENSG00000152689	eqtl_rs13385731_ENSG00000152689_B38.txt	rs13385731_ENSG00000152689_LD.unphased.vcor1	454	1	10	rs13385731	0.982117428150733	rs13426291	1	-0.21044	0.0442849936
454	rs13385731	rs4491711	2.84805908629794e-147	2.33604543970119e-97	1.21917966059006e-50	1	5.29374579720716e-53	1	2	rs13385731	ENSG00000152689	eqtl_rs13385731_ENSG00000152689_B38.txt	rs13385731_ENSG00000152689_LD.unphased.vcor1	454	1	10	rs13385731	0.982117428150733	rs13426291	1	0	0
454	rs13385731	rs10495792	4.29655800732477e-102	3.52413852216431e-52	1.2191796605901e-50	1	4.13564608218267e-53	1	4	rs13385731	ENSG00000152689	eqtl_rs13385731_ENSG00000152689_B38.txt	rs13385731_ENSG00000152689_LD.unphased.vcor1	454	1	10	rs13385731	0.982117428150733	rs13426291	1	-0.0756527	0.00572333101729
454	rs13385731	rs13426291	3.22404199633629e-110	2.64443551721968e-60	1.2191796605901e-50	1	3.83529441202473e-53	1	5	rs13385731	ENSG00000152689	eqtl_rs13385731_ENSG00000152689_B38.txt	rs13385731_ENSG00000152689_LD.unphased.vcor1	454	1	10	rs13385731	0.982117428150733	rs13426291	1	-0.0742781	0.00551723613961
454	rs13385731	rs116263027	1.40865104534108e-60	1.15540891213628e-10	1.21917966044898e-50	0.999999999884238	2.23272102813667e-13	1	6	rs13385731	ENSG00000152689	eqtl_rs13385731_ENSG00000152689_B38.txt	rs13385731_ENSG00000152689_LD.unphased.vcor1	454	1	10	rs13385731	0.982117428150733	rs13426291	1	0.0599278	0.00359134121284
454	rs13385731	rs13014054	3.03892693033839e-69	2.49259976078301e-19	1.21917966059012e-50	1	7.46602919133868e-20	1	7	rs13385731	ENSG00000152689	eqtl_rs13385731_ENSG00000152689_B38.txt	rs13385731_ENSG00000152689_LD.unphased.vcor1	454	1	10	rs13385731	0.982117428150733	rs13426291	1	-0.230714	0.053228949796
454	rs13385731	rs17013215	6.99018771582844e-63	5.73351733283108e-13	1.21917966058942e-50	0.999999999999432	1.08086889910346e-15	1	8	rs13385731	ENSG00000152689	eqtl_rs13385731_ENSG00000152689_B38.txt	rs13385731_ENSG00000152689_LD.unphased.vcor1	454	1	10	rs13385731	0.982117428150733	rs13426291	1	-0.094177	0.008869307329
454	rs13385731	rs11124318	1.90396459281945e-66	1.56167680151251e-16	1.21917966059012e-50	1	6.99298434928268e-19	1	9	rs13385731	ENSG00000152689	eqtl_rs13385731_ENSG00000152689_B38.txt	rs13385731_ENSG00000152689_LD.unphased.vcor1	454	1	10	rs13385731	0.982117428150733	rs13426291	1	-0.0574913	0.00330524957569
454	rs13385731	rs13032602	3.98448547421048e-66	3.26816924773986e-16	1.2191796605901e-50	1	2.63583554062313e-16	1	10	rs13385731	ENSG00000152689	eqtl_rs13385731_ENSG00000152689_B38.txt	rs13385731_ENSG00000152689_LD.unphased.vcor1	454	1	10	rs13385731	0.982117428150733	rs13426291	1	0.43184	0.1864857856
454	rs13385731	rs11680631	2.7810549045216e-187	2.28108702467652e-137	1.21917966059003e-50	1	4.70147967048873e-46	1	3	rs13385731	ENSG00000152689	eqtl_rs13385731_ENSG00000152689_B38.txt	rs13385731_ENSG00000152689_LD.unphased.vcor1	454	1	10	rs13385731	0.982117428150733	rs13426291	1	0.322698	0.104133999204
338	rs301799	rs11121186	0	0	0.000139439030918512	0.256570209476269	0.743290351473965	1	1	rs301799	ENSG00000232912	eqtl_rs301799_ENSG00000232912_B38.txt	rs301799_ENSG00000232912_LD.unphased.vcor1	338	1	5	rs301799	0.242185488061082	rs11121186	1	0.896417	0.803563437889
338	rs301799	rs12402539	0	0	0.000533584809240961	0.987469840199505	0.0119965749909763	1	3	rs301799	ENSG00000232912	eqtl_rs301799_ENSG00000232912_B38.txt	rs301799_ENSG00000232912_LD.unphased.vcor1	338	1	5	rs301799	0.242185488061082	rs11121186	1	-0.618943	0.383090437249
338	rs301799	rs11584261	0	0	0.000535113227322693	0.99030412205623	0.00916076470605803	1	4	rs301799	ENSG00000232912	eqtl_rs301799_ENSG00000232912_B38.txt	rs301799_ENSG00000232912_LD.unphased.vcor1	338	1	5	rs301799	0.242185488061082	rs11121186	1	-0.618943	0.383090437249
338	rs301799	rs2399144	0	0	0.000539941380589952	0.999257396694095	0.000202661928479792	1	10	rs301799	ENSG00000232912	eqtl_rs301799_ENSG00000232912_B38.txt	rs301799_ENSG00000232912_LD.unphased.vcor1	338	1	5	rs301799	0.242185488061082	rs11121186	1	0.567158	0.321668196964
338	rs301799	rs35835152	8.05974450681777e-05	0.149159943475329	0.000444205730604344	0.822025331217729	0.028289922131269	1	2	rs301799	ENSG00000232912	eqtl_rs301799_ENSG00000232912_B38.txt	rs301799_ENSG00000232912_LD.unphased.vcor1	338	1	5	rs301799	0.242185488061082	rs11121186	1	0.151081	0.022825468561
86	rs2816316	rs2984920	0	0	3.26481775395619e-05	0.110623105953123	0.889344245869337	1	4	rs2816316	ENSG00000090104	eqtl_rs2816316_ENSG00000090104_B38.txt	rs2816316_ENSG00000090104_LD.unphased.vcor1	86	1	5	rs2816316	0.348950990086804	rs2984920	0.999999999999982	-0.996982	0.993973108324
86	rs2816316	rs1323296	0	0	7.53926951726193e-06	0.0240043707406594	0.975988089989981	1	5	rs2816316	ENSG00000090104	eqtl_rs2816316_ENSG00000090104_B38.txt	rs2816316_ENSG00000090104_LD.unphased.vcor1	86	1	5	rs2816316	0.348950990086804	rs2984920	0.999999999999982	-0.99698	0.9939691204
86	rs2816316	rs6692015	0.000102063292420511	0.351385531431438	0.000188099371811313	0.647590788302971	0.000733517601359649	1	1	rs2816316	ENSG00000090104	eqtl_rs2816316_ENSG00000090104_B38.txt	rs2816316_ENSG00000090104_LD.unphased.vcor1	86	1	5	rs2816316	0.348950990086804	rs2984920	0.999999999999982	-0.0750919	0.00563879344561
86	rs2816316	rs2760529	1.77840878074101e-14	6.1227410923443e-11	0.000182436750322654	0.627351938294933	0.372465624893499	1	3	rs2816316	ENSG00000090104	eqtl_rs2816316_ENSG00000090104_B38.txt	rs2816316_ENSG00000090104_LD.unphased.vcor1	86	1	5	rs2816316	0.348950990086804	rs2984920	0.999999999999982	0.895118	0.801236233924
86	rs2816316	rs10489869	0.000124221105304069	0.427670889965323	0.000138104636432522	0.475275804880542	0.0967909794123982	1	2	rs2816316	ENSG00000090104	eqtl_rs2816316_ENSG00000090104_B38.txt	rs2816316_ENSG00000090104_LD.unphased.vcor1	86	1	5	rs2816316	0.348950990086804	rs2984920	0.999999999999982	0.6218	0.38663524
439	rs2046616	rs2181897	0	0	3.59354344904589e-07	0.999997608250073	2.03239851668104e-06	1	1	rs2046616	ENSG00000122484	eqtl_rs2046616_ENSG00000122484_B38.txt	rs2046616_ENSG00000122484_LD.unphased.vcor1	439	1	2	rs2046616	0.39282356113332	rs112568157	1	-0.612606	0.375286111236
439	rs2046616	rs112568157	0	0	3.59355072786441e-07	0.999999637831999	2.81794138858151e-09	1	2	rs2046616	ENSG00000122484	eqtl_rs2046616_ENSG00000122484_B38.txt	rs2046616_ENSG00000122484_LD.unphased.vcor1	439	1	2	rs2046616	0.39282356113332	rs112568157	1	-0.612967	0.375728543089
321	rs74804869	rs137618	0	0	8.1423638796427e-23	0.999999999983629	1.58444957843211e-11	1	1	rs74804869	ENSG00000100316	eqtl_rs74804869_ENSG00000100316_B38.txt	rs74804869_ENSG00000100316_LD.unphased.vcor1	321	2	8	rs74804869	0.996919670944311	rs137575	1	-0.752545	0.566323977025
321	rs139298	rs137618	0	0	0.20229534690558	0.793761674342323	0.00394297875128011	3	1	rs74804869	ENSG00000100316	eqtl_rs74804869_ENSG00000100316_B38.txt	rs74804869_ENSG00000100316_LD.unphased.vcor1	321	2	8	rs74804869	0.996919670944311	rs137575	1	-0.181361	0.032891812321
321	rs74804869	rs75712317	0	0	8.08244779417285e-23	0.992626691854575	0.00737330814570393	1	2	rs74804869	ENSG00000100316	eqtl_rs74804869_ENSG00000100316_B38.txt	rs74804869_ENSG00000100316_LD.unphased.vcor1	321	2	8	rs74804869	0.996919670944311	rs137575	1	0.892604	0.796741900816
321	rs139298	rs75712317	0	0	0.202586254188855	0.794906011255225	0.00250773455619992	3	2	rs74804869	ENSG00000100316	eqtl_rs74804869_ENSG00000100316_B38.txt	rs74804869_ENSG00000100316_LD.unphased.vcor1	321	2	8	rs74804869	0.996919670944311	rs137575	1	0.186367	0.034732658689
321	rs74804869	rs5757600	0	0	8.14236387976859e-23	1	8.0715079821234e-17	1	3	rs74804869	ENSG00000100316	eqtl_rs74804869_ENSG00000100316_B38.txt	rs74804869_ENSG00000100316_LD.unphased.vcor1	321	2	8	rs74804869	0.996919670944311	rs137575	1	-0.727377	0.529077300129
321	rs139298	rs5757600	0	0	0.196197814871222	0.769775918792196	0.0340262663366522	3	3	rs74804869	ENSG00000100316	eqtl_rs74804869_ENSG00000100316_B38.txt	rs74804869_ENSG00000100316_LD.unphased.vcor1	321	2	8	rs74804869	0.996919670944311	rs137575	1	-0.144611	0.020912341321
321	rs74804869	rs137578	0	0	8.14236387977599e-23	1	2.93052227665991e-17	1	4	rs74804869	ENSG00000100316	eqtl_rs74804869_ENSG00000100316_B38.txt	rs74804869_ENSG00000100316_LD.unphased.vcor1	321	2	8	rs74804869	0.996919670944311	rs137575	1	-0.614028	0.377030384784
321	rs139298	rs137578	0	0	0.202062159458015	0.79284438894217	0.00509345159972804	3	4	rs74804869	ENSG00000100316	eqtl_rs74804869_ENSG00000100316_B38.txt	rs74804869_ENSG00000100316_LD.unphased.vcor1	321	2	8	rs74804869	0.996919670944311	rs137575	1	-0.138037	0.019054213369
321	rs74804869	rs137575	0	0	8.14236387977599e-23	1	8.01535146070602e-19	1	5	rs74804869	ENSG00000100316	eqtl_rs74804869_ENSG00000100316_B38.txt	rs74804869_ENSG00000100316_LD.unphased.vcor1	321	2	8	rs74804869	0.996919670944311	rs137575	1	-0.577654	0.333684143716
321	rs139298	rs137575	0	0	0.201517869024529	0.790703323144634	0.00777880783170366	3	5	rs74804869	ENSG00000100316	eqtl_rs74804869_ENSG00000100316_B38.txt	rs74804869_ENSG00000100316_LD.unphased.vcor1	321	2	8	rs74804869	0.996919670944311	rs137575	1	-0.161058	0.025939679364
321	rs74804869	rs5757582	0	0	8.14236387976859e-23	1	1.8520820445489e-18	1	6	rs74804869	ENSG00000100316	eqtl_rs74804869_ENSG00000100316_B38.txt	rs74804869_ENSG00000100316_LD.unphased.vcor1	321	2	8	rs74804869	0.996919670944311	rs137575	1	-0.590547	0.348745759209
321	rs139298	rs5757582	0	0	0.201334493506576	0.789981982065183	0.00868352442862179	3	6	rs74804869	ENSG00000100316	eqtl_rs74804869_ENSG00000100316_B38.txt	rs74804869_ENSG00000100316_LD.unphased.vcor1	321	2	8	rs74804869	0.996919670944311	rs137575	1	-0.177513	0.031510865169
321	rs74804869	rs1569497	0	0	8.14236387976118e-23	1	1.69427122147324e-16	1	8	rs74804869	ENSG00000100316	eqtl_rs74804869_ENSG00000100316_B38.txt	rs74804869_ENSG00000100316_LD.unphased.vcor1	321	2	8	rs74804869	0.996919670944311	rs137575	1	-0.679746	0.462054624516
321	rs139298	rs1569497	0	0	0.201155187345063	0.789276648542473	0.00956816411281631	3	8	rs74804869	ENSG00000100316	eqtl_rs74804869_ENSG00000100316_B38.txt	rs74804869_ENSG00000100316_LD.unphased.vcor1	321	2	8	rs74804869	0.996919670944311	rs137575	1	-0.14207	0.0201838849
321	rs74804869	rs137581	0	0	8.14236387976859e-23	1	3.54111669138758e-18	1	10	rs74804869	ENSG00000100316	eqtl_rs74804869_ENSG00000100316_B38.txt	rs74804869_ENSG00000100316_LD.unphased.vcor1	321	2	8	rs74804869	0.996919670944311	rs137575	1	-0.623381	0.388603871161
321	rs139298	rs137581	0	0	0.200970059990103	0.788548416289087	0.0104815237208877	3	10	rs74804869	ENSG00000100316	eqtl_rs74804869_ENSG00000100316_B38.txt	rs74804869_ENSG00000100316_LD.unphased.vcor1	321	2	8	rs74804869	0.996919670944311	rs137575	1	-0.147914	0.021878551396
782	rs74804869	rs62231493	0	0	2.93506346377274e-31	1	1.87092405101874e-33	1	1	rs74804869	ENSG00000100321	eqtl_rs74804869_ENSG00000100321_B38.txt	rs74804869_ENSG00000100321_LD.unphased.vcor1	782	2	10	rs74804869	0.992012393362324	rs1003644	1	-0.0956102	0.00914131034404
782	rs139298	rs62231493	0	0	0.380909789650438	0.614238720679857	0.00485148963741265	3	1	rs74804869	ENSG00000100321	eqtl_rs74804869_ENSG00000100321_B38.txt	rs74804869_ENSG00000100321_LD.unphased.vcor1	782	2	10	rs74804869	0.992012393362324	rs1003644	1	0.0219093	0.00048001742649
782	rs74804869	rs4820372	0	0	2.935063462406e-31	1	7.93080303148828e-29	1	2	rs74804869	ENSG00000100321	eqtl_rs74804869_ENSG00000100321_B38.txt	rs74804869_ENSG00000100321_LD.unphased.vcor1	782	2	10	rs74804869	0.992012393362324	rs1003644	1	0.276328	0.076357163584
782	rs139298	rs4820372	0	0	0.379696375710764	0.612275638193896	0.00802798652045377	3	2	rs74804869	ENSG00000100321	eqtl_rs74804869_ENSG00000100321_B38.txt	rs74804869_ENSG00000100321_LD.unphased.vcor1	782	2	10	rs74804869	0.992012393362324	rs1003644	1	0.0529549	0.00280422143401
782	rs74804869	rs137576	0	0	2.93506346377274e-31	1	3.28674112957916e-31	1	3	rs74804869	ENSG00000100321	eqtl_rs74804869_ENSG00000100321_B38.txt	rs74804869_ENSG00000100321_LD.unphased.vcor1	782	2	10	rs74804869	0.992012393362324	rs1003644	1	-0.319523	0.102094947529
782	rs139298	rs137576	0	0	0.380525409481059	0.613616863605839	0.00585772690487033	3	3	rs74804869	ENSG00000100321	eqtl_rs74804869_ENSG00000100321_B38.txt	rs74804869_ENSG00000100321_LD.unphased.vcor1	782	2	10	rs74804869	0.992012393362324	rs1003644	1	0.0082506	6.807240036e-05
782	rs74804869	rs5750784	0	0	2.93200520901928e-31	0.998955938621796	0.00104406086220756	1	4	rs74804869	ENSG00000100321	eqtl_rs74804869_ENSG00000100321_B38.txt	rs74804869_ENSG00000100321_LD.unphased.vcor1	782	2	10	rs74804869	0.992012393362324	rs1003644	1	0.857232	0.734846701824
782	rs139298	rs5750784	0	0	0.380888813512513	0.614204784776881	0.00490640151647727	3	4	rs74804869	ENSG00000100321	eqtl_rs74804869_ENSG00000100321_B38.txt	rs74804869_ENSG00000100321_LD.unphased.vcor1	782	2	10	rs74804869	0.992012393362324	rs1003644	1	0.183764	0.033769207696
782	rs74804869	rs137575	0	0	2.93506346787298e-31	1	1.42374308843749e-22	1	5	rs74804869	ENSG00000100321	eqtl_rs74804869_ENSG00000100321_B38.txt	rs74804869_ENSG00000100321_LD.unphased.vcor1	782	2	10	rs74804869	0.992012393362324	rs1003644	1	-0.577654	0.333684143716
782	rs139298	rs137575	0	0	0.380399172107314	0.613412633777509	0.00618819480438491	3	5	rs74804869	ENSG00000100321	eqtl_rs74804869_ENSG00000100321_B38.txt	rs74804869_ENSG00000100321_LD.unphased.vcor1	782	2	10	rs74804869	0.992012393362324	rs1003644	1	-0.161058	0.025939679364
782	rs74804869	rs137653	0	0	2.93506346787298e-31	1	3.34438378084848e-24	1	6	rs74804869	ENSG00000100321	eqtl_rs74804869_ENSG00000100321_B38.txt	rs74804869_ENSG00000100321_LD.unphased.vcor1	782	2	10	rs74804869	0.992012393362324	rs1003644	1	0.479753	0.230162941009
782	rs139298	rs137653	0	0	0.380833114278566	0.614114673774652	0.00505221280780522	3	6	rs74804869	ENSG00000100321	eqtl_rs74804869_ENSG00000100321_B38.txt	rs74804869_ENSG00000100321_LD.unphased.vcor1	782	2	10	rs74804869	0.992012393362324	rs1003644	1	0.0570258	0.00325194186564
782	rs74804869	rs1003644	0	0	2.93506317865685e-31	0.999999902887798	9.71088367068235e-08	1	7	rs74804869	ENSG00000100321	eqtl_rs74804869_ENSG00000100321_B38.txt	rs74804869_ENSG00000100321_LD.unphased.vcor1	782	2	10	rs74804869	0.992012393362324	rs1003644	1	0.832786	0.693532521796
782	rs139298	rs1003644	0	0	0.380897356831546	0.614218606866349	0.00488403630527981	3	7	rs74804869	ENSG00000100321	eqtl_rs74804869_ENSG00000100321_B38.txt	rs74804869_ENSG00000100321_LD.unphased.vcor1	782	2	10	rs74804869	0.992012393362324	rs1003644	1	0.16842	0.0283652964
782	rs74804869	rs34101548	0	0	2.935063462406e-31	1	6.89704434970119e-33	1	8	rs74804869	ENSG00000100321	eqtl_rs74804869_ENSG00000100321_B38.txt	rs74804869_ENSG00000100321_LD.unphased.vcor1	782	2	10	rs74804869	0.992012393362324	rs1003644	1	-0.167451	0.028039837401
782	rs139298	rs34101548	0	0	0.380638447604249	0.613799738925412	0.00556181352574355	3	8	rs74804869	ENSG00000100321	eqtl_rs74804869_ENSG00000100321_B38.txt	rs74804869_ENSG00000100321_LD.unphased.vcor1	782	2	10	rs74804869	0.992012393362324	rs1003644	1	-0.0893722	0.00798739013284
782	rs74804869	rs137671	0	0	2.93506346787298e-31	1	4.46364092347358e-20	1	9	rs74804869	ENSG00000100321	eqtl_rs74804869_ENSG00000100321_B38.txt	rs74804869_ENSG00000100321_LD.unphased.vcor1	782	2	10	rs74804869	0.992012393362324	rs1003644	1	-0.633	0.400689
782	rs139298	rs137671	0	0	0.380489095435137	0.613558113906536	0.00595279048981973	3	9	rs74804869	ENSG00000100321	eqtl_rs74804869_ENSG00000100321_B38.txt	rs74804869_ENSG00000100321_LD.unphased.vcor1	782	2	10	rs74804869	0.992012393362324	rs1003644	1	-0.162679	0.026464457041
782	rs74804869	rs5757624	0	0	1.49634634703982e-31	0.508835044404384	0.49116495415843	1	10	rs74804869	ENSG00000100321	eqtl_rs74804869_ENSG00000100321_B38.txt	rs74804869_ENSG00000100321_LD.unphased.vcor1	782	2	10	rs74804869	0.992012393362324	rs1003644	1	-0.907985	0.824436760225
782	rs139298	rs5757624	0	0	0.380907054893384	0.614234297285238	0.00485864945660724	3	10	rs74804869	ENSG00000100321	eqtl_rs74804869_ENSG00000100321_B38.txt	rs74804869_ENSG00000100321_LD.unphased.vcor1	782	2	10	rs74804869	0.992012393362324	rs1003644	1	-0.183448	0.033653168704
633	rs6697886	rs138272841	0	1.6489351887786e-13	0	1	6.49299307228799e-16	1	3	rs75967767	ENSG00000078808	eqtl_rs75967767_ENSG00000078808_B38.txt	rs75967767_ENSG00000078808_LD.unphased.vcor1	633	9	9	rs12089404	1	rs11721	1	0.0534094	0.00285256400836
633	rs11466665	rs138272841	3.03345607568994e-34	1.64893518877826e-13	1.83964542471615e-21	0.999999999999829	3.49946081930956e-16	2	3	rs75967767	ENSG00000078808	eqtl_rs75967767_ENSG00000078808_B38.txt	rs75967767_ENSG00000078808_LD.unphased.vcor1	633	9	9	rs12089404	1	rs11721	1	-0.22174	0.0491686276
633	rs2887285	rs138272841	0	1.64893518829195e-13	0	0.999999999704414	2.95400976746447e-10	3	3	rs75967767	ENSG00000078808	eqtl_rs75967767_ENSG00000078808_B38.txt	rs75967767_ENSG00000078808_LD.unphased.vcor1	633	9	9	rs12089404	1	rs11721	1	-0.304132	0.092496273424
633	rs12142199	rs138272841	0	1.6489351887741e-13	0	1	5.3967702203183e-15	4	3	rs75967767	ENSG00000078808	eqtl_rs75967767_ENSG00000078808_B38.txt	rs75967767_ENSG00000078808_LD.unphased.vcor1	633	9	9	rs12089404	1	rs11721	1	-0.230047	0.052921622209
633	rs190796582	rs138272841	0	1.6489351887921e-13	0	1	5.026876823437e-16	5	3	rs75967767	ENSG00000078808	eqtl_rs75967767_ENSG00000078808_B38.txt	rs75967767_ENSG00000078808_LD.unphased.vcor1	633	9	9	rs12089404	1	rs11721	1	-0.0683864	0.00467669970496
633	rs78107697	rs138272841	0	1.6489351887921e-13	0	1	3.75291490193862e-16	6	3	rs75967767	ENSG00000078808	eqtl_rs75967767_ENSG00000078808_B38.txt	rs75967767_ENSG00000078808_LD.unphased.vcor1	633	9	9	rs12089404	1	rs11721	1	-0.0677868	0.00459505025424
633	rs3813208	rs138272841	0	1.6489351887771e-13	0	1	7.83962484424555e-15	8	3	rs75967767	ENSG00000078808	eqtl_rs75967767_ENSG00000078808_B38.txt	rs75967767_ENSG00000078808_LD.unphased.vcor1	633	9	9	rs12089404	1	rs11721	1	-0.0958116	0.00917986269456
633	rs1272959	rs138272841	0	1.64893481390068e-13	0	0.999999772198888	2.27801256244156e-07	9	3	rs75967767	ENSG00000078808	eqtl_rs75967767_ENSG00000078808_B38.txt	rs75967767_ENSG00000078808_LD.unphased.vcor1	633	9	9	rs12089404	1	rs11721	1	-0.299177	0.089506877329
633	rs12089404	rs138272841	0	1.64893518877748e-13	0	0.999999999999318	5.3336200707719e-13	10	3	rs75967767	ENSG00000078808	eqtl_rs75967767_ENSG00000078808_B38.txt	rs75967767_ENSG00000078808_LD.unphased.vcor1	633	9	9	rs12089404	1	rs11721	1	0.235246	0.055340680516
633	rs6697886	rs78479912	0	0	0	1	0	1	1	rs75967767	ENSG00000078808	eqtl_rs75967767_ENSG00000078808_B38.txt	rs75967767_ENSG00000078808_LD.unphased.vcor1	633	9	9	rs12089404	1	rs11721	1	0.270047	0.072925382209
633	rs11466665	rs78479912	0	0	1.83964542476569e-21	1	1.32235937562158e-11	2	1	rs75967767	ENSG00000078808	eqtl_rs75967767_ENSG00000078808_B38.txt	rs75967767_ENSG00000078808_LD.unphased.vcor1	633	9	9	rs12089404	1	rs11721	1	-0.820295	0.672883887025
633	rs2887285	rs78479912	0	0	0	1	0	3	1	rs75967767	ENSG00000078808	eqtl_rs75967767_ENSG00000078808_B38.txt	rs75967767_ENSG00000078808_LD.unphased.vcor1	633	9	9	rs12089404	1	rs11721	1	-0.0212372	0.00045101866384
633	rs12142199	rs78479912	0	0	0	1	0	4	1	rs75967767	ENSG00000078808	eqtl_rs75967767_ENSG00000078808_B38.txt	rs75967767_ENSG00000078808_LD.unphased.vcor1	633	9	9	rs12089404	1	rs11721	1	-0.0574645	0.00330216876025
633	rs190796582	rs78479912	0	0	0	1	0	5	1	rs75967767	ENSG00000078808	eqtl_rs75967767_ENSG00000078808_B38.txt	rs75967767_ENSG00000078808_LD.unphased.vcor1	633	9	9	rs12089404	1	rs11721	1	-0.0426999	0.00182328146001
633	rs78107697	rs78479912	0	0	0	1	0	6	1	rs75967767	ENSG00000078808	eqtl_rs75967767_ENSG00000078808_B38.txt	rs75967767_ENSG00000078808_LD.unphased.vcor1	633	9	9	rs12089404	1	rs11721	1	-0.0422823	0.00178779289329
633	rs3813208	rs78479912	0	0	0	1	0	8	1	rs75967767	ENSG00000078808	eqtl_rs75967767_ENSG00000078808_B38.txt	rs75967767_ENSG00000078808_LD.unphased.vcor1	633	9	9	rs12089404	1	rs11721	1	0.0457435	0.00209246779225
633	rs1272959	rs78479912	0	0	0	1	0	9	1	rs75967767	ENSG00000078808	eqtl_rs75967767_ENSG00000078808_B38.txt	rs75967767_ENSG00000078808_LD.unphased.vcor1	633	9	9	rs12089404	1	rs11721	1	-0.0185823	0.00034530187329
633	rs12089404	rs78479912	0	0	0	1	1.56726935664081e-141	10	1	rs75967767	ENSG00000078808	eqtl_rs75967767_ENSG00000078808_B38.txt	rs75967767_ENSG00000078808_LD.unphased.vcor1	633	9	9	rs12089404	1	rs11721	1	0.770576	0.593787371776
633	rs6697886	rs143737257	0	3.21496488093553e-27	0	1	2.00882559566637e-29	1	4	rs75967767	ENSG00000078808	eqtl_rs75967767_ENSG00000078808_B38.txt	rs75967767_ENSG00000078808_LD.unphased.vcor1	633	9	9	rs12089404	1	rs11721	1	-0.0678072	0.00459781637184
633	rs11466665	rs143737257	5.91439543383666e-48	3.21496488093523e-27	1.83964542471648e-21	1	1.96108978371405e-23	2	4	rs75967767	ENSG00000078808	eqtl_rs75967767_ENSG00000078808_B38.txt	rs75967767_ENSG00000078808_LD.unphased.vcor1	633	9	9	rs12089404	1	rs11721	1	0.0928493	0.00862099251049
633	rs2887285	rs143737257	0	3.21496488093553e-27	0	1	2.49573264381772e-26	3	4	rs75967767	ENSG00000078808	eqtl_rs75967767_ENSG00000078808_B38.txt	rs75967767_ENSG00000078808_LD.unphased.vcor1	633	9	9	rs12089404	1	rs11721	1	-0.54296	0.2948055616
633	rs12142199	rs143737257	0	3.21496488092822e-27	0	1	6.30253858961216e-24	4	4	rs75967767	ENSG00000078808	eqtl_rs75967767_ENSG00000078808_B38.txt	rs75967767_ENSG00000078808_LD.unphased.vcor1	633	9	9	rs12089404	1	rs11721	1	-0.460472	0.212034462784
633	rs190796582	rs143737257	0	3.21496488093991e-27	0	1	6.39669965077497e-29	5	4	rs75967767	ENSG00000078808	eqtl_rs75967767_ENSG00000078808_B38.txt	rs75967767_ENSG00000078808_LD.unphased.vcor1	633	9	9	rs12089404	1	rs11721	1	-0.0472206	0.00222978506436
633	rs78107697	rs143737257	0	3.21496488093991e-27	0	1	6.98721563931691e-30	6	4	rs75967767	ENSG00000078808	eqtl_rs75967767_ENSG00000078808_B38.txt	rs75967767_ENSG00000078808_LD.unphased.vcor1	633	9	9	rs12089404	1	rs11721	1	-0.0462495	0.00213901625025
633	rs3813208	rs143737257	0	3.21496488093407e-27	0	1	6.84755582505786e-30	8	4	rs75967767	ENSG00000078808	eqtl_rs75967767_ENSG00000078808_B38.txt	rs75967767_ENSG00000078808_LD.unphased.vcor1	633	9	9	rs12089404	1	rs11721	1	-0.0963604	0.00928532668816
633	rs1272959	rs143737257	0	3.21496488093991e-27	0	1	5.12112027183351e-28	9	4	rs75967767	ENSG00000078808	eqtl_rs75967767_ENSG00000078808_B38.txt	rs75967767_ENSG00000078808_LD.unphased.vcor1	633	9	9	rs12089404	1	rs11721	1	-0.550319	0.302851001761
633	rs12089404	rs143737257	0	3.21496488093553e-27	0	1	1.73754495513536e-28	10	4	rs75967767	ENSG00000078808	eqtl_rs75967767_ENSG00000078808_B38.txt	rs75967767_ENSG00000078808_LD.unphased.vcor1	633	9	9	rs12089404	1	rs11721	1	-0.0712238	0.00507282968644
633	rs6697886	rs35107976	0	0	0	1	0	1	5	rs75967767	ENSG00000078808	eqtl_rs75967767_ENSG00000078808_B38.txt	rs75967767_ENSG00000078808_LD.unphased.vcor1	633	9	9	rs12089404	1	rs11721	1	-0.124895	0.015598761025
633	rs11466665	rs35107976	0	0	1.83964542471655e-21	1	3.07505281912177e-20	2	5	rs75967767	ENSG00000078808	eqtl_rs75967767_ENSG00000078808_B38.txt	rs75967767_ENSG00000078808_LD.unphased.vcor1	633	9	9	rs12089404	1	rs11721	1	0.497798	0.247802848804
633	rs2887285	rs35107976	0	0	0	1	1.11306907861039e-308	3	5	rs75967767	ENSG00000078808	eqtl_rs75967767_ENSG00000078808_B38.txt	rs75967767_ENSG00000078808_LD.unphased.vcor1	633	9	9	rs12089404	1	rs11721	1	0.301956	0.091177425936
633	rs12142199	rs35107976	0	0	0	1	0	4	5	rs75967767	ENSG00000078808	eqtl_rs75967767_ENSG00000078808_B38.txt	rs75967767_ENSG00000078808_LD.unphased.vcor1	633	9	9	rs12089404	1	rs11721	1	0.308468	0.095152507024
633	rs190796582	rs35107976	0	0	0	1	0	5	5	rs75967767	ENSG00000078808	eqtl_rs75967767_ENSG00000078808_B38.txt	rs75967767_ENSG00000078808_LD.unphased.vcor1	633	9	9	rs12089404	1	rs11721	1	0.0227518	0.00051764440324
633	rs78107697	rs35107976	0	0	0	1	0	6	5	rs75967767	ENSG00000078808	eqtl_rs75967767_ENSG00000078808_B38.txt	rs75967767_ENSG00000078808_LD.unphased.vcor1	633	9	9	rs12089404	1	rs11721	1	0.0218623	0.00047796016129
633	rs3813208	rs35107976	0	0	0	1	0	8	5	rs75967767	ENSG00000078808	eqtl_rs75967767_ENSG00000078808_B38.txt	rs75967767_ENSG00000078808_LD.unphased.vcor1	633	9	9	rs12089404	1	rs11721	1	-0.0273134	0.00074602181956
633	rs1272959	rs35107976	0	0	0	1	6.38091298502168e-306	9	5	rs75967767	ENSG00000078808	eqtl_rs75967767_ENSG00000078808_B38.txt	rs75967767_ENSG00000078808_LD.unphased.vcor1	633	9	9	rs12089404	1	rs11721	1	0.305286	0.093199541796
633	rs12089404	rs35107976	0	0	0	1	1.65255903053324e-308	10	5	rs75967767	ENSG00000078808	eqtl_rs75967767_ENSG00000078808_B38.txt	rs75967767_ENSG00000078808_LD.unphased.vcor1	633	9	9	rs12089404	1	rs11721	1	-0.343202	0.117787612804
633	rs6697886	rs76053780	0	0	0	1	0	1	6	rs75967767	ENSG00000078808	eqtl_rs75967767_ENSG00000078808_B38.txt	rs75967767_ENSG00000078808_LD.unphased.vcor1	633	9	9	rs12089404	1	rs11721	1	0.270047	0.072925382209
633	rs11466665	rs76053780	0	0	1.83964542476569e-21	1	9.35021467154441e-12	2	6	rs75967767	ENSG00000078808	eqtl_rs75967767_ENSG00000078808_B38.txt	rs75967767_ENSG00000078808_LD.unphased.vcor1	633	9	9	rs12089404	1	rs11721	1	-0.820295	0.672883887025
633	rs2887285	rs76053780	0	0	0	1	0	3	6	rs75967767	ENSG00000078808	eqtl_rs75967767_ENSG00000078808_B38.txt	rs75967767_ENSG00000078808_LD.unphased.vcor1	633	9	9	rs12089404	1	rs11721	1	-0.0212372	0.00045101866384
633	rs12142199	rs76053780	0	0	0	1	0	4	6	rs75967767	ENSG00000078808	eqtl_rs75967767_ENSG00000078808_B38.txt	rs75967767_ENSG00000078808_LD.unphased.vcor1	633	9	9	rs12089404	1	rs11721	1	-0.0574645	0.00330216876025
633	rs190796582	rs76053780	0	0	0	1	0	5	6	rs75967767	ENSG00000078808	eqtl_rs75967767_ENSG00000078808_B38.txt	rs75967767_ENSG00000078808_LD.unphased.vcor1	633	9	9	rs12089404	1	rs11721	1	-0.0426999	0.00182328146001
633	rs78107697	rs76053780	0	0	0	1	0	6	6	rs75967767	ENSG00000078808	eqtl_rs75967767_ENSG00000078808_B38.txt	rs75967767_ENSG00000078808_LD.unphased.vcor1	633	9	9	rs12089404	1	rs11721	1	-0.0422823	0.00178779289329
633	rs3813208	rs76053780	0	0	0	1	0	8	6	rs75967767	ENSG00000078808	eqtl_rs75967767_ENSG00000078808_B38.txt	rs75967767_ENSG00000078808_LD.unphased.vcor1	633	9	9	rs12089404	1	rs11721	1	0.0457435	0.00209246779225
633	rs1272959	rs76053780	0	0	0	1	0	9	6	rs75967767	ENSG00000078808	eqtl_rs75967767_ENSG00000078808_B38.txt	rs75967767_ENSG00000078808_LD.unphased.vcor1	633	9	9	rs12089404	1	rs11721	1	-0.0185823	0.00034530187329
633	rs12089404	rs76053780	0	0	0	1	7.83252404611921e-141	10	6	rs75967767	ENSG00000078808	eqtl_rs75967767_ENSG00000078808_B38.txt	rs75967767_ENSG00000078808_LD.unphased.vcor1	633	9	9	rs12089404	1	rs11721	1	0.770576	0.593787371776
633	rs6697886	rs11721	0	0	0	1	2.55850564820894e-282	1	8	rs75967767	ENSG00000078808	eqtl_rs75967767_ENSG00000078808_B38.txt	rs75967767_ENSG00000078808_LD.unphased.vcor1	633	9	9	rs12089404	1	rs11721	1	0.574803	0.330398488809
633	rs11466665	rs11721	0	0	1.83964542471655e-21	1	1.93532320068357e-23	2	8	rs75967767	ENSG00000078808	eqtl_rs75967767_ENSG00000078808_B38.txt	rs75967767_ENSG00000078808_LD.unphased.vcor1	633	9	9	rs12089404	1	rs11721	1	-0.0303054	0.00091841726916
633	rs2887285	rs11721	0	0	0	1	0	3	8	rs75967767	ENSG00000078808	eqtl_rs75967767_ENSG00000078808_B38.txt	rs75967767_ENSG00000078808_LD.unphased.vcor1	633	9	9	rs12089404	1	rs11721	1	-0.111764	0.012491191696
633	rs12142199	rs11721	0	0	0	1	0	4	8	rs75967767	ENSG00000078808	eqtl_rs75967767_ENSG00000078808_B38.txt	rs75967767_ENSG00000078808_LD.unphased.vcor1	633	9	9	rs12089404	1	rs11721	1	-0.379841	0.144279185281
633	rs190796582	rs11721	0	0	0	1	5.46067815867737e-258	5	8	rs75967767	ENSG00000078808	eqtl_rs75967767_ENSG00000078808_B38.txt	rs75967767_ENSG00000078808_LD.unphased.vcor1	633	9	9	rs12089404	1	rs11721	1	0.645388	0.416525670544
633	rs78107697	rs11721	0	0	0	1	7.5093445960838e-236	6	8	rs75967767	ENSG00000078808	eqtl_rs75967767_ENSG00000078808_B38.txt	rs75967767_ENSG00000078808_LD.unphased.vcor1	633	9	9	rs12089404	1	rs11721	1	0.651003	0.423804906009
633	rs3813208	rs11721	0	0	0	1	4.17716281407134e-305	8	8	rs75967767	ENSG00000078808	eqtl_rs75967767_ENSG00000078808_B38.txt	rs75967767_ENSG00000078808_LD.unphased.vcor1	633	9	9	rs12089404	1	rs11721	1	0.467224	0.218298266176
633	rs1272959	rs11721	0	0	0	1	0	9	8	rs75967767	ENSG00000078808	eqtl_rs75967767_ENSG00000078808_B38.txt	rs75967767_ENSG00000078808_LD.unphased.vcor1	633	9	9	rs12089404	1	rs11721	1	-0.117382	0.013778533924
633	rs12089404	rs11721	0	0	0	1	0	10	8	rs75967767	ENSG00000078808	eqtl_rs75967767_ENSG00000078808_B38.txt	rs75967767_ENSG00000078808_LD.unphased.vcor1	633	9	9	rs12089404	1	rs11721	1	-0.0760706	0.00578673618436
633	rs6697886	rs113679913	0	7.90994517478744e-224	0	1	2.09213594351333e-37	1	9	rs75967767	ENSG00000078808	eqtl_rs75967767_ENSG00000078808_B38.txt	rs75967767_ENSG00000078808_LD.unphased.vcor1	633	9	9	rs12089404	1	rs11721	1	0.888256	0.788998721536
633	rs11466665	rs113679913	1.45514944505597e-244	7.90994517478923e-224	1.83964542471655e-21	1	2.09789616192346e-22	2	9	rs75967767	ENSG00000078808	eqtl_rs75967767_ENSG00000078808_B38.txt	rs75967767_ENSG00000078808_LD.unphased.vcor1	633	9	9	rs12089404	1	rs11721	1	-0.189084	0.035752759056
633	rs2887285	rs113679913	0	7.90994517479103e-224	0	1	2.86754352564765e-226	3	9	rs75967767	ENSG00000078808	eqtl_rs75967767_ENSG00000078808_B38.txt	rs75967767_ENSG00000078808_LD.unphased.vcor1	633	9	9	rs12089404	1	rs11721	1	0.112437	0.012642078969
633	rs12142199	rs113679913	0	7.90994517477305e-224	0	1	2.76963343481508e-210	4	9	rs75967767	ENSG00000078808	eqtl_rs75967767_ENSG00000078808_B38.txt	rs75967767_ENSG00000078808_LD.unphased.vcor1	633	9	9	rs12089404	1	rs11721	1	-0.257613	0.066364457769
633	rs190796582	rs113679913	0	7.9099451748306e-224	0	1	1.01026868189602e-58	5	9	rs75967767	ENSG00000078808	eqtl_rs75967767_ENSG00000078808_B38.txt	rs75967767_ENSG00000078808_LD.unphased.vcor1	633	9	9	rs12089404	1	rs11721	1	0.808741	0.654062005081
633	rs78107697	rs113679913	0	7.9099451748306e-224	0	1	6.09107605370086e-77	6	9	rs75967767	ENSG00000078808	eqtl_rs75967767_ENSG00000078808_B38.txt	rs75967767_ENSG00000078808_LD.unphased.vcor1	633	9	9	rs12089404	1	rs11721	1	0.810693	0.657223140249
633	rs3813208	rs113679913	0	7.90994517478744e-224	0	1	1.95476922643756e-151	8	9	rs75967767	ENSG00000078808	eqtl_rs75967767_ENSG00000078808_B38.txt	rs75967767_ENSG00000078808_LD.unphased.vcor1	633	9	9	rs12089404	1	rs11721	1	0.625823	0.391654427329
633	rs1272959	rs113679913	0	7.90994517480182e-224	0	1	1.49852920840742e-226	9	9	rs75967767	ENSG00000078808	eqtl_rs75967767_ENSG00000078808_B38.txt	rs75967767_ENSG00000078808_LD.unphased.vcor1	633	9	9	rs12089404	1	rs11721	1	0.108821	0.011842010041
633	rs12089404	rs113679913	0	7.90994517478923e-224	0	1	4.77172484572828e-211	10	9	rs75967767	ENSG00000078808	eqtl_rs75967767_ENSG00000078808_B38.txt	rs75967767_ENSG00000078808_LD.unphased.vcor1	633	9	9	rs12089404	1	rs11721	1	0.206855	0.042788991025
633	rs6697886	rs35009659	0	2.77044905739531e-111	0	1	2.86745897079033e-104	1	2	rs75967767	ENSG00000078808	eqtl_rs75967767_ENSG00000078808_B38.txt	rs75967767_ENSG00000078808_LD.unphased.vcor1	633	9	9	rs12089404	1	rs11721	1	-0.258799	0.066976922401
633	rs11466665	rs35009659	5.09664393284697e-132	2.77044905739507e-111	1.83964542471649e-21	1	7.81739499203384e-23	2	2	rs75967767	ENSG00000078808	eqtl_rs75967767_ENSG00000078808_B38.txt	rs75967767_ENSG00000078808_LD.unphased.vcor1	633	9	9	rs12089404	1	rs11721	1	0.080683	0.006509746489
633	rs2887285	rs35009659	0	2.77044905739531e-111	0	1	6.23625056424474e-49	3	2	rs75967767	ENSG00000078808	eqtl_rs75967767_ENSG00000078808_B38.txt	rs75967767_ENSG00000078808_LD.unphased.vcor1	633	9	9	rs12089404	1	rs11721	1	0.629384	0.396124219456
633	rs12142199	rs35009659	0	2.77044905739153e-111	0	1	4.94596564132819e-47	4	2	rs75967767	ENSG00000078808	eqtl_rs75967767_ENSG00000078808_B38.txt	rs75967767_ENSG00000078808_LD.unphased.vcor1	633	9	9	rs12089404	1	rs11721	1	0.748579	0.560370519241
633	rs190796582	rs35009659	0	2.77044905741169e-111	0	1	3.03176894931829e-101	5	2	rs75967767	ENSG00000078808	eqtl_rs75967767_ENSG00000078808_B38.txt	rs75967767_ENSG00000078808_LD.unphased.vcor1	633	9	9	rs12089404	1	rs11721	1	-0.263085	0.069213717225
633	rs78107697	rs35009659	0	2.77044905741169e-111	0	1	7.09938165037153e-106	6	2	rs75967767	ENSG00000078808	eqtl_rs75967767_ENSG00000078808_B38.txt	rs75967767_ENSG00000078808_LD.unphased.vcor1	633	9	9	rs12089404	1	rs11721	1	-0.266085	0.070801227225
633	rs3813208	rs35009659	0	2.77044905739405e-111	0	1	1.07617173526166e-110	8	2	rs75967767	ENSG00000078808	eqtl_rs75967767_ENSG00000078808_B38.txt	rs75967767_ENSG00000078808_LD.unphased.vcor1	633	9	9	rs12089404	1	rs11721	1	-0.242204	0.058662777616
633	rs1272959	rs35009659	0	2.77044905739657e-111	0	1	4.02288254890076e-43	9	2	rs75967767	ENSG00000078808	eqtl_rs75967767_ENSG00000078808_B38.txt	rs75967767_ENSG00000078808_LD.unphased.vcor1	633	9	9	rs12089404	1	rs11721	1	0.624233	0.389666838289
633	rs12089404	rs35009659	0	2.77044905739531e-111	0	1	2.37672173757337e-111	10	2	rs75967767	ENSG00000078808	eqtl_rs75967767_ENSG00000078808_B38.txt	rs75967767_ENSG00000078808_LD.unphased.vcor1	633	9	9	rs12089404	1	rs11721	1	-0.0767478	0.00589022480484
633	rs6697886	rs1695861	0	1.08724695454813e-18	0	1	2.51999925964241e-21	1	10	rs75967767	ENSG00000078808	eqtl_rs75967767_ENSG00000078808_B38.txt	rs75967767_ENSG00000078808_LD.unphased.vcor1	633	9	9	rs12089404	1	rs11721	1	-0.121893	0.014857903449
633	rs11466665	rs1695861	2.00014888547121e-39	1.08724695454803e-18	1.83964542471647e-21	1	4.74807177908661e-21	2	10	rs75967767	ENSG00000078808	eqtl_rs75967767_ENSG00000078808_B38.txt	rs75967767_ENSG00000078808_LD.unphased.vcor1	633	9	9	rs12089404	1	rs11721	1	-0.0273072	0.00074568317184
633	rs2887285	rs1695861	0	1.08724695454813e-18	0	1	9.37614112763343e-16	3	10	rs75967767	ENSG00000078808	eqtl_rs75967767_ENSG00000078808_B38.txt	rs75967767_ENSG00000078808_LD.unphased.vcor1	633	9	9	rs12089404	1	rs11721	1	0.746144	0.556730868736
633	rs12142199	rs1695861	0	1.08710570321595e-18	0	0.999869823136559	0.000130176864713035	4	10	rs75967767	ENSG00000078808	eqtl_rs75967767_ENSG00000078808_B38.txt	rs75967767_ENSG00000078808_LD.unphased.vcor1	633	9	9	rs12089404	1	rs11721	1	0.88855	0.7895211025
633	rs190796582	rs1695861	0	1.08724695455653e-18	0	1	2.03498640720823e-21	5	10	rs75967767	ENSG00000078808	eqtl_rs75967767_ENSG00000078808_B38.txt	rs75967767_ENSG00000078808_LD.unphased.vcor1	633	9	9	rs12089404	1	rs11721	1	-0.14422	0.0207994084
633	rs78107697	rs1695861	0	1.08724695455653e-18	0	1	8.10409287392823e-21	6	10	rs75967767	ENSG00000078808	eqtl_rs75967767_ENSG00000078808_B38.txt	rs75967767_ENSG00000078808_LD.unphased.vcor1	633	9	9	rs12089404	1	rs11721	1	-0.147008	0.021611352064
633	rs3813208	rs1695861	0	1.08724695454764e-18	0	1	1.00391142234077e-16	8	10	rs75967767	ENSG00000078808	eqtl_rs75967767_ENSG00000078808_B38.txt	rs75967767_ENSG00000078808_LD.unphased.vcor1	633	9	9	rs12089404	1	rs11721	1	-0.281027	0.078976174729
633	rs1272959	rs1695861	0	1.08724695454862e-18	0	1	6.22684830248679e-18	9	10	rs75967767	ENSG00000078808	eqtl_rs75967767_ENSG00000078808_B38.txt	rs75967767_ENSG00000078808_LD.unphased.vcor1	633	9	9	rs12089404	1	rs11721	1	0.755021	0.570056710441
633	rs12089404	rs1695861	0	1.08724695454813e-18	0	1	2.4360164208644e-20	10	10	rs75967767	ENSG00000078808	eqtl_rs75967767_ENSG00000078808_B38.txt	rs75967767_ENSG00000078808_LD.unphased.vcor1	633	9	9	rs12089404	1	rs11721	1	0.050848	0.002585519104
275	rs12592504	rs11070681	0	0	3.09847988494071e-05	0.999968726385936	2.88822466812492e-07	1	1	rs12592504	ENSG00000138593	eqtl_rs12592504_ENSG00000138593_B38.txt	rs12592504_ENSG00000138593_LD.unphased.vcor1	275	1	7	rs12592504	0.208563373970617	rs11070681	1	-0.204644	0.041879166736
275	rs12592504	rs16961946	2.52982515516562e-16	8.16447462586256e-12	3.09847980375766e-05	0.999968700166223	3.15027571474107e-07	1	2	rs12592504	ENSG00000138593	eqtl_rs12592504_ENSG00000138593_B38.txt	rs12592504_ENSG00000138593_LD.unphased.vcor1	275	1	7	rs12592504	0.208563373970617	rs11070681	1	0.147232	0.021677261824
275	rs12592504	rs3985854	0	0	3.09847998043883e-05	0.999968757264135	2.57941043106532e-07	1	3	rs12592504	ENSG00000138593	eqtl_rs12592504_ENSG00000138593_B38.txt	rs12592504_ENSG00000138593_LD.unphased.vcor1	275	1	7	rs12592504	0.208563373970617	rs11070681	1	0.0616385	0.00379930468225
275	rs12592504	rs500122	0	0	3.09847948581453e-05	0.999968597314493	4.17882541073184e-07	1	5	rs12592504	ENSG00000138593	eqtl_rs12592504_ENSG00000138593_B38.txt	rs12592504_ENSG00000138593_LD.unphased.vcor1	275	1	7	rs12592504	0.208563373970617	rs11070681	1	0.00625167	3.90833777889e-05
275	rs12592504	rs79191745	0	0	3.09847711391855e-05	0.999967830351076	1.18487815225692e-06	1	6	rs12592504	ENSG00000138593	eqtl_rs12592504_ENSG00000138593_B38.txt	rs12592504_ENSG00000138593_LD.unphased.vcor1	275	1	7	rs12592504	0.208563373970617	rs11070681	1	-0.669519	0.448255691361
275	rs12592504	rs28479967	0	0	3.09847948581453e-05	0.999968597314493	4.17882541073184e-07	1	7	rs12592504	ENSG00000138593	eqtl_rs12592504_ENSG00000138593_B38.txt	rs12592504_ENSG00000138593_LD.unphased.vcor1	275	1	7	rs12592504	0.208563373970617	rs11070681	1	0.00625167	3.90833777889e-05
275	rs12592504	rs11639379	1.72856852794357e-21	5.57858864540225e-17	3.0984763235279e-05	0.999967574744873	1.44049188898743e-06	1	10	rs12592504	ENSG00000138593	eqtl_rs12592504_ENSG00000138593_B38.txt	rs12592504_ENSG00000138593_LD.unphased.vcor1	275	1	7	rs12592504	0.208563373970617	rs11070681	1	0.149604	0.022381356816
879	rs78265344	rs2053924	0	0	2.28963060092323e-36	1	1.03329337355137e-37	4	1	rs4801882	ENSG00000105501	eqtl_rs4801882_ENSG00000105501_B38.txt	rs4801882_ENSG00000105501_LD.unphased.vcor1	879	4	10	rs1457093	0.999977190851533	rs11672086	1	-0.183671	0.033735036241
879	rs1457093	rs2053924	0	0	1.5426180654546e-19	1	9.89491401823711e-22	5	1	rs4801882	ENSG00000105501	eqtl_rs4801882_ENSG00000105501_B38.txt	rs4801882_ENSG00000105501_LD.unphased.vcor1	879	4	10	rs1457093	0.999977190851533	rs11672086	1	0.0496066	0.00246081476356
879	rs76709861	rs2053924	0	0	0.000101355385986991	0.999897793393298	8.51220616444557e-07	2	1	rs4801882	ENSG00000105501	eqtl_rs4801882_ENSG00000105501_B38.txt	rs4801882_ENSG00000105501_LD.unphased.vcor1	879	4	10	rs1457093	0.999977190851533	rs11672086	1	-0.0119625	0.00014310140625
879	rs9807825	rs2053924	0	0	3.71268641357233e-08	0.999999962588846	2.84403944959899e-10	3	1	rs4801882	ENSG00000105501	eqtl_rs4801882_ENSG00000105501_B38.txt	rs4801882_ENSG00000105501_LD.unphased.vcor1	879	4	10	rs1457093	0.999977190851533	rs11672086	1	-0.0248837	0.00061919852569
879	rs78265344	rs56389501	8.13340161671864e-304	3.5522767792499e-268	2.28963060092323e-36	1	7.00600998460397e-38	4	2	rs4801882	ENSG00000105501	eqtl_rs4801882_ENSG00000105501_B38.txt	rs4801882_ENSG00000105501_LD.unphased.vcor1	879	4	10	rs1457093	0.999977190851533	rs11672086	1	0.31185	0.0972504225
879	rs1457093	rs56389501	5.47980633316641e-287	3.5522767792499e-268	1.54261806545495e-19	1	3.63090121677285e-17	5	2	rs4801882	ENSG00000105501	eqtl_rs4801882_ENSG00000105501_B38.txt	rs4801882_ENSG00000105501_LD.unphased.vcor1	879	4	10	rs1457093	0.999977190851533	rs11672086	1	-0.237976	0.056632576576
879	rs76709861	rs56389501	3.5996867452071e-272	3.55118655463435e-268	0.000101334636034966	0.99969267933727	0.000205986026643365	2	2	rs4801882	ENSG00000105501	eqtl_rs4801882_ENSG00000105501_B38.txt	rs4801882_ENSG00000105501_LD.unphased.vcor1	879	4	10	rs1457093	0.999977190851533	rs11672086	1	-0.195066	0.038050744356
879	rs9807825	rs56389501	1.31884897126519e-275	3.55227664018515e-268	3.7126864071212e-08	0.999999960847845	2.02529430107205e-09	3	2	rs4801882	ENSG00000105501	eqtl_rs4801882_ENSG00000105501_B38.txt	rs4801882_ENSG00000105501_LD.unphased.vcor1	879	4	10	rs1457093	0.999977190851533	rs11672086	1	-0.0232914	0.00054248931396
879	rs78265344	rs8105105	0	0	2.28963060092323e-36	1	1.18959754621e-38	4	3	rs4801882	ENSG00000105501	eqtl_rs4801882_ENSG00000105501_B38.txt	rs4801882_ENSG00000105501_LD.unphased.vcor1	879	4	10	rs1457093	0.999977190851533	rs11672086	1	-0.0755386	0.00570608008996
879	rs1457093	rs8105105	0	0	1.5426180654546e-19	1	9.47785948933952e-22	5	3	rs4801882	ENSG00000105501	eqtl_rs4801882_ENSG00000105501_B38.txt	rs4801882_ENSG00000105501_LD.unphased.vcor1	879	4	10	rs1457093	0.999977190851533	rs11672086	1	-0.249594	0.062297164836
879	rs76709861	rs8105105	0	0	0.000101355383896806	0.999897772731918	8.7188420356937e-07	2	3	rs4801882	ENSG00000105501	eqtl_rs4801882_ENSG00000105501_B38.txt	rs4801882_ENSG00000105501_LD.unphased.vcor1	879	4	10	rs1457093	0.999977190851533	rs11672086	1	-0.370435	0.137222089225
879	rs9807825	rs8105105	0	0	3.71268641076463e-08	0.999999961831237	1.04187233941912e-09	3	3	rs4801882	ENSG00000105501	eqtl_rs4801882_ENSG00000105501_B38.txt	rs4801882_ENSG00000105501_LD.unphased.vcor1	879	4	10	rs1457093	0.999977190851533	rs11672086	1	0.0238162	0.00056721138244
879	rs78265344	rs78265344	0	0	4.57969408659779e-39	1.89442020943895e-07	0.999999810559548	4	4	rs4801882	ENSG00000105501	eqtl_rs4801882_ENSG00000105501_B38.txt	rs4801882_ENSG00000105501_LD.unphased.vcor1	879	4	10	rs1457093	0.999977190851533	rs11672086	1	1	1
879	rs1457093	rs78265344	0	0	1.54261806544969e-19	1	6.10619593676563e-18	5	4	rs4801882	ENSG00000105501	eqtl_rs4801882_ENSG00000105501_B38.txt	rs4801882_ENSG00000105501_LD.unphased.vcor1	879	4	10	rs1457093	0.999977190851533	rs11672086	1	-0.416936	0.173835628096
879	rs76709861	rs78265344	0	0	0.000101355377991339	0.999897714358787	9.30263647623763e-07	2	4	rs4801882	ENSG00000105501	eqtl_rs4801882_ENSG00000105501_B38.txt	rs4801882_ENSG00000105501_LD.unphased.vcor1	879	4	10	rs1457093	0.999977190851533	rs11672086	1	-0.0896763	0.00804183878169
879	rs9807825	rs78265344	0	0	3.71268641350142e-08	0.999999962572475	3.00439414264596e-10	3	4	rs4801882	ENSG00000105501	eqtl_rs4801882_ENSG00000105501_B38.txt	rs4801882_ENSG00000105501_LD.unphased.vcor1	879	4	10	rs1457093	0.999977190851533	rs11672086	1	0.0847447	0.00718166417809
879	rs78265344	rs12984737	0	0	2.28963060092114e-36	1	8.86835474337439e-34	4	5	rs4801882	ENSG00000105501	eqtl_rs4801882_ENSG00000105501_B38.txt	rs4801882_ENSG00000105501_LD.unphased.vcor1	879	4	10	rs1457093	0.999977190851533	rs11672086	1	0.365104	0.133300930816
879	rs1457093	rs12984737	0	0	1.5426180654539e-19	1	1.07601096703045e-19	5	5	rs4801882	ENSG00000105501	eqtl_rs4801882_ENSG00000105501_B38.txt	rs4801882_ENSG00000105501_LD.unphased.vcor1	879	4	10	rs1457093	0.999977190851533	rs11672086	1	-0.288836	0.083426234896
879	rs76709861	rs12984737	0	0	0.00010135524466364	0.999896396406552	2.24834880042711e-06	2	5	rs4801882	ENSG00000105501	eqtl_rs4801882_ENSG00000105501_B38.txt	rs4801882_ENSG00000105501_LD.unphased.vcor1	879	4	10	rs1457093	0.999977190851533	rs11672086	1	-0.217171	0.047163243241
879	rs9807825	rs12984737	0	0	3.7126864136635e-08	0.999999962613402	2.59891192495404e-10	3	5	rs4801882	ENSG00000105501	eqtl_rs4801882_ENSG00000105501_B38.txt	rs4801882_ENSG00000105501_LD.unphased.vcor1	879	4	10	rs1457093	0.999977190851533	rs11672086	1	-0.013937	0.000194239969
879	rs78265344	rs3829656	0	0	2.28963060092271e-36	1	1.09077297758521e-38	4	6	rs4801882	ENSG00000105501	eqtl_rs4801882_ENSG00000105501_B38.txt	rs4801882_ENSG00000105501_LD.unphased.vcor1	879	4	10	rs1457093	0.999977190851533	rs11672086	1	-0.0149894	0.00022468211236
879	rs1457093	rs3829656	0	0	1.5426180654546e-19	1	9.62158006826992e-21	5	6	rs4801882	ENSG00000105501	eqtl_rs4801882_ENSG00000105501_B38.txt	rs4801882_ENSG00000105501_LD.unphased.vcor1	879	4	10	rs1457093	0.999977190851533	rs11672086	1	-0.309277	0.095652262729
879	rs76709861	rs3829656	0	0	0.000101355049046196	0.999894462720864	4.18223014279693e-06	2	6	rs4801882	ENSG00000105501	eqtl_rs4801882_ENSG00000105501_B38.txt	rs4801882_ENSG00000105501_LD.unphased.vcor1	879	4	10	rs1457093	0.999977190851533	rs11672086	1	-0.465977	0.217134564529
879	rs9807825	rs3829656	0	0	3.71268641195828e-08	0.999999962153425	7.19756143325769e-10	3	6	rs4801882	ENSG00000105501	eqtl_rs4801882_ENSG00000105501_B38.txt	rs4801882_ENSG00000105501_LD.unphased.vcor1	879	4	10	rs1457093	0.999977190851533	rs11672086	1	-0.0755009	0.00570038590081
879	rs78265344	rs12459503	0	0	2.28963060092271e-36	1	3.9459411659808e-33	4	7	rs4801882	ENSG00000105501	eqtl_rs4801882_ENSG00000105501_B38.txt	rs4801882_ENSG00000105501_LD.unphased.vcor1	879	4	10	rs1457093	0.999977190851533	rs11672086	1	0.249854	0.062427021316
879	rs1457093	rs12459503	0	0	1.5426180654546e-19	1	2.3504421216241e-21	5	7	rs4801882	ENSG00000105501	eqtl_rs4801882_ENSG00000105501_B38.txt	rs4801882_ENSG00000105501_LD.unphased.vcor1	879	4	10	rs1457093	0.999977190851533	rs11672086	1	-0.0170506	0.00029072296036
879	rs76709861	rs12459503	0	0	0.000101177509966093	0.998139482238593	0.00175934025152007	2	7	rs4801882	ENSG00000105501	eqtl_rs4801882_ENSG00000105501_B38.txt	rs4801882_ENSG00000105501_LD.unphased.vcor1	879	4	10	rs1457093	0.999977190851533	rs11672086	1	0.380986	0.145150332196
879	rs9807825	rs12459503	0	0	3.71268641254498e-08	0.999999962311677	5.61543078237128e-10	3	7	rs4801882	ENSG00000105501	eqtl_rs4801882_ENSG00000105501_B38.txt	rs4801882_ENSG00000105501_LD.unphased.vcor1	879	4	10	rs1457093	0.999977190851533	rs11672086	1	0.0632963	0.00400642159369
879	rs78265344	rs11880807	0	0	2.28963060092739e-36	1	2.1038584923714e-22	4	8	rs4801882	ENSG00000105501	eqtl_rs4801882_ENSG00000105501_B38.txt	rs4801882_ENSG00000105501_LD.unphased.vcor1	879	4	10	rs1457093	0.999977190851533	rs11672086	1	0.554089	0.307014619921
879	rs1457093	rs11880807	0	0	1.54261806545811e-19	1	7.35747698227909e-22	5	8	rs4801882	ENSG00000105501	eqtl_rs4801882_ENSG00000105501_B38.txt	rs4801882_ENSG00000105501_LD.unphased.vcor1	879	4	10	rs1457093	0.999977190851533	rs11672086	1	-0.101097	0.010220603409
879	rs76709861	rs11880807	0	0	0.000101355010491339	0.999894081603984	4.56338485640945e-06	2	8	rs4801882	ENSG00000105501	eqtl_rs4801882_ENSG00000105501_B38.txt	rs4801882_ENSG00000105501_LD.unphased.vcor1	879	4	10	rs1457093	0.999977190851533	rs11672086	1	0.12675	0.0160655625
879	rs9807825	rs11880807	0	0	3.71268641346765e-08	0.999999962559742	3.13940387561306e-10	3	8	rs4801882	ENSG00000105501	eqtl_rs4801882_ENSG00000105501_B38.txt	rs4801882_ENSG00000105501_LD.unphased.vcor1	879	4	10	rs1457093	0.999977190851533	rs11672086	1	0.0726738	0.00528148120644
879	rs78265344	rs112456998	0	0	2.28963060092114e-36	1	8.51679128253613e-39	4	9	rs4801882	ENSG00000105501	eqtl_rs4801882_ENSG00000105501_B38.txt	rs4801882_ENSG00000105501_LD.unphased.vcor1	879	4	10	rs1457093	0.999977190851533	rs11672086	1	0.193508	0.037445346064
879	rs1457093	rs112456998	0	0	1.5426180654539e-19	1	7.55929879265804e-19	5	9	rs4801882	ENSG00000105501	eqtl_rs4801882_ENSG00000105501_B38.txt	rs4801882_ENSG00000105501_LD.unphased.vcor1	879	4	10	rs1457093	0.999977190851533	rs11672086	1	-0.125566	0.015766820356
879	rs76709861	rs112456998	0	0	0.000101348819544266	0.999832883860275	6.57673201871028e-05	2	9	rs4801882	ENSG00000105501	eqtl_rs4801882_ENSG00000105501_B38.txt	rs4801882_ENSG00000105501_LD.unphased.vcor1	879	4	10	rs1457093	0.999977190851533	rs11672086	1	-0.0930974	0.00866712588676
879	rs9807825	rs112456998	0	0	3.71268637796536e-08	0.999999952979125	9.89440088872827e-09	3	9	rs4801882	ENSG00000105501	eqtl_rs4801882_ENSG00000105501_B38.txt	rs4801882_ENSG00000105501_LD.unphased.vcor1	879	4	10	rs1457093	0.999977190851533	rs11672086	1	0.0426737	0.00182104467169
879	rs78265344	rs11672086	0	0	2.28963060092271e-36	1	8.73023337507443e-32	4	10	rs4801882	ENSG00000105501	eqtl_rs4801882_ENSG00000105501_B38.txt	rs4801882_ENSG00000105501_LD.unphased.vcor1	879	4	10	rs1457093	0.999977190851533	rs11672086	1	0.432936	0.187433580096
879	rs1457093	rs11672086	0	0	1.5426180654546e-19	1	2.51122696235072e-21	5	10	rs4801882	ENSG00000105501	eqtl_rs4801882_ENSG00000105501_B38.txt	rs4801882_ENSG00000105501_LD.unphased.vcor1	879	4	10	rs1457093	0.999977190851533	rs11672086	1	-0.130663	0.017072819569
879	rs76709861	rs11672086	0	0	0.000101355339011167	0.999897329035368	1.31562552043908e-06	2	10	rs4801882	ENSG00000105501	eqtl_rs4801882_ENSG00000105501_B38.txt	rs4801882_ENSG00000105501_LD.unphased.vcor1	879	4	10	rs1457093	0.999977190851533	rs11672086	1	0.205971	0.042424052841
879	rs9807825	rs11672086	0	0	3.71268641361454e-08	0.999999962600442	2.72690960574603e-10	3	10	rs4801882	ENSG00000105501	eqtl_rs4801882_ENSG00000105501_B38.txt	rs4801882_ENSG00000105501_LD.unphased.vcor1	879	4	10	rs1457093	0.999977190851533	rs11672086	1	0.0143694	0.00020647965636
517	rs493466	rs6043722	0	0	0	1	5.18888607912564e-268	1	2	rs202554	ENSG00000223750	eqtl_rs202554_ENSG00000223750_B38.txt	rs202554_ENSG00000223750_LD.unphased.vcor1	517	10	9	rs11699191	1	rs507582	1	0.672765	0.452612745225
517	rs6110828	rs6043722	0	0	6.95461272670434e-16	0.99999999732313	2.6769020000276e-09	2	2	rs202554	ENSG00000223750	eqtl_rs202554_ENSG00000223750_B38.txt	rs202554_ENSG00000223750_LD.unphased.vcor1	517	10	9	rs11699191	1	rs507582	1	0.872424	0.761123635776
517	rs11699191	rs6043722	0	0	0	1	0	3	2	rs202554	ENSG00000223750	eqtl_rs202554_ENSG00000223750_B38.txt	rs202554_ENSG00000223750_LD.unphased.vcor1	517	10	9	rs11699191	1	rs507582	1	-0.187428	0.035129255184
517	rs202517	rs6043722	0	0	0	1	8.56043314843101e-273	6	2	rs202554	ENSG00000223750	eqtl_rs202554_ENSG00000223750_B38.txt	rs202554_ENSG00000223750_LD.unphased.vcor1	517	10	9	rs11699191	1	rs507582	1	-0.620249	0.384708822001
517	rs2209313	rs6043722	0	0	0	1	0	7	2	rs202554	ENSG00000223750	eqtl_rs202554_ENSG00000223750_B38.txt	rs202554_ENSG00000223750_LD.unphased.vcor1	517	10	9	rs11699191	1	rs507582	1	-0.107305	0.011514363025
517	rs202494	rs6043722	0	0	0	1	2.19319169537013e-295	8	2	rs202554	ENSG00000223750	eqtl_rs202554_ENSG00000223750_B38.txt	rs202554_ENSG00000223750_LD.unphased.vcor1	517	10	9	rs11699191	1	rs507582	1	0.558131	0.311510213161
517	rs56078965	rs6043722	0	0	8.12436915343726e-12	0.999999999991815	5.34738862902888e-14	10	2	rs202554	ENSG00000223750	eqtl_rs202554_ENSG00000223750_B38.txt	rs202554_ENSG00000223750_LD.unphased.vcor1	517	10	9	rs11699191	1	rs507582	1	-0.284723	0.081067186729
517	rs2243529	rs6043722	0	0	8.13797424430085e-287	1	1.16312240905629e-275	5	2	rs202554	ENSG00000223750	eqtl_rs202554_ENSG00000223750_B38.txt	rs202554_ENSG00000223750_LD.unphased.vcor1	517	10	9	rs11699191	1	rs507582	1	0.143056	0.020465019136
517	rs1658609	rs6043722	0	0	7.14625496477336e-15	0.999999999777629	2.22413690944199e-10	9	2	rs202554	ENSG00000223750	eqtl_rs202554_ENSG00000223750_B38.txt	rs202554_ENSG00000223750_LD.unphased.vcor1	517	10	9	rs11699191	1	rs507582	1	-0.308774	0.095341383076
517	rs8124886	rs6043722	0	0	3.62399771990714e-17	0.999999999998408	1.49468480174867e-12	4	2	rs202554	ENSG00000223750	eqtl_rs202554_ENSG00000223750_B38.txt	rs202554_ENSG00000223750_LD.unphased.vcor1	517	10	9	rs11699191	1	rs507582	1	-0.295439	0.087284202721
517	rs493466	rs202491	0	3.86477330622233e-57	0	1	2.20649346455583e-58	1	1	rs202554	ENSG00000223750	eqtl_rs202554_ENSG00000223750_B38.txt	rs202554_ENSG00000223750_LD.unphased.vcor1	517	10	9	rs11699191	1	rs507582	1	-0.0180469	0.00032569059961
517	rs6110828	rs202491	2.68780016931421e-72	3.86477330623035e-57	6.95461274528398e-16	1	4.27962934918911e-18	2	1	rs202554	ENSG00000223750	eqtl_rs202554_ENSG00000223750_B38.txt	rs202554_ENSG00000223750_LD.unphased.vcor1	517	10	9	rs11699191	1	rs507582	1	-0.020324	0.000413064976
517	rs11699191	rs202491	0	3.86477330623024e-57	0	1	1.70357361895992e-47	3	1	rs202554	ENSG00000223750	eqtl_rs202554_ENSG00000223750_B38.txt	rs202554_ENSG00000223750_LD.unphased.vcor1	517	10	9	rs11699191	1	rs507582	1	0.144501	0.020880539001
517	rs202517	rs202491	0	3.86477330622233e-57	0	1	7.23664380026405e-60	6	1	rs202554	ENSG00000223750	eqtl_rs202554_ENSG00000223750_B38.txt	rs202554_ENSG00000223750_LD.unphased.vcor1	517	10	9	rs11699191	1	rs507582	1	-0.0232172	0.00053903837584
517	rs2209313	rs202491	0	3.86477330623067e-57	0	1	7.61057569662189e-60	7	1	rs202554	ENSG00000223750	eqtl_rs202554_ENSG00000223750_B38.txt	rs202554_ENSG00000223750_LD.unphased.vcor1	517	10	9	rs11699191	1	rs507582	1	-0.108741	0.011824605081
517	rs202494	rs202491	0	3.86477330622936e-57	0	1	7.40180931436206e-60	8	1	rs202554	ENSG00000223750	eqtl_rs202554_ENSG00000223750_B38.txt	rs202554_ENSG00000223750_LD.unphased.vcor1	517	10	9	rs11699191	1	rs507582	1	-0.0143627	0.00020628715129
517	rs56078965	rs202491	3.13988450341647e-68	3.8647733061986e-57	8.12436915343726e-12	0.999999999991786	9.6500677706343e-14	10	1	rs202554	ENSG00000223750	eqtl_rs202554_ENSG00000223750_B38.txt	rs202554_ENSG00000223750_LD.unphased.vcor1	517	10	9	rs11699191	1	rs507582	1	-0.0489992	0.00240092160064
517	rs2243529	rs202491	0	3.86477330623067e-57	8.13797424430178e-287	1	2.24006468429147e-59	5	1	rs202554	ENSG00000223750	eqtl_rs202554_ENSG00000223750_B38.txt	rs202554_ENSG00000223750_LD.unphased.vcor1	517	10	9	rs11699191	1	rs507582	1	0.111984	0.012540416256
517	rs1658609	rs202491	2.76186554334996e-71	3.86477330623035e-57	7.14625496635903e-15	1	3.9565132993237e-17	9	1	rs202554	ENSG00000223750	eqtl_rs202554_ENSG00000223750_B38.txt	rs202554_ENSG00000223750_LD.unphased.vcor1	517	10	9	rs11699191	1	rs507582	1	-0.0632614	0.00400200472996
517	rs8124886	rs202491	1.40059296497598e-73	3.86477330623024e-57	3.62399771991322e-17	1	9.64392974071869e-19	4	1	rs202554	ENSG00000223750	eqtl_rs202554_ENSG00000223750_B38.txt	rs202554_ENSG00000223750_LD.unphased.vcor1	517	10	9	rs11699191	1	rs507582	1	0.10248	0.0105021504
517	rs493466	rs7275082	0	2.54113238798229e-242	0	1	2.63217153583812e-150	1	3	rs202554	ENSG00000223750	eqtl_rs202554_ENSG00000223750_B38.txt	rs202554_ENSG00000223750_LD.unphased.vcor1	517	10	9	rs11699191	1	rs507582	1	-0.551362	0.304000055044
517	rs6110828	rs7275082	1.76503954791553e-257	2.53794080642734e-242	6.94587797258762e-16	0.998741514794313	0.00125848520567443	2	3	rs202554	ENSG00000223750	eqtl_rs202554_ENSG00000223750_B38.txt	rs202554_ENSG00000223750_LD.unphased.vcor1	517	10	9	rs11699191	1	rs507582	1	-0.863913	0.746345671569
517	rs11699191	rs7275082	0	2.54113238798807e-242	0	1	6.68841927050416e-245	3	3	rs202554	ENSG00000223750	eqtl_rs202554_ENSG00000223750_B38.txt	rs202554_ENSG00000223750_LD.unphased.vcor1	517	10	9	rs11699191	1	rs507582	1	-0.127565	0.016272829225
517	rs202517	rs7275082	0	2.54113238798229e-242	0	1	1.50801983845766e-152	6	3	rs202554	ENSG00000223750	eqtl_rs202554_ENSG00000223750_B38.txt	rs202554_ENSG00000223750_LD.unphased.vcor1	517	10	9	rs11699191	1	rs507582	1	0.602063	0.362479855969
517	rs2209313	rs7275082	0	2.54113238798778e-242	0	1	1.03284093959786e-240	7	3	rs202554	ENSG00000223750	eqtl_rs202554_ENSG00000223750_B38.txt	rs202554_ENSG00000223750_LD.unphased.vcor1	517	10	9	rs11699191	1	rs507582	1	0.0687504	0.00472661750016
517	rs202494	rs7275082	0	2.54113238798807e-242	0	1	8.26587137207e-145	8	3	rs202554	ENSG00000223750	eqtl_rs202554_ENSG00000223750_B38.txt	rs202554_ENSG00000223750_LD.unphased.vcor1	517	10	9	rs11699191	1	rs507582	1	-0.651459	0.424398828681
517	rs56078965	rs7275082	2.0645097587773e-253	2.54113238796756e-242	8.12436915343818e-12	0.999999999991815	7.48854794065896e-14	10	3	rs202554	ENSG00000223750	eqtl_rs202554_ENSG00000223750_B38.txt	rs202554_ENSG00000223750_LD.unphased.vcor1	517	10	9	rs11699191	1	rs507582	1	0.121726	0.014817219076
517	rs2243529	rs7275082	0	2.54113238798836e-242	8.13797424430178e-287	1	6.88698923993067e-238	5	3	rs202554	ENSG00000223750	eqtl_rs202554_ENSG00000223750_B38.txt	rs202554_ENSG00000223750_LD.unphased.vcor1	517	10	9	rs11699191	1	rs507582	1	-0.0692511	0.00479571485121
517	rs1658609	rs7275082	1.81595799478361e-256	2.54113238798807e-242	7.14625496635923e-15	1	2.98998444035628e-16	9	3	rs202554	ENSG00000223750	eqtl_rs202554_ENSG00000223750_B38.txt	rs202554_ENSG00000223750_LD.unphased.vcor1	517	10	9	rs11699191	1	rs507582	1	0.215731	0.046539864361
517	rs8124886	rs7275082	9.20905798006666e-259	2.54113238798807e-242	3.62399771991332e-17	1	1.85669717096542e-19	4	3	rs202554	ENSG00000223750	eqtl_rs202554_ENSG00000223750_B38.txt	rs202554_ENSG00000223750_LD.unphased.vcor1	517	10	9	rs11699191	1	rs507582	1	0.0148388	0.00022018998544
517	rs493466	rs6135908	0	9.46329456661582e-75	0	1	1.92674463602938e-76	1	7	rs202554	ENSG00000223750	eqtl_rs202554_ENSG00000223750_B38.txt	rs202554_ENSG00000223750_LD.unphased.vcor1	517	10	9	rs11699191	1	rs507582	1	-0.00680351	4.62877483201e-05
517	rs6110828	rs6135908	6.58135490055182e-90	9.46329456663841e-75	6.95461274528398e-16	1	4.21961581346602e-18	2	7	rs202554	ENSG00000223750	eqtl_rs202554_ENSG00000223750_B38.txt	rs202554_ENSG00000223750_LD.unphased.vcor1	517	10	9	rs11699191	1	rs507582	1	0.106977	0.011444078529
517	rs11699191	rs6135908	0	9.46329456663733e-75	0	1	7.24530653648814e-68	3	7	rs202554	ENSG00000223750	eqtl_rs202554_ENSG00000223750_B38.txt	rs202554_ENSG00000223750_LD.unphased.vcor1	517	10	9	rs11699191	1	rs507582	1	-0.0802224	0.00643563346176
517	rs202517	rs6135908	0	9.46329456661582e-75	0	1	1.93139988767355e-77	6	7	rs202554	ENSG00000223750	eqtl_rs202554_ENSG00000223750_B38.txt	rs202554_ENSG00000223750_LD.unphased.vcor1	517	10	9	rs11699191	1	rs507582	1	0.0406049	0.00164875790401
517	rs2209313	rs6135908	0	9.46329456663948e-75	0	1	6.540614811102e-76	7	7	rs202554	ENSG00000223750	eqtl_rs202554_ENSG00000223750_B38.txt	rs202554_ENSG00000223750_LD.unphased.vcor1	517	10	9	rs11699191	1	rs507582	1	-0.0278849	0.00077756764801
517	rs202494	rs6135908	0	9.46329456663733e-75	0	1	9.00477001188296e-77	8	7	rs202554	ENSG00000223750	eqtl_rs202554_ENSG00000223750_B38.txt	rs202554_ENSG00000223750_LD.unphased.vcor1	517	10	9	rs11699191	1	rs507582	1	-0.0704994	0.00497016540036
517	rs56078965	rs6135908	7.68832984670875e-86	9.46329456656095e-75	8.12436915343749e-12	0.999999999991815	5.02404798862458e-14	10	7	rs202554	ENSG00000223750	eqtl_rs202554_ENSG00000223750_B38.txt	rs202554_ENSG00000223750_LD.unphased.vcor1	517	10	9	rs11699191	1	rs507582	1	-0.144638	0.020920151044
517	rs2243529	rs6135908	0	9.46329456663948e-75	8.13797424430178e-287	1	1.00785925552426e-73	5	7	rs202554	ENSG00000223750	eqtl_rs202554_ENSG00000223750_B38.txt	rs202554_ENSG00000223750_LD.unphased.vcor1	517	10	9	rs11699191	1	rs507582	1	0.0373042	0.00139160333764
517	rs1658609	rs6135908	6.76271157949562e-89	9.46329456663841e-75	7.14625496635903e-15	1	4.96783442791777e-16	9	7	rs202554	ENSG00000223750	eqtl_rs202554_ENSG00000223750_B38.txt	rs202554_ENSG00000223750_LD.unphased.vcor1	517	10	9	rs11699191	1	rs507582	1	0.42299	0.1789205401
517	rs8124886	rs6135908	3.42949579323647e-91	9.46329456663841e-75	3.62399771991332e-17	1	1.76904169528559e-17	4	7	rs202554	ENSG00000223750	eqtl_rs202554_ENSG00000223750_B38.txt	rs202554_ENSG00000223750_LD.unphased.vcor1	517	10	9	rs11699191	1	rs507582	1	-0.146749	0.021535269001
517	rs493466	rs624375	0	3.30682304185442e-94	0	1	8.73584423227517e-97	1	8	rs202554	ENSG00000223750	eqtl_rs202554_ENSG00000223750_B38.txt	rs202554_ENSG00000223750_LD.unphased.vcor1	517	10	9	rs11699191	1	rs507582	1	-0.0696691	0.00485378349481
517	rs6110828	rs624375	2.2997673673354e-109	3.30682304186523e-94	6.95461274528417e-16	1	1.29312521073105e-17	2	8	rs202554	ENSG00000223750	eqtl_rs202554_ENSG00000223750_B38.txt	rs202554_ENSG00000223750_LD.unphased.vcor1	517	10	9	rs11699191	1	rs507582	1	0.041808	0.001747908864
517	rs11699191	rs624375	0	3.30682304186494e-94	0	1	5.6783857663216e-86	3	8	rs202554	ENSG00000223750	eqtl_rs202554_ENSG00000223750_B38.txt	rs202554_ENSG00000223750_LD.unphased.vcor1	517	10	9	rs11699191	1	rs507582	1	-0.0931357	0.00867425861449
517	rs202517	rs624375	0	3.30682304185442e-94	0	1	4.07132276963528e-96	6	8	rs202554	ENSG00000223750	eqtl_rs202554_ENSG00000223750_B38.txt	rs202554_ENSG00000223750_LD.unphased.vcor1	517	10	9	rs11699191	1	rs507582	1	0.107952	0.011653634304
517	rs2209313	rs624375	0	3.30682304186457e-94	0	1	3.97489323458115e-93	7	8	rs202554	ENSG00000223750	eqtl_rs202554_ENSG00000223750_B38.txt	rs202554_ENSG00000223750_LD.unphased.vcor1	517	10	9	rs11699191	1	rs507582	1	-0.0954323	0.00910732388329
517	rs202494	rs624375	0	3.30682304186494e-94	0	1	4.09904100918996e-94	8	8	rs202554	ENSG00000223750	eqtl_rs202554_ENSG00000223750_B38.txt	rs202554_ENSG00000223750_LD.unphased.vcor1	517	10	9	rs11699191	1	rs507582	1	-0.147721	0.021821493841
517	rs56078965	rs624375	2.68658511171657e-105	3.30682304183327e-94	8.12436915342572e-12	0.999999999990393	1.48640085191605e-12	10	8	rs202554	ENSG00000223750	eqtl_rs202554_ENSG00000223750_B38.txt	rs202554_ENSG00000223750_LD.unphased.vcor1	517	10	9	rs11699191	1	rs507582	1	-0.168528	0.028401686784
517	rs2243529	rs624375	0	3.30682304186532e-94	8.13797424430178e-287	1	1.5223898079517e-89	5	8	rs202554	ENSG00000223750	eqtl_rs202554_ENSG00000223750_B38.txt	rs202554_ENSG00000223750_LD.unphased.vcor1	517	10	9	rs11699191	1	rs507582	1	0.114312	0.013067233344
517	rs1658609	rs624375	2.36314005857978e-108	3.30682304186504e-94	7.14625496635883e-15	1	5.5978812690832e-17	9	8	rs202554	ENSG00000223750	eqtl_rs202554_ENSG00000223750_B38.txt	rs202554_ENSG00000223750_LD.unphased.vcor1	517	10	9	rs11699191	1	rs507582	1	-0.227367	0.051695752689
517	rs8124886	rs624375	1.19839191638757e-110	3.30682304186513e-94	3.62399771991332e-17	1	2.02288235505309e-19	4	8	rs202554	ENSG00000223750	eqtl_rs202554_ENSG00000223750_B38.txt	rs202554_ENSG00000223750_LD.unphased.vcor1	517	10	9	rs11699191	1	rs507582	1	-0.171792	0.029512491264
517	rs493466	rs507582	0	2.67671173516501e-109	0	1	5.34377798936379e-110	1	9	rs202554	ENSG00000223750	eqtl_rs202554_ENSG00000223750_B38.txt	rs202554_ENSG00000223750_LD.unphased.vcor1	517	10	9	rs11699191	1	rs507582	1	0.0323878	0.00104896958884
517	rs6110828	rs507582	1.86154935489023e-124	2.67671173517551e-109	6.95461274528358e-16	1	3.75168774844546e-18	2	9	rs202554	ENSG00000223750	eqtl_rs202554_ENSG00000223750_B38.txt	rs202554_ENSG00000223750_LD.unphased.vcor1	517	10	9	rs11699191	1	rs507582	1	0.0427259	0.00182550253081
517	rs11699191	rs507582	0	2.67671173517597e-109	0	1	6.80014277193992e-97	3	9	rs202554	ENSG00000223750	eqtl_rs202554_ENSG00000223750_B38.txt	rs202554_ENSG00000223750_LD.unphased.vcor1	517	10	9	rs11699191	1	rs507582	1	-0.141094	0.019907516836
517	rs202517	rs507582	0	2.67671173516501e-109	0	1	5.15608565190308e-112	6	9	rs202554	ENSG00000223750	eqtl_rs202554_ENSG00000223750_B38.txt	rs202554_ENSG00000223750_LD.unphased.vcor1	517	10	9	rs11699191	1	rs507582	1	0.00520821	2.71254514041e-05
517	rs2209313	rs507582	0	2.67671173517566e-109	0	1	5.22151585578809e-112	7	9	rs202554	ENSG00000223750	eqtl_rs202554_ENSG00000223750_B38.txt	rs202554_ENSG00000223750_LD.unphased.vcor1	517	10	9	rs11699191	1	rs507582	1	0.0815459	0.00664973380681
517	rs202494	rs507582	0	2.67671173517597e-109	0	1	5.74789302626152e-112	8	9	rs202554	ENSG00000223750	eqtl_rs202554_ENSG00000223750_B38.txt	rs202554_ENSG00000223750_LD.unphased.vcor1	517	10	9	rs11699191	1	rs507582	1	0.0428695	0.00183779403025
517	rs56078965	rs507582	2.1746594253901e-120	2.6767117351533e-109	8.12436915343611e-12	0.999999999991701	1.63591948827235e-13	10	9	rs202554	ENSG00000223750	eqtl_rs202554_ENSG00000223750_B38.txt	rs202554_ENSG00000223750_LD.unphased.vcor1	517	10	9	rs11699191	1	rs507582	1	0.103867	0.010788353689
517	rs2243529	rs507582	0	2.67671173517597e-109	8.13797424430178e-287	1	1.16415173268825e-111	5	9	rs202554	ENSG00000223750	eqtl_rs202554_ENSG00000223750_B38.txt	rs202554_ENSG00000223750_LD.unphased.vcor1	517	10	9	rs11699191	1	rs507582	1	-0.0914469	0.00836253551961
517	rs1658609	rs507582	1.912846453101e-123	2.67671173517566e-109	7.14625496635903e-15	1	4.04378782108478e-17	9	9	rs202554	ENSG00000223750	eqtl_rs202554_ENSG00000223750_B38.txt	rs202554_ENSG00000223750_LD.unphased.vcor1	517	10	9	rs11699191	1	rs507582	1	0.0436877	0.00190861513129
517	rs8124886	rs507582	9.70039722514127e-126	2.67671173517559e-109	3.62399771991322e-17	1	1.06937851890543e-18	4	9	rs202554	ENSG00000223750	eqtl_rs202554_ENSG00000223750_B38.txt	rs202554_ENSG00000223750_LD.unphased.vcor1	517	10	9	rs11699191	1	rs507582	1	-0.117332	0.013766798224
517	rs493466	rs2422613	0	9.22438491875016e-32	0	1	1.57430902247272e-31	1	5	rs202554	ENSG00000223750	eqtl_rs202554_ENSG00000223750_B38.txt	rs202554_ENSG00000223750_LD.unphased.vcor1	517	10	9	rs11699191	1	rs507582	1	-0.108864	0.011851370496
517	rs6110828	rs2422613	6.41520249235703e-47	9.22438491878266e-32	6.95461274528378e-16	1	9.48377762704179e-17	2	5	rs202554	ENSG00000223750	eqtl_rs202554_ENSG00000223750_B38.txt	rs202554_ENSG00000223750_LD.unphased.vcor1	517	10	9	rs11699191	1	rs507582	1	-0.281387	0.079178643769
517	rs11699191	rs2422613	0	9.22438491878162e-32	0	1	2.78749898305468e-17	3	5	rs202554	ENSG00000223750	eqtl_rs202554_ENSG00000223750_B38.txt	rs202554_ENSG00000223750_LD.unphased.vcor1	517	10	9	rs11699191	1	rs507582	1	0.294106	0.086498339236
517	rs202517	rs2422613	0	9.22438491875016e-32	0	1	1.93217216128889e-34	6	5	rs202554	ENSG00000223750	eqtl_rs202554_ENSG00000223750_B38.txt	rs202554_ENSG00000223750_LD.unphased.vcor1	517	10	9	rs11699191	1	rs507582	1	0.0107806	0.00011622133636
517	rs2209313	rs2422613	0	9.22438491878371e-32	0	1	2.02248648949756e-34	7	5	rs202554	ENSG00000223750	eqtl_rs202554_ENSG00000223750_B38.txt	rs202554_ENSG00000223750_LD.unphased.vcor1	517	10	9	rs11699191	1	rs507582	1	-0.122665	0.015046702225
517	rs202494	rs2422613	0	9.22438491878371e-32	0	1	9.27411255219394e-34	8	5	rs202554	ENSG00000223750	eqtl_rs202554_ENSG00000223750_B38.txt	rs202554_ENSG00000223750_LD.unphased.vcor1	517	10	9	rs11699191	1	rs507582	1	0.105629	0.011157485641
517	rs56078965	rs2422613	7.49422762002322e-43	9.22438096844876e-32	8.12436567425042e-12	0.999999570892761	4.29099113058739e-07	10	5	rs202554	ENSG00000223750	eqtl_rs202554_ENSG00000223750_B38.txt	rs202554_ENSG00000223750_LD.unphased.vcor1	517	10	9	rs11699191	1	rs507582	1	0.685199	0.469497669601
517	rs2243529	rs2422613	1.11253692962894e-308	9.22438491878371e-32	8.13797424430178e-287	1	1.71702904949456e-32	5	5	rs202554	ENSG00000223750	eqtl_rs202554_ENSG00000223750_B38.txt	rs202554_ENSG00000223750_LD.unphased.vcor1	517	10	9	rs11699191	1	rs507582	1	0.026423	0.000698174929
517	rs1658609	rs2422613	6.59198065374561e-46	9.22438491878266e-32	7.14625496635872e-15	0.999999999999986	2.58536126090553e-15	9	5	rs202554	ENSG00000223750	eqtl_rs202554_ENSG00000223750_B38.txt	rs202554_ENSG00000223750_LD.unphased.vcor1	517	10	9	rs11699191	1	rs507582	1	0.303302	0.091992103204
517	rs8124886	rs2422613	3.34291499132698e-48	9.22438491878266e-32	3.62399771991311e-17	0.999999999999986	1.4175407300426e-14	4	5	rs202554	ENSG00000223750	eqtl_rs202554_ENSG00000223750_B38.txt	rs202554_ENSG00000223750_LD.unphased.vcor1	517	10	9	rs11699191	1	rs507582	1	0.471076	0.221912597776
517	rs493466	rs73580975	0	1.20281851904202e-07	0	0.999985874744825	1.40049748742021e-05	1	4	rs202554	ENSG00000223750	eqtl_rs202554_ENSG00000223750_B38.txt	rs202554_ENSG00000223750_LD.unphased.vcor1	517	10	9	rs11699191	1	rs507582	1	0.32484	0.1055210256
517	rs6110828	rs73580975	8.36525392178557e-23	1.20283533076063e-07	6.9546119071944e-16	0.999999879491121	2.25346480508278e-10	2	4	rs202554	ENSG00000223750	eqtl_rs202554_ENSG00000223750_B38.txt	rs202554_ENSG00000223750_LD.unphased.vcor1	517	10	9	rs11699191	1	rs507582	1	0.0430918	0.00185690322724
517	rs11699191	rs73580975	0	1.20282293405547e-07	0	0.999989552602306	1.03271153294462e-05	3	4	rs202554	ENSG00000223750	eqtl_rs202554_ENSG00000223750_B38.txt	rs202554_ENSG00000223750_LD.unphased.vcor1	517	10	9	rs11699191	1	rs507582	1	0.0682023	0.00465155372529
517	rs202517	rs73580975	0	1.20283530712502e-07	0	0.999999859803221	1.9912615500829e-08	6	4	rs202554	ENSG00000223750	eqtl_rs202554_ENSG00000223750_B38.txt	rs202554_ENSG00000223750_LD.unphased.vcor1	517	10	9	rs11699191	1	rs507582	1	-0.359715	0.129394881225
517	rs2209313	rs73580975	0	1.20283533034117e-07	0	0.99999987914169	5.74766641954989e-10	7	4	rs202554	ENSG00000223750	eqtl_rs202554_ENSG00000223750_B38.txt	rs202554_ENSG00000223750_LD.unphased.vcor1	517	10	9	rs11699191	1	rs507582	1	0.110763	0.012268442169
517	rs202494	rs73580975	0	1.20283533060112e-07	0	0.999999879358264	3.58214594451292e-10	8	4	rs202554	ENSG00000223750	eqtl_rs202554_ENSG00000223750_B38.txt	rs202554_ENSG00000223750_LD.unphased.vcor1	517	10	9	rs11699191	1	rs507582	1	0.1935	0.03744225
517	rs56078965	rs73580975	9.77227824658459e-19	1.20283532935848e-07	8.12436816497824e-12	0.999999878323095	1.38524691715815e-09	10	4	rs202554	ENSG00000223750	eqtl_rs202554_ENSG00000223750_B38.txt	rs202554_ENSG00000223750_LD.unphased.vcor1	517	10	9	rs11699191	1	rs507582	1	-0.0217103	0.00047133712609
517	rs2243529	rs73580975	9.78864272658241e-294	1.20283530430654e-07	8.13797308462689e-287	0.999999857453883	2.22625779519336e-08	5	4	rs202554	ENSG00000223750	eqtl_rs202554_ENSG00000223750_B38.txt	rs202554_ENSG00000223750_LD.unphased.vcor1	517	10	9	rs11699191	1	rs507582	1	-0.0531283	0.00282261626089
517	rs1658609	rs73580975	8.59575057441753e-22	1.2028328984737e-07	7.14623965453487e-15	0.999997853311067	2.02640563827983e-06	9	4	rs202554	ENSG00000223750	eqtl_rs202554_ENSG00000223750_B38.txt	rs202554_ENSG00000223750_LD.unphased.vcor1	517	10	9	rs11699191	1	rs507582	1	-0.309723	0.095928336729
517	rs8124886	rs73580975	4.35907249536507e-24	1.20283533055575e-07	3.62399728257366e-17	0.999999879320448	3.96020257991204e-10	4	4	rs202554	ENSG00000223750	eqtl_rs202554_ENSG00000223750_B38.txt	rs202554_ENSG00000223750_LD.unphased.vcor1	517	10	9	rs11699191	1	rs507582	1	-0.132896	0.017661346816
517	rs493466	rs2223839	0	8.43680583534674e-11	0	0.999999999916326	2.08424332233334e-13	1	6	rs202554	ENSG00000223750	eqtl_rs202554_ENSG00000223750_B38.txt	rs202554_ENSG00000223750_LD.unphased.vcor1	517	10	9	rs11699191	1	rs507582	1	0.363799	0.132349712401
517	rs6110828	rs2223839	5.86747173213605e-26	8.43680582519134e-11	6.95461273630775e-16	0.999999998706919	1.20871071860107e-09	2	6	rs202554	ENSG00000223750	eqtl_rs202554_ENSG00000223750_B38.txt	rs202554_ENSG00000223750_LD.unphased.vcor1	517	10	9	rs11699191	1	rs507582	1	0.471971	0.222756624841
517	rs11699191	rs2223839	0	8.43680583409025e-11	0	0.999999999763986	1.51738848688046e-10	3	6	rs202554	ENSG00000223750	eqtl_rs202554_ENSG00000223750_B38.txt	rs202554_ENSG00000223750_LD.unphased.vcor1	517	10	9	rs11699191	1	rs507582	1	-0.168212	0.028295276944
517	rs202517	rs2223839	0	8.43680583531604e-11	0	0.999999999912689	2.09060303990647e-12	6	6	rs202554	ENSG00000223750	eqtl_rs202554_ENSG00000223750_B38.txt	rs202554_ENSG00000223750_LD.unphased.vcor1	517	10	9	rs11699191	1	rs507582	1	-0.313015	0.097978390225
517	rs2209313	rs2223839	0	8.43680583536784e-11	0	0.999999999915417	1.61424364365512e-13	7	6	rs202554	ENSG00000223750	eqtl_rs202554_ENSG00000223750_B38.txt	rs202554_ENSG00000223750_LD.unphased.vcor1	517	10	9	rs11699191	1	rs507582	1	-0.230389	0.053079091321
517	rs202494	rs2223839	0	8.43680583533523e-11	0	0.999999999911779	3.91739846245079e-12	8	6	rs202554	ENSG00000223750	eqtl_rs202554_ENSG00000223750_B38.txt	rs202554_ENSG00000223750_LD.unphased.vcor1	517	10	9	rs11699191	1	rs507582	1	0.246825	0.060922580625
517	rs56078965	rs2223839	6.85437250822544e-22	8.43680583528061e-11	8.12436915273357e-12	0.999999999905206	2.29938134959749e-12	10	6	rs202554	ENSG00000223750	eqtl_rs202554_ENSG00000223750_B38.txt	rs202554_ENSG00000223750_LD.unphased.vcor1	517	10	9	rs11699191	1	rs507582	1	-0.36208	0.1311019264
517	rs2243529	rs2223839	6.86585085923828e-297	8.43680583536688e-11	8.13797424361252e-287	0.999999999915303	3.10605057269451e-13	5	6	rs202554	ENSG00000223750	eqtl_rs202554_ENSG00000223750_B38.txt	rs202554_ENSG00000223750_LD.unphased.vcor1	517	10	9	rs11699191	1	rs507582	1	0.265143	0.070300810449
517	rs1658609	rs2223839	6.02915656011983e-25	8.43680583536718e-11	7.14625496575473e-15	0.99999999991546	1.65093003666663e-13	9	6	rs202554	ENSG00000223750	eqtl_rs202554_ENSG00000223750_B38.txt	rs202554_ENSG00000223750_LD.unphased.vcor1	517	10	9	rs11699191	1	rs507582	1	-0.216532	0.046886107024
517	rs8124886	rs2223839	3.05749651106962e-27	8.43680583536034e-11	3.62399771960388e-17	0.99999999991465	9.8422503401925e-13	4	6	rs202554	ENSG00000223750	eqtl_rs202554_ENSG00000223750_B38.txt	rs202554_ENSG00000223750_LD.unphased.vcor1	517	10	9	rs11699191	1	rs507582	1	-0.240958	0.058060757764
233	rs3741615	rs7980709	0	4.11273388893877e-06	0	0.999995876923409	1.03427128010277e-08	2	1	rs923077	ENSG00000181234	eqtl_rs923077_ENSG00000181234_B38.txt	rs923077_ENSG00000181234_LD.unphased.vcor1	233	3	1	rs3741615	1	rs7980709	0.621543887909638	-0.10286	0.0105801796
233	rs11059923	rs7980709	0	4.11273388941382e-06	0	0.999995877039824	1.0226194736415e-08	1	1	rs923077	ENSG00000181234	eqtl_rs923077_ENSG00000181234_B38.txt	rs923077_ENSG00000181234_LD.unphased.vcor1	233	3	1	rs3741615	1	rs7980709	0.621543887909638	-0.106214	0.011281413796
233	rs10847691	rs7980709	0	4.11273389175163e-06	0	0.999995877609165	9.65733962972974e-09	7	1	rs923077	ENSG00000181234	eqtl_rs923077_ENSG00000181234_B38.txt	rs923077_ENSG00000181234_LD.unphased.vcor1	233	3	1	rs3741615	1	rs7980709	0.621543887909638	-0.103245	0.010659530025
485	rs925164	rs268137	0	0	5.6281918690181e-12	0.999999999994202	1.16294800301356e-13	1	5	rs268124	ENSG00000198369	eqtl_rs268124_ENSG00000198369_B38.txt	rs268124_ENSG00000198369_LD.unphased.vcor1	485	4	10	rs7607287	0.999992798974613	rs11688417	1	-0.229088	0.052481311744
485	rs7607287	rs268137	0	0	4.60817288055087e-07	0.999999195749847	3.43432871127506e-07	4	5	rs268124	ENSG00000198369	eqtl_rs268124_ENSG00000198369_B38.txt	rs268124_ENSG00000198369_LD.unphased.vcor1	485	4	10	rs7607287	0.999992798974613	rs11688417	1	-0.48638	0.2365655044
485	rs268123	rs268137	0	0	0.000159495694383716	0.999822174644338	1.83296613176369e-05	3	5	rs268124	ENSG00000198369	eqtl_rs268124_ENSG00000198369_B38.txt	rs268124_ENSG00000198369_LD.unphased.vcor1	485	4	10	rs7607287	0.999992798974613	rs11688417	1	-0.337391	0.113832686881
485	rs35603640	rs268137	0	0	2.12344297874973e-16	1	6.90736599336841e-16	2	5	rs268124	ENSG00000198369	eqtl_rs268124_ENSG00000198369_B38.txt	rs268124_ENSG00000198369_LD.unphased.vcor1	485	4	10	rs7607287	0.999992798974613	rs11688417	1	-0.328323	0.107795992329
485	rs925164	rs1437466	0	0	5.62819186892788e-12	1	3.72597800692242e-12	1	2	rs268124	ENSG00000198369	eqtl_rs268124_ENSG00000198369_B38.txt	rs268124_ENSG00000198369_LD.unphased.vcor1	485	4	10	rs7607287	0.999992798974613	rs11688417	1	-0.334815	0.112101084225
485	rs7607287	rs1437466	0	0	4.60817444335379e-07	0.999999535619389	3.57743279518008e-09	4	2	rs268124	ENSG00000198369	eqtl_rs268124_ENSG00000198369_B38.txt	rs268124_ENSG00000198369_LD.unphased.vcor1	485	4	10	rs7607287	0.999992798974613	rs11688417	1	-0.0402363	0.00161895983769
485	rs268123	rs1437466	0	0	0.000159497530922402	0.999833710407674	6.79203307918244e-06	3	2	rs268124	ENSG00000198369	eqtl_rs268124_ENSG00000198369_B38.txt	rs268124_ENSG00000198369_LD.unphased.vcor1	485	4	10	rs7607287	0.999992798974613	rs11688417	1	0.281128	0.079032952384
485	rs35603640	rs1437466	0	0	2.12344297865196e-16	1	1.09161512345709e-18	2	2	rs268124	ENSG00000198369	eqtl_rs268124_ENSG00000198369_B38.txt	rs268124_ENSG00000198369_LD.unphased.vcor1	485	4	10	rs7607287	0.999992798974613	rs11688417	1	-0.0360112	0.00129680652544
485	rs925164	rs62139061	1.45173515106157e-28	2.57939882796938e-17	5.62819180165032e-12	0.999999988000553	1.19938207973237e-08	1	3	rs268124	ENSG00000198369	eqtl_rs268124_ENSG00000198369_B38.txt	rs268124_ENSG00000198369_LD.unphased.vcor1	485	4	10	rs7607287	0.999992798974613	rs11688417	1	0.361625	0.130772640625
485	rs7607287	rs62139061	1.18863197305996e-23	2.57939762402525e-17	4.60817437744318e-07	0.999999521234877	1.79476847236064e-08	4	3	rs268124	ENSG00000198369	eqtl_rs268124_ENSG00000198369_B38.txt	rs268124_ENSG00000198369_LD.unphased.vcor1	485	4	10	rs7607287	0.999992798974613	rs11688417	1	-0.0407416	0.00165987797056
485	rs268123	rs62139061	4.11409763930528e-21	2.57898259582702e-17	0.000159498311987521	0.999838616367373	1.88532064049391e-06	3	3	rs268124	ENSG00000198369	eqtl_rs268124_ENSG00000198369_B38.txt	rs268124_ENSG00000198369_LD.unphased.vcor1	485	4	10	rs7607287	0.999992798974613	rs11688417	1	-0.131671	0.017337252241
485	rs35603640	rs62139061	5.47720639623862e-33	2.57939885885887e-17	2.12344297874961e-16	1	3.78864362268497e-15	2	3	rs268124	ENSG00000198369	eqtl_rs268124_ENSG00000198369_B38.txt	rs268124_ENSG00000198369_LD.unphased.vcor1	485	4	10	rs7607287	0.999992798974613	rs11688417	1	0.0358994	0.00128876692036
485	rs925164	rs7576126	0	0	5.62819186892788e-12	1	4.86601684574879e-12	1	6	rs268124	ENSG00000198369	eqtl_rs268124_ENSG00000198369_B38.txt	rs268124_ENSG00000198369_LD.unphased.vcor1	485	4	10	rs7607287	0.999992798974613	rs11688417	1	-0.335214	0.112368425796
485	rs7607287	rs7576126	0	0	4.6081744425491e-07	0.999999535444766	3.74879085680756e-09	4	6	rs268124	ENSG00000198369	eqtl_rs268124_ENSG00000198369_B38.txt	rs268124_ENSG00000198369_LD.unphased.vcor1	485	4	10	rs7607287	0.999992798974613	rs11688417	1	-0.0411574	0.00169393157476
485	rs268123	rs7576126	0	0	0.000159497379296542	0.999832757998158	7.74461000439609e-06	3	6	rs268124	ENSG00000198369	eqtl_rs268124_ENSG00000198369_B38.txt	rs268124_ENSG00000198369_LD.unphased.vcor1	485	4	10	rs7607287	0.999992798974613	rs11688417	1	0.279402	0.078065477604
485	rs35603640	rs7576126	0	0	2.12344297865196e-16	1	1.09100029762516e-18	2	6	rs268124	ENSG00000198369	eqtl_rs268124_ENSG00000198369_B38.txt	rs268124_ENSG00000198369_LD.unphased.vcor1	485	4	10	rs7607287	0.999992798974613	rs11688417	1	-0.0374735	0.00140426320225
485	rs925164	rs11688417	0	0	5.62819186892788e-12	1	3.86899841268192e-12	1	7	rs268124	ENSG00000198369	eqtl_rs268124_ENSG00000198369_B38.txt	rs268124_ENSG00000198369_LD.unphased.vcor1	485	4	10	rs7607287	0.999992798974613	rs11688417	1	-0.37438	0.1401603844
485	rs7607287	rs11688417	0	0	4.60817444415848e-07	0.999999535794012	3.37580018497209e-09	4	7	rs268124	ENSG00000198369	eqtl_rs268124_ENSG00000198369_B38.txt	rs268124_ENSG00000198369_LD.unphased.vcor1	485	4	10	rs7607287	0.999992798974613	rs11688417	1	0.033529	0.001124193841
485	rs268123	rs11688417	0	0	0.000159498314835595	0.999838634318228	1.86735747111092e-06	3	7	rs268124	ENSG00000198369	eqtl_rs268124_ENSG00000198369_B38.txt	rs268124_ENSG00000198369_LD.unphased.vcor1	485	4	10	rs7607287	0.999992798974613	rs11688417	1	0.161859	0.026198335881
485	rs35603640	rs11688417	0	0	2.1234396256162e-16	0.999998417800613	1.58220530200066e-06	2	7	rs268124	ENSG00000198369	eqtl_rs268124_ENSG00000198369_B38.txt	rs268124_ENSG00000198369_LD.unphased.vcor1	485	4	10	rs7607287	0.999992798974613	rs11688417	1	-0.771563	0.595309462969
485	rs925164	rs1194849	0	0	5.62819180039725e-12	0.99999998777821	1.22159361016327e-08	1	8	rs268124	ENSG00000198369	eqtl_rs268124_ENSG00000198369_B38.txt	rs268124_ENSG00000198369_LD.unphased.vcor1	485	4	10	rs7607287	0.999992798974613	rs11688417	1	0.450239	0.202715157121
485	rs7607287	rs1194849	0	0	4.60817441585172e-07	0.999999529586714	9.59614242422282e-09	4	8	rs268124	ENSG00000198369	eqtl_rs268124_ENSG00000198369_B38.txt	rs268124_ENSG00000198369_LD.unphased.vcor1	485	4	10	rs7607287	0.999992798974613	rs11688417	1	0.0403947	0.00163173178809
485	rs268123	rs1194849	0	0	0.000159489366798173	0.999782429741995	5.80808913204997e-05	3	8	rs268124	ENSG00000198369	eqtl_rs268124_ENSG00000198369_B38.txt	rs268124_ENSG00000198369_LD.unphased.vcor1	485	4	10	rs7607287	0.999992798974613	rs11688417	1	-0.271556	0.073742661136
485	rs35603640	rs1194849	0	0	2.12344297874852e-16	1	3.92682020911574e-18	2	8	rs268124	ENSG00000198369	eqtl_rs268124_ENSG00000198369_B38.txt	rs268124_ENSG00000198369_LD.unphased.vcor1	485	4	10	rs7607287	0.999992798974613	rs11688417	1	-0.0430544	0.00185368135936
485	rs925164	rs12713541	0	0	5.62819186892788e-12	1	6.36472638148322e-12	1	9	rs268124	ENSG00000198369	eqtl_rs268124_ENSG00000198369_B38.txt	rs268124_ENSG00000198369_LD.unphased.vcor1	485	4	10	rs7607287	0.999992798974613	rs11688417	1	0.375033	0.140649751089
485	rs7607287	rs12713541	0	0	4.60817444496318e-07	0.999999535968635	3.24288270078933e-09	4	9	rs268124	ENSG00000198369	eqtl_rs268124_ENSG00000198369_B38.txt	rs268124_ENSG00000198369_LD.unphased.vcor1	485	4	10	rs7607287	0.999992798974613	rs11688417	1	-0.0341933	0.00116918176489
485	rs268123	rs12713541	0	0	0.000159498270634364	0.999838356654329	2.14506062777981e-06	3	9	rs268124	ENSG00000198369	eqtl_rs268124_ENSG00000198369_B38.txt	rs268124_ENSG00000198369_LD.unphased.vcor1	485	4	10	rs7607287	0.999992798974613	rs11688417	1	-0.162851	0.026520448201
485	rs35603640	rs12713541	0	0	2.12344205399571e-16	0.999999563675469	4.36338464936646e-07	2	9	rs268124	ENSG00000198369	eqtl_rs268124_ENSG00000198369_B38.txt	rs268124_ENSG00000198369_LD.unphased.vcor1	485	4	10	rs7607287	0.999992798974613	rs11688417	1	0.769215	0.591691716225
485	rs925164	rs4549071	0	0	5.62819022586668e-12	0.999999707460162	2.92533943942748e-07	1	10	rs268124	ENSG00000198369	eqtl_rs268124_ENSG00000198369_B38.txt	rs268124_ENSG00000198369_LD.unphased.vcor1	485	4	10	rs7607287	0.999992798974613	rs11688417	1	-0.537003	0.288372222009
485	rs7607287	rs4549071	0	0	4.60817413956537e-07	0.999999469510981	6.96714140748968e-08	4	10	rs268124	ENSG00000198369	eqtl_rs268124_ENSG00000198369_B38.txt	rs268124_ENSG00000198369_LD.unphased.vcor1	485	4	10	rs7607287	0.999992798974613	rs11688417	1	-0.203125	0.041259765625
485	rs268123	rs4549071	0	0	0.000159497375686964	0.999832735266413	7.76735829095311e-06	3	10	rs268124	ENSG00000198369	eqtl_rs268124_ENSG00000198369_B38.txt	rs268124_ENSG00000198369_LD.unphased.vcor1	485	4	10	rs7607287	0.999992798974613	rs11688417	1	0.1434	0.02056356
485	rs35603640	rs4549071	0	0	2.12344297874852e-16	1	1.14996525018144e-18	2	10	rs268124	ENSG00000198369	eqtl_rs268124_ENSG00000198369_B38.txt	rs268124_ENSG00000198369_LD.unphased.vcor1	485	4	10	rs7607287	0.999992798974613	rs11688417	1	-0.0731905	0.00535684929025
485	rs925164	rs6727281	1.01414084479571e-156	1.80189458424917e-145	5.62819186888278e-12	0.999999999970157	2.42300885941701e-11	1	4	rs268124	ENSG00000198369	eqtl_rs268124_ENSG00000198369_B38.txt	rs268124_ENSG00000198369_LD.unphased.vcor1	485	4	10	rs7607287	0.999992798974613	rs11688417	1	-0.417384	0.174209403456
485	rs7607287	rs6727281	8.30344457599015e-152	1.80189374810414e-145	4.60817444501216e-07	0.999999535927139	3.25539153548276e-09	4	4	rs268124	ENSG00000198369	eqtl_rs268124_ENSG00000198369_B38.txt	rs268124_ENSG00000198369_LD.unphased.vcor1	485	4	10	rs7607287	0.999992798974613	rs11688417	1	0.024293	0.000590149849
485	rs268123	rs6727281	2.87399014293606e-149	1.8016029781107e-145	0.000159498239684649	0.999838162217739	2.33954257233501e-06	3	4	rs268124	ENSG00000198369	eqtl_rs268124_ENSG00000198369_B38.txt	rs268124_ENSG00000198369_LD.unphased.vcor1	485	4	10	rs7607287	0.999992798974613	rs11688417	1	0.176784	0.031252582656
485	rs35603640	rs6727281	3.82622040023499e-161	1.80189458277239e-145	2.12344297694605e-16	0.999999999148997	8.51003885426238e-10	2	4	rs268124	ENSG00000198369	eqtl_rs268124_ENSG00000198369_B38.txt	rs268124_ENSG00000198369_LD.unphased.vcor1	485	4	10	rs7607287	0.999992798974613	rs11688417	1	-0.660269	0.435955152361
485	rs925164	rs114625088	2.99681592919184e-165	5.32465132482674e-154	5.62819186901778e-12	0.999999999994202	1.67287307478122e-13	1	1	rs268124	ENSG00000198369	eqtl_rs268124_ENSG00000198369_B38.txt	rs268124_ENSG00000198369_LD.unphased.vcor1	485	4	10	rs7607287	0.999992798974613	rs11688417	1	-0.184988	0.034220560144
485	rs7607287	rs114625088	2.45364774311446e-160	5.32455234439927e-154	4.6080909216719e-07	0.999981374574103	1.81646167850621e-05	4	1	rs268124	ENSG00000198369	eqtl_rs268124_ENSG00000198369_B38.txt	rs268124_ENSG00000198369_LD.unphased.vcor1	485	4	10	rs7607287	0.999992798974613	rs11688417	1	-0.562665	0.316591902225
485	rs268123	rs114625088	8.49271353058471e-158	5.32378234718353e-154	0.000159498021794166	0.999836793601566	3.70837662011936e-06	3	1	rs268124	ENSG00000198369	eqtl_rs268124_ENSG00000198369_B38.txt	rs268124_ENSG00000198369_LD.unphased.vcor1	485	4	10	rs7607287	0.999992798974613	rs11688417	1	-0.289595	0.083865264025
485	rs35603640	rs114625088	1.1306593470058e-169	5.32465132485731e-154	2.12344297874949e-16	1	6.68111198715805e-16	2	1	rs268124	ENSG00000198369	eqtl_rs268124_ENSG00000198369_B38.txt	rs268124_ENSG00000198369_LD.unphased.vcor1	485	4	10	rs7607287	0.999992798974613	rs11688417	1	-0.391318	0.153129777124
787	rs3750996	rs2193	5.19180864545449e-29	7.29213614432593e-25	7.11920543659164e-05	0.999925430182585	3.37776304196279e-06	1	2	rs12576774	ENSG00000167323	eqtl_rs12576774_ENSG00000167323_B38.txt	rs12576774_ENSG00000167323_LD.unphased.vcor1	787	1	10	rs3750996	0.999202942842311	rs10500591	1	0.0400107	0.00160085611449
787	rs3750996	rs10500591	0	0	7.11922187821829e-05	0.99992774412964	1.06365273593089e-06	1	3	rs12576774	ENSG00000167323	eqtl_rs12576774_ENSG00000167323_B38.txt	rs12576774_ENSG00000167323_LD.unphased.vcor1	787	1	10	rs3750996	0.999202942842311	rs10500591	1	0.0205142	0.00042083240164
787	rs3750996	rs4488188	0	0	7.11917040161981e-05	0.999920499499078	8.30879856344578e-06	1	4	rs12576774	ENSG00000167323	eqtl_rs12576774_ENSG00000167323_B38.txt	rs12576774_ENSG00000167323_LD.unphased.vcor1	787	1	10	rs3750996	0.999202942842311	rs10500591	1	0.291774	0.085132067076
787	rs3750996	rs6578424	0	0	7.11898002305118e-05	0.999893706324448	3.51038610285055e-05	1	5	rs12576774	ENSG00000167323	eqtl_rs12576774_ENSG00000167323_B38.txt	rs12576774_ENSG00000167323_LD.unphased.vcor1	787	1	10	rs3750996	0.999202942842311	rs10500591	1	-0.382969	0.146665254961
787	rs3750996	rs11030579	0	0	6.98027119122528e-05	0.980372361845458	0.0195578354425391	1	6	rs12576774	ENSG00000167323	eqtl_rs12576774_ENSG00000167323_B38.txt	rs12576774_ENSG00000167323_LD.unphased.vcor1	787	1	10	rs3750996	0.999202942842311	rs10500591	1	-0.474438	0.225091415844
787	rs3750996	rs11030472	0	0	6.91387039244625e-05	0.971027370243943	0.028903491052238	1	7	rs12576774	ENSG00000167323	eqtl_rs12576774_ENSG00000167323_B38.txt	rs12576774_ENSG00000167323_LD.unphased.vcor1	787	1	10	rs3750996	0.999202942842311	rs10500591	1	0.885057	0.783325893249
787	rs3750996	rs10835270	0	0	7.11919430889574e-05	0.999923864116605	4.94394046716703e-06	1	8	rs12576774	ENSG00000167323	eqtl_rs12576774_ENSG00000167323_B38.txt	rs12576774_ENSG00000167323_LD.unphased.vcor1	787	1	10	rs3750996	0.999202942842311	rs10500591	1	-0.241412	0.058279753744
787	rs3750996	rs10835403	0	0	7.11314070629133e-05	0.999071903476398	0.000856965109082442	1	9	rs12576774	ENSG00000167323	eqtl_rs12576774_ENSG00000167323_B38.txt	rs12576774_ENSG00000167323_LD.unphased.vcor1	787	1	10	rs3750996	0.999202942842311	rs10500591	1	-0.430006	0.184905160036
787	rs3750996	rs3750996	0	0	1.42508978089466e-07	1.60822340900442e-06	0.999998249267433	1	10	rs12576774	ENSG00000167323	eqtl_rs12576774_ENSG00000167323_B38.txt	rs12576774_ENSG00000167323_LD.unphased.vcor1	787	1	10	rs3750996	0.999202942842311	rs10500591	1	1	1
787	rs3750996	rs4414209	1.11253692926327e-308	1.11253706506181e-308	7.11922428171332e-05	0.999928082372028	7.2538515914215e-07	1	1	rs12576774	ENSG00000167323	eqtl_rs12576774_ENSG00000167323_B38.txt	rs12576774_ENSG00000167323_LD.unphased.vcor1	787	1	10	rs3750996	0.999202942842311	rs10500591	1	0.311675	0.097141305625
727	rs79997851	rs360155	0	0	0.0422604735769509	0.669003171712507	0.288736354713181	1	1	rs360050	ENSG00000133789	eqtl_rs360050_ENSG00000133789_B38.txt	rs360050_ENSG00000133789_LD.unphased.vcor1	727	1	9	rs79997851	0.163876758931661	rs1056593	1	0.200659	0.040264034281
727	rs79997851	rs1056593	0	0	0.0592620313121309	0.938952046886774	0.00178592180104801	1	2	rs360050	ENSG00000133789	eqtl_rs360050_ENSG00000133789_B38.txt	rs360050_ENSG00000133789_LD.unphased.vcor1	727	1	9	rs79997851	0.163876758931661	rs1056593	1	0.0390925	0.00152822355625
727	rs79997851	rs7937716	7.80396152245961e-121	1.23647019139019e-119	0.0593127791081362	0.93975781484411	0.00092940604775417	1	3	rs360050	ENSG00000133789	eqtl_rs360050_ENSG00000133789_B38.txt	rs360050_ENSG00000133789_LD.unphased.vcor1	727	1	9	rs79997851	0.163876758931661	rs1056593	1	0.0200393	0.00040157354449
727	rs79997851	rs2289074	4.2604864563861e-269	6.75037221670295e-268	0.0587476443191096	0.930784666441894	0.0104676892389652	1	4	rs360050	ENSG00000133789	eqtl_rs360050_ENSG00000133789_B38.txt	rs360050_ENSG00000133789_LD.unphased.vcor1	727	1	9	rs79997851	0.163876758931661	rs1056593	1	0.301965	0.091182861225
727	rs79997851	rs10840273	3.59546869428309e-172	5.6967091031434e-171	0.0592063574577499	0.938068063512841	0.00272557902943185	1	5	rs360050	ENSG00000133789	eqtl_rs360050_ENSG00000133789_B38.txt	rs360050_ENSG00000133789_LD.unphased.vcor1	727	1	9	rs79997851	0.163876758931661	rs1056593	1	-0.192467	0.037043546089
727	rs79997851	rs10840304	5.3256612756359e-187	8.4380495698413e-186	0.0592778003109339	0.939202425325842	0.00151977436320608	1	6	rs360050	ENSG00000133789	eqtl_rs360050_ENSG00000133789_B38.txt	rs360050_ENSG00000133789_LD.unphased.vcor1	727	1	9	rs79997851	0.163876758931661	rs1056593	1	-0.0951165	0.00904714857225
727	rs79997851	rs140892319	0	0	0.0593085039824166	0.939689934862761	0.00100156115514517	1	7	rs360050	ENSG00000133789	eqtl_rs360050_ENSG00000133789_B38.txt	rs360050_ENSG00000133789_LD.unphased.vcor1	727	1	9	rs79997851	0.163876758931661	rs1056593	1	-0.0844758	0.00713616078564
727	rs79997851	rs10840298	0	0	0.0507814305822146	0.804297995561859	0.144920573854448	1	8	rs360050	ENSG00000133789	eqtl_rs360050_ENSG00000133789_B38.txt	rs360050_ENSG00000133789_LD.unphased.vcor1	727	1	9	rs79997851	0.163876758931661	rs1056593	1	0.172839	0.029873319921
727	rs79997851	rs360140	9.99790521345863e-204	1.58408158948609e-202	0.0592692705119983	0.939066990110813	0.00166373937721155	1	9	rs360050	ENSG00000133789	eqtl_rs360050_ENSG00000133789_B38.txt	rs360050_ENSG00000133789_LD.unphased.vcor1	727	1	9	rs79997851	0.163876758931661	rs1056593	1	0.172154	0.029636999716
286	rs428073	rs1726407	9.13292077113018e-19	2.93609505562017e-12	3.07460937993253e-07	0.98841696499249	0.0115827275436385	1	1	rs428073	ENSG00000135090	eqtl_rs428073_ENSG00000135090_B38.txt	rs428073_ENSG00000135090_LD.unphased.vcor1	286	1	9	rs428073	0.436138412423088	rs542689	1	0.739276	0.546529004176
286	rs428073	rs7973195	8.82708669513976e-21	2.83777405395396e-14	3.110566155531e-07	0.99999968665687	2.28648489981703e-09	1	2	rs428073	ENSG00000135090	eqtl_rs428073_ENSG00000135090_B38.txt	rs428073_ENSG00000135090_LD.unphased.vcor1	286	1	9	rs428073	0.436138412423088	rs542689	1	-0.0102142	0.00010432988164
286	rs428073	rs11068845	1.67811752530699e-40	5.39489249088673e-34	3.11056615572972e-07	0.99999968672089	2.22248835871053e-09	1	3	rs428073	ENSG00000135090	eqtl_rs428073_ENSG00000135090_B38.txt	rs428073_ENSG00000135090_LD.unphased.vcor1	286	1	9	rs428073	0.436138412423088	rs542689	1	-0.0187361	0.00035104144321
286	rs428073	rs572869	1.80642798038123e-118	5.80739107942005e-112	3.0826886778764e-07	0.991019541496399	0.00898015023475473	1	4	rs428073	ENSG00000135090	eqtl_rs428073_ENSG00000135090_B38.txt	rs428073_ENSG00000135090_LD.unphased.vcor1	286	1	9	rs428073	0.436138412423088	rs542689	1	0.863128	0.744989944384
286	rs428073	rs542689	0	0	3.11056614740464e-07	0.999999684039089	4.90430993226066e-09	1	5	rs428073	ENSG00000135090	eqtl_rs428073_ENSG00000135090_B38.txt	rs428073_ENSG00000135090_LD.unphased.vcor1	286	1	9	rs428073	0.436138412423088	rs542689	1	-0.485824	0.236024958976
286	rs428073	rs571113	1.11253874635724e-308	1.16834233934242e-307	3.1105658250493e-07	0.999999580199048	1.08744403355505e-07	1	8	rs428073	ENSG00000135090	eqtl_rs428073_ENSG00000135090_B38.txt	rs428073_ENSG00000135090_LD.unphased.vcor1	286	1	9	rs428073	0.436138412423088	rs542689	1	-0.470231	0.221117193361
286	rs428073	rs76597567	6.58970505926355e-72	2.11848990343368e-65	3.11009425681365e-07	0.999847674375264	0.000152014615297323	1	9	rs428073	ENSG00000135090	eqtl_rs428073_ENSG00000135090_B38.txt	rs428073_ENSG00000135090_LD.unphased.vcor1	286	1	9	rs428073	0.436138412423088	rs542689	1	0.420957	0.177204795849
286	rs428073	rs353890	0	0	3.11056058588401e-07	0.999997892511776	1.79643221241968e-06	1	6	rs428073	ENSG00000135090	eqtl_rs428073_ENSG00000135090_B38.txt	rs428073_ENSG00000135090_LD.unphased.vcor1	286	1	9	rs428073	0.436138412423088	rs542689	1	-0.502778	0.252785717284
286	rs428073	rs795476	1.35366661140048e-51	4.35183217318024e-45	3.11054205844307e-07	0.999991924285036	7.7646607632232e-06	1	10	rs428073	ENSG00000135090	eqtl_rs428073_ENSG00000135090_B38.txt	rs428073_ENSG00000135090_LD.unphased.vcor1	286	1	9	rs428073	0.436138412423088	rs542689	1	-0.702707	0.493797127849
418	rs244689	rs79688624	0	0	6.74995293391272e-22	1	6.87979407832142e-24	1	6	rs4388254	ENSG00000213585	eqtl_rs4388254_ENSG00000213585_B38.txt	rs4388254_ENSG00000213585_LD.unphased.vcor1	418	3	8	rs244689	0.950893865338454	rs10035803	1	-0.0123989	0.00015373272121
418	rs30504	rs79688624	0	0	1.10938039627628e-20	1	3.73487875700176e-22	2	6	rs4388254	ENSG00000213585	eqtl_rs4388254_ENSG00000213585_B38.txt	rs4388254_ENSG00000213585_LD.unphased.vcor1	418	3	8	rs244689	0.950893865338454	rs10035803	1	0.0523547	0.00274101461209
418	rs12234026	rs79688624	0	0	0.0032863024695192	0.996670468226024	4.32293045276728e-05	3	6	rs4388254	ENSG00000213585	eqtl_rs4388254_ENSG00000213585_B38.txt	rs4388254_ENSG00000213585_LD.unphased.vcor1	418	3	8	rs244689	0.950893865338454	rs10035803	1	-0.0900735	0.00811323540225
418	rs244689	rs10035803	0	0	6.74995293390965e-22	1	5.3135739574179e-24	1	1	rs4388254	ENSG00000213585	eqtl_rs4388254_ENSG00000213585_B38.txt	rs4388254_ENSG00000213585_LD.unphased.vcor1	418	3	8	rs244689	0.950893865338454	rs10035803	1	0.120347	0.014483400409
418	rs30504	rs10035803	0	0	1.10938039627578e-20	1	5.21648454322475e-23	2	1	rs4388254	ENSG00000213585	eqtl_rs4388254_ENSG00000213585_B38.txt	rs4388254_ENSG00000213585_LD.unphased.vcor1	418	3	8	rs244689	0.950893865338454	rs10035803	1	0.0334008	0.00111561344064
418	rs12234026	rs10035803	0	0	0.00328632838667161	0.996678344189542	3.53274237270196e-05	3	1	rs4388254	ENSG00000213585	eqtl_rs4388254_ENSG00000213585_B38.txt	rs4388254_ENSG00000213585_LD.unphased.vcor1	418	3	8	rs244689	0.950893865338454	rs10035803	1	-0.0662044	0.00438302257936
418	rs244689	rs2431577	2.20385333853025e-34	3.26499067490926e-13	6.74995293391085e-22	0.999999999999673	1.8500511115543e-15	1	3	rs4388254	ENSG00000213585	eqtl_rs4388254_ENSG00000213585_B38.txt	rs4388254_ENSG00000213585_LD.unphased.vcor1	418	3	8	rs244689	0.950893865338454	rs10035803	1	0.0872699	0.00761603544601
418	rs30504	rs2431577	3.62211664876958e-33	3.26499067490926e-13	1.10938039627604e-20	0.999999999999673	1.36371238600319e-15	2	3	rs4388254	ENSG00000213585	eqtl_rs4388254_ENSG00000213585_B38.txt	rs4388254_ENSG00000213585_LD.unphased.vcor1	418	3	8	rs244689	0.950893865338454	rs10035803	1	0.0206494	0.00042639772036
418	rs12234026	rs2431577	1.07279788840854e-15	3.25358385730419e-13	0.00328576095684562	0.996505907936571	0.00020833110625922	3	3	rs4388254	ENSG00000213585	eqtl_rs4388254_ENSG00000213585_B38.txt	rs4388254_ENSG00000213585_LD.unphased.vcor1	418	3	8	rs244689	0.950893865338454	rs10035803	1	-0.0797159	0.00635462471281
418	rs244689	rs247456	2.1120106723583e-55	3.1289265170238e-34	6.74995293391301e-22	1	3.87057192533162e-24	1	4	rs4388254	ENSG00000213585	eqtl_rs4388254_ENSG00000213585_B38.txt	rs4388254_ENSG00000213585_LD.unphased.vcor1	418	3	8	rs244689	0.950893865338454	rs10035803	1	-0.195155	0.038085474025
418	rs30504	rs247456	3.47116973937558e-54	3.1289265170238e-34	1.10938039627639e-20	1	7.60927397429811e-23	2	4	rs4388254	ENSG00000213585	eqtl_rs4388254_ENSG00000213585_B38.txt	rs4388254_ENSG00000213585_LD.unphased.vcor1	418	3	8	rs244689	0.950893865338454	rs10035803	1	-0.0480407	0.00230790885649
418	rs12234026	rs247456	1.02822952524622e-36	3.1184168249133e-34	0.00328620541151046	0.996640973267205	7.28213212807119e-05	3	4	rs4388254	ENSG00000213585	eqtl_rs4388254_ENSG00000213585_B38.txt	rs4388254_ENSG00000213585_LD.unphased.vcor1	418	3	8	rs244689	0.950893865338454	rs10035803	1	-0.0150637	0.00022691505769
418	rs244689	rs78967855	0	0	6.74995293391272e-22	1	3.32258188629225e-24	1	5	rs4388254	ENSG00000213585	eqtl_rs4388254_ENSG00000213585_B38.txt	rs4388254_ENSG00000213585_LD.unphased.vcor1	418	3	8	rs244689	0.950893865338454	rs10035803	1	0.0121946	0.00014870826916
418	rs30504	rs78967855	0	0	1.10938039627628e-20	1	9.4816242590992e-23	2	5	rs4388254	ENSG00000213585	eqtl_rs4388254_ENSG00000213585_B38.txt	rs4388254_ENSG00000213585_LD.unphased.vcor1	418	3	8	rs244689	0.950893865338454	rs10035803	1	-0.0508058	0.00258122931364
418	rs12234026	rs78967855	0	0	0.0032863492544678	0.996684685704644	2.89650408705289e-05	3	5	rs4388254	ENSG00000213585	eqtl_rs4388254_ENSG00000213585_B38.txt	rs4388254_ENSG00000213585_LD.unphased.vcor1	418	3	8	rs244689	0.950893865338454	rs10035803	1	0.087031	0.007574394961
418	rs244689	rs10041027	0	0	6.74995293390965e-22	1	3.62855970087836e-24	1	7	rs4388254	ENSG00000213585	eqtl_rs4388254_ENSG00000213585_B38.txt	rs4388254_ENSG00000213585_LD.unphased.vcor1	418	3	8	rs244689	0.950893865338454	rs10035803	1	0.100375	0.010075140625
418	rs30504	rs10041027	0	0	1.10938039627578e-20	1	8.40768773912345e-23	2	7	rs4388254	ENSG00000213585	eqtl_rs4388254_ENSG00000213585_B38.txt	rs4388254_ENSG00000213585_LD.unphased.vcor1	418	3	8	rs244689	0.950893865338454	rs10035803	1	0.0650198	0.00422757439204
418	rs12234026	rs10041027	0	0	0.00328633968630757	0.99668177803648	3.1882277305698e-05	3	7	rs4388254	ENSG00000213585	eqtl_rs4388254_ENSG00000213585_B38.txt	rs4388254_ENSG00000213585_LD.unphased.vcor1	418	3	8	rs244689	0.950893865338454	rs10035803	1	0.222121	0.049337738641
418	rs244689	rs10078614	0	0	6.74995293390965e-22	1	5.98514019418147e-24	1	9	rs4388254	ENSG00000213585	eqtl_rs4388254_ENSG00000213585_B38.txt	rs4388254_ENSG00000213585_LD.unphased.vcor1	418	3	8	rs244689	0.950893865338454	rs10035803	1	0.180233	0.032483934289
418	rs30504	rs10078614	0	0	1.10938039627578e-20	1	1.74523085073894e-21	2	9	rs4388254	ENSG00000213585	eqtl_rs4388254_ENSG00000213585_B38.txt	rs4388254_ENSG00000213585_LD.unphased.vcor1	418	3	8	rs244689	0.950893865338454	rs10035803	1	-0.175399	0.030764809201
418	rs12234026	rs10078614	0	0	0.00328634835871184	0.996684413493437	2.92381478525669e-05	3	9	rs4388254	ENSG00000213585	eqtl_rs4388254_ENSG00000213585_B38.txt	rs4388254_ENSG00000213585_LD.unphased.vcor1	418	3	8	rs244689	0.950893865338454	rs10035803	1	0.175029	0.030635150841
418	rs244689	rs4496755	0	0	6.74995293390965e-22	1	5.32227735017477e-24	1	2	rs4388254	ENSG00000213585	eqtl_rs4388254_ENSG00000213585_B38.txt	rs4388254_ENSG00000213585_LD.unphased.vcor1	418	3	8	rs244689	0.950893865338454	rs10035803	1	-0.052853	0.002793439609
418	rs30504	rs4496755	0	0	1.10938039627578e-20	1	1.1811491230884e-22	2	2	rs4388254	ENSG00000213585	eqtl_rs4388254_ENSG00000213585_B38.txt	rs4388254_ENSG00000213585_LD.unphased.vcor1	418	3	8	rs244689	0.950893865338454	rs10035803	1	-0.274944	0.075594203136
418	rs12234026	rs4496755	0	0	0.00328620462446997	0.996640734093605	7.30612817241984e-05	3	2	rs4388254	ENSG00000213585	eqtl_rs4388254_ENSG00000213585_B38.txt	rs4388254_ENSG00000213585_LD.unphased.vcor1	418	3	8	rs244689	0.950893865338454	rs10035803	1	-0.0478287	0.00228758454369
587	rs8108669	rs9304687	0	0	2.5475529587363e-12	0.999999983934686	1.60078157968298e-08	1	1	rs755393386	ENSG00000074219	eqtl_rs755393386_ENSG00000074219_B38.txt	rs755393386_ENSG00000074219_LD.unphased.vcor1	587	1	6	rs2280401	0.495762070205201	rs1654322	1	-0.578302	0.334433203204
587	rs8108669	rs1465696	7.1375726059531e-236	2.80173664940052e-224	2.54755297108207e-12	0.999999988687364	1.13101170781e-08	1	2	rs755393386	ENSG00000074219	eqtl_rs755393386_ENSG00000074219_B38.txt	rs755393386_ENSG00000074219_LD.unphased.vcor1	587	1	6	rs2280401	0.495762070205201	rs1654322	1	0.594882	0.353884593924
587	rs8108669	rs8112872	0	0	2.54755230568e-12	0.999999726656862	2.73175595948687e-07	1	3	rs755393386	ENSG00000074219	eqtl_rs755393386_ENSG00000074219_B38.txt	rs755393386_ENSG00000074219_LD.unphased.vcor1	587	1	6	rs2280401	0.495762070205201	rs1654322	1	0.61748	0.3812815504
587	rs8108669	rs1654322	0	0	2.54755228076778e-12	0.999999716877977	2.82605256429909e-07	1	4	rs755393386	ENSG00000074219	eqtl_rs755393386_ENSG00000074219_B38.txt	rs755393386_ENSG00000074219_LD.unphased.vcor1	587	1	6	rs2280401	0.495762070205201	rs1654322	1	0.61748	0.3812815504
587	rs8108669	rs57104627	0	0	2.54755299254576e-12	0.999999998137355	1.62422707497677e-09	1	5	rs755393386	ENSG00000074219	eqtl_rs755393386_ENSG00000074219_B38.txt	rs755393386_ENSG00000074219_LD.unphased.vcor1	587	1	6	rs2280401	0.495762070205201	rs1654322	1	-0.578302	0.334433203204
587	rs8108669	rs8099837	1.40717284220287e-156	5.52362538596468e-145	2.54755299886346e-12	0.999999999614431	3.83031041189942e-10	1	6	rs755393386	ENSG00000074219	eqtl_rs755393386_ENSG00000074219_B38.txt	rs755393386_ENSG00000074219_LD.unphased.vcor1	587	1	6	rs2280401	0.495762070205201	rs1654322	1	0.588649	0.346507645201
52	rs7725218	rs33954691	8.42809292085431e-34	0.957236503876199	3.60623304470449e-35	0.0409548527288189	0.00180864339497944	1	2	rs7725218	ENSG00000164362	eqtl_rs7725218_ENSG00000164362_B38.txt	rs7725218_ENSG00000164362_LD.unphased.vcor1	52	8	3	rs4449583	1	rs33954691	0.993982126806943	-0.0236652	0.00056004169104
52	rs2853677	rs33954691	4.14669744607137e-13	0.956746070303181	1.77429906110936e-14	0.0409328430504563	0.00232108664593137	3	2	rs7725218	ENSG00000164362	eqtl_rs7725218_ENSG00000164362_B38.txt	rs7725218_ENSG00000164362_LD.unphased.vcor1	52	8	3	rs4449583	1	rs33954691	0.993982126806943	-0.01473	0.0002169729
52	rs72709458	rs33954691	9.65149857443227e-23	0.957164119006821	4.12970685265154e-24	0.0409516042405808	0.00188427675260064	4	2	rs7725218	ENSG00000164362	eqtl_rs7725218_ENSG00000164362_B38.txt	rs7725218_ENSG00000164362_LD.unphased.vcor1	52	8	3	rs4449583	1	rs33954691	0.993982126806943	0.00194124	3.7684127376e-06
52	rs7726159	rs33954691	0	0.95720904534095	0	0.0409536204446478	0.00183733421439775	5	2	rs7725218	ENSG00000164362	eqtl_rs7725218_ENSG00000164362_B38.txt	rs7725218_ENSG00000164362_LD.unphased.vcor1	52	8	3	rs4449583	1	rs33954691	0.993982126806943	-0.0140277	0.00019677636729
52	rs380145	rs33954691	1.07173446302127e-05	0.957204113684377	4.58576367392987e-07	0.040953421518394	0.00183128887623125	6	2	rs7725218	ENSG00000164362	eqtl_rs7725218_ENSG00000164362_B38.txt	rs7725218_ENSG00000164362_LD.unphased.vcor1	52	8	3	rs4449583	1	rs33954691	0.993982126806943	-0.099881	0.009976214161
52	rs4449583	rs33954691	0	0.957109865993725	0	0.0409491694738042	0.00194096453249937	8	2	rs7725218	ENSG00000164362	eqtl_rs7725218_ENSG00000164362_B38.txt	rs7725218_ENSG00000164362_LD.unphased.vcor1	52	8	3	rs4449583	1	rs33954691	0.993982126806943	-0.0129882	0.00016869333924
52	rs10069690	rs33954691	2.51300781689019e-12	0.956884148652877	1.0752719406363e-13	0.0409390397307716	0.00217681161373277	9	2	rs7725218	ENSG00000164362	eqtl_rs7725218_ENSG00000164362_B38.txt	rs7725218_ENSG00000164362_LD.unphased.vcor1	52	8	3	rs4449583	1	rs33954691	0.993982126806943	0.00300466	9.0279817156e-06
52	rs10044441	rs33954691	0.806475287246378	0.151339852810596	0.034507662147496	0.00647315861640195	0.00120403917912783	7	2	rs7725218	ENSG00000164362	eqtl_rs7725218_ENSG00000164362_B38.txt	rs7725218_ENSG00000164362_LD.unphased.vcor1	52	8	3	rs4449583	1	rs33954691	0.993982126806943	-0.102834	0.010574831556
52	rs7725218	rs2242652	8.14927972483834e-34	0.925569770785433	4.87996709002345e-35	0.0553870576384299	0.0190431715761379	1	3	rs7725218	ENSG00000164362	eqtl_rs7725218_ENSG00000164362_B38.txt	rs7725218_ENSG00000164362_LD.unphased.vcor1	52	8	3	rs4449583	1	rs33954691	0.993982126806943	0.562986	0.316953236196
52	rs2853677	rs2242652	4.03656069329332e-13	0.931334786555874	2.41718090497187e-14	0.0557445243675985	0.0129206890760989	3	3	rs7725218	ENSG00000164362	eqtl_rs7725218_ENSG00000164362_B38.txt	rs7725218_ENSG00000164362_LD.unphased.vcor1	52	8	3	rs4449583	1	rs33954691	0.993982126806943	-0.280441	0.078647154481
52	rs72709458	rs2242652	1.1111212545066e-23	0.110192773534355	6.65363730059631e-25	0.00482862729701488	0.884978599168633	4	3	rs7725218	ENSG00000164362	eqtl_rs7725218_ENSG00000164362_B38.txt	rs7725218_ENSG00000164362_LD.unphased.vcor1	52	8	3	rs4449583	1	rs33954691	0.993982126806943	0.877643	0.770257235449
52	rs7726159	rs2242652	0	0.893518811403977	0	0.053399699394665	0.0530814892013799	5	3	rs7725218	ENSG00000164362	eqtl_rs7725218_ENSG00000164362_B38.txt	rs7725218_ENSG00000164362_LD.unphased.vcor1	52	8	3	rs4449583	1	rs33954691	0.993982126806943	0.574483	0.330030717289
52	rs380145	rs2242652	1.0535399750542e-05	0.940953970267918	6.3088279944773e-07	0.0563409957878591	0.00269386766167291	6	3	rs7725218	ENSG00000164362	eqtl_rs7725218_ENSG00000164362_B38.txt	rs7725218_ENSG00000164362_LD.unphased.vcor1	52	8	3	rs4449583	1	rs33954691	0.993982126806943	-0.059517	0.003542273289
52	rs4449583	rs2242652	0	0.89310745042652	0	0.0533741924630318	0.0535183571105048	8	3	rs7725218	ENSG00000164362	eqtl_rs7725218_ENSG00000164362_B38.txt	rs7725218_ENSG00000164362_LD.unphased.vcor1	52	8	3	rs4449583	1	rs33954691	0.993982126806943	0.529859	0.280750559881
52	rs10069690	rs2242652	2.21925445267239e-12	0.84503095983896	1.32893814657272e-13	0.0503931519031168	0.10457588825557	9	3	rs7725218	ENSG00000164362	eqtl_rs7725218_ENSG00000164362_B38.txt	rs7725218_ENSG00000164362_LD.unphased.vcor1	52	8	3	rs4449583	1	rs33954691	0.993982126806943	0.85083	0.7239116889
52	rs10044441	rs2242652	0.79357995947856	0.148919968361329	0.0475213051498774	0.00891552721728772	0.00106323979294612	7	3	rs7725218	ENSG00000164362	eqtl_rs7725218_ENSG00000164362_B38.txt	rs7725218_ENSG00000164362_LD.unphased.vcor1	52	8	3	rs4449583	1	rs33954691	0.993982126806943	0.0491821	0.00241887896041
52	rs7725218	rs79985128	7.98875309948623e-34	0.907337657414817	8.00909299121438e-35	0.0909613779577753	0.00170096462741245	1	1	rs7725218	ENSG00000164362	eqtl_rs7725218_ENSG00000164362_B38.txt	rs7725218_ENSG00000164362_LD.unphased.vcor1	52	8	3	rs4449583	1	rs33954691	0.993982126806943	-0.0527786	0.00278558061796
52	rs2853677	rs79985128	3.92976068605121e-13	0.906693372860732	3.93976611566914e-14	0.0908953648679866	0.00241126227084779	3	1	rs7725218	ENSG00000164362	eqtl_rs7725218_ENSG00000164362_B38.txt	rs7725218_ENSG00000164362_LD.unphased.vcor1	52	8	3	rs4449583	1	rs33954691	0.993982126806943	0.0211985	0.00044937640225
52	rs72709458	rs79985128	9.14793836594241e-23	0.907224748492597	9.17122961973157e-24	0.0909498093631641	0.00182544214423636	4	1	rs7725218	ENSG00000164362	eqtl_rs7725218_ENSG00000164362_B38.txt	rs7725218_ENSG00000164362_LD.unphased.vcor1	52	8	3	rs4449583	1	rs33954691	0.993982126806943	-0.0193008	0.00037252088064
52	rs7726159	rs79985128	0	0.907270565288936	0	0.0909545037303891	0.00177493098066163	5	1	rs7725218	ENSG00000164362	eqtl_rs7725218_ENSG00000164362_B38.txt	rs7725218_ENSG00000164362_LD.unphased.vcor1	52	8	3	rs4449583	1	rs33954691	0.993982126806943	-0.0381505	0.00145546065025
52	rs380145	rs79985128	1.01570480801369e-05	0.907162038793565	1.01829085937433e-06	0.0909434065526167	0.00188337931487849	6	1	rs7725218	ENSG00000164362	eqtl_rs7725218_ENSG00000164362_B38.txt	rs7725218_ENSG00000164362_LD.unphased.vcor1	52	8	3	rs4449583	1	rs33954691	0.993982126806943	-0.047741	0.002279203081
52	rs4449583	rs79985128	0	0.907197033921801	0	0.0909469697414062	0.00185599633685952	8	1	rs7725218	ENSG00000164362	eqtl_rs7725218_ENSG00000164362_B38.txt	rs7725218_ENSG00000164362_LD.unphased.vcor1	52	8	3	rs4449583	1	rs33954691	0.993982126806943	-0.0239318	0.00057273105124
52	rs10069690	rs79985128	2.38236499249692e-12	0.907138960055788	2.3884306507293e-13	0.0909410195206278	0.00192002042096336	9	1	rs7725218	ENSG00000164362	eqtl_rs7725218_ENSG00000164362_B38.txt	rs7725218_ENSG00000164362_LD.unphased.vcor1	52	8	3	rs4449583	1	rs33954691	0.993982126806943	-0.0372457	0.00138724216849
52	rs10044441	rs79985128	0.761558504763879	0.1429109531814	0.0763497482892088	0.0143177553114769	0.00486303845403505	7	1	rs7725218	ENSG00000164362	eqtl_rs7725218_ENSG00000164362_B38.txt	rs7725218_ENSG00000164362_LD.unphased.vcor1	52	8	3	rs4449583	1	rs33954691	0.993982126806943	-0.181721	0.033022521841
194	rs6705628	rs6722659	1.08932160705775e-13	0.000509381196748524	2.13742736296098e-10	0.999489313542237	1.30504716355787e-06	1	1	rs6546883	ENSG00000187605	eqtl_rs6546883_ENSG00000187605_B38.txt	rs6546883_ENSG00000187605_LD.unphased.vcor1	194	1	2	rs6705628	0.237793191279233	rs6722659	0.525603511388195	-0.058013	0.003365508169
194	rs6705628	rs2280644	9.13340299376983e-11	0.427090008791719	1.22305256852514e-10	0.57191357094313	0.000996420051509753	1	2	rs6546883	ENSG00000187605	eqtl_rs6546883_ENSG00000187605_B38.txt	rs6546883_ENSG00000187605_LD.unphased.vcor1	194	1	2	rs6705628	0.237793191279233	rs6722659	0.525603511388195	0.165537	0.027402498369
442	rs626364	rs11714363	2.43721245783654e-62	2.89125421190614e-61	0.0776770967867866	0.921478227310008	0.000844675903200039	5	1	rs12636784	ENSG00000176142	eqtl_rs12636784_ENSG00000176142_B38.txt	rs12636784_ENSG00000176142_LD.unphased.vcor1	442	5	4	rs626364	0.997946329919457	rs73187877	0.999220217956995	0.279667	0.078213630889
442	rs11712165	rs11714363	1.29274094439186e-67	3.13760812102378e-61	4.1201317158417e-07	0.999996070089585	3.51789723220005e-06	3	1	rs12636784	ENSG00000176142	eqtl_rs12636784_ENSG00000176142_B38.txt	rs12636784_ENSG00000176142_LD.unphased.vcor1	442	5	4	rs626364	0.997946329919457	rs73187877	0.999220217956995	-0.41819	0.1748828761
442	rs12487430	rs11714363	6.0415393769514e-68	3.1376198197908e-61	1.9255163308217e-07	0.999999805669394	1.77897673721345e-09	4	1	rs12636784	ENSG00000176142	eqtl_rs12636784_ENSG00000176142_B38.txt	rs12636784_ENSG00000176142_LD.unphased.vcor1	442	5	4	rs626364	0.997946329919457	rs73187877	0.999220217956995	0.0276226	0.00076300803076
442	rs12636784	rs11714363	5.15072748402101e-89	3.13762042951533e-61	1.64160311922013e-28	1	4.54483604087617e-23	1	1	rs12636784	ENSG00000176142	eqtl_rs12636784_ENSG00000176142_B38.txt	rs12636784_ENSG00000176142_LD.unphased.vcor1	442	5	4	rs626364	0.997946329919457	rs73187877	0.999220217956995	0.425475	0.181028975625
442	rs666134	rs11714363	1.05046132436433e-64	3.13655988167998e-61	0.000334795539474043	0.999661983317457	3.22114306945947e-06	2	1	rs12636784	ENSG00000176142	eqtl_rs12636784_ENSG00000176142_B38.txt	rs12636784_ENSG00000176142_LD.unphased.vcor1	442	5	4	rs626364	0.997946329919457	rs73187877	0.999220217956995	-0.088252	0.007788415504
442	rs626364	rs73187877	2.98123356672916e-28	3.53662401435985e-27	0.0776806712400941	0.9215207230297	0.000798605730208283	5	3	rs12636784	ENSG00000176142	eqtl_rs12636784_ENSG00000176142_B38.txt	rs12636784_ENSG00000176142_LD.unphased.vcor1	442	5	4	rs626364	0.997946329919457	rs73187877	0.999220217956995	0.288033	0.082963009089
442	rs11712165	rs73187877	1.53323709888183e-33	3.7213157003932e-27	3.99508741416822e-07	0.969585780155995	0.0304138203352601	3	3	rs12636784	ENSG00000176142	eqtl_rs12636784_ENSG00000176142_B38.txt	rs12636784_ENSG00000176142_LD.unphased.vcor1	442	5	4	rs626364	0.997946329919457	rs73187877	0.999220217956995	-0.685477	0.469878717529
442	rs12487430	rs73187877	7.38975838956333e-34	3.83780539029762e-27	1.92551633125882e-07	0.999999805896896	1.55147240210383e-09	4	3	rs12636784	ENSG00000176142	eqtl_rs12636784_ENSG00000176142_B38.txt	rs12636784_ENSG00000176142_LD.unphased.vcor1	442	5	4	rs626364	0.997946329919457	rs73187877	0.999220217956995	0.0879368	0.00773288079424
442	rs12636784	rs73187877	6.3001545225322e-55	3.83780613521581e-27	1.64160311922007e-28	1	3.53143195080858e-26	1	3	rs12636784	ENSG00000176142	eqtl_rs12636784_ENSG00000176142_B38.txt	rs12636784_ENSG00000176142_LD.unphased.vcor1	442	5	4	rs626364	0.997946329919457	rs73187877	0.999220217956995	0.291763	0.085125648169
442	rs666134	rs73187877	1.28488014502541e-30	3.83650822946067e-27	0.000334795479436889	0.99966180369386	3.4008266973101e-06	2	3	rs12636784	ENSG00000176142	eqtl_rs12636784_ENSG00000176142_B38.txt	rs12636784_ENSG00000176142_LD.unphased.vcor1	442	5	4	rs626364	0.997946329919457	rs73187877	0.999220217956995	-0.0963873	0.00929051160129
442	rs626364	rs72966434	0.00576824710914409	0.0684284568462801	0.0706306634147337	0.83785375573016	0.0173188768996822	5	4	rs12636784	ENSG00000176142	eqtl_rs12636784_ENSG00000176142_B38.txt	rs12636784_ENSG00000176142_LD.unphased.vcor1	442	5	4	rs626364	0.997946329919457	rs73187877	0.999220217956995	0.0157858	0.00024919148164
442	rs11712165	rs72966434	3.11029973136498e-08	0.0754900023727468	3.80847992966053e-07	0.924354845192373	0.000154740483890872	3	4	rs12636784	ENSG00000176142	eqtl_rs12636784_ENSG00000176142_B38.txt	rs12636784_ENSG00000176142_LD.unphased.vcor1	442	5	4	rs626364	0.997946329919457	rs73187877	0.999220217956995	-0.0117492	0.00013804370064
442	rs12487430	rs72966434	1.45359134085949e-08	0.0754909753358004	1.77988423165963e-07	0.924366784253357	0.000142047886505004	4	4	rs12636784	ENSG00000176142	eqtl_rs12636784_ENSG00000176142_B38.txt	rs12636784_ENSG00000176142_LD.unphased.vcor1	442	5	4	rs626364	0.997946329919457	rs73187877	0.999220217956995	0.113621	0.012909731641
442	rs12636784	rs72966434	1.23922706244624e-29	0.0754888345384605	1.5174008305455e-28	0.924340513546907	0.000170651914636312	1	4	rs12636784	ENSG00000176142	eqtl_rs12636784_ENSG00000176142_B38.txt	rs12636784_ENSG00000176142_LD.unphased.vcor1	442	5	4	rs626364	0.997946329919457	rs73187877	0.999220217956995	-0.0515045	0.00265271352025
442	rs666134	rs72966434	2.5260767428973e-05	0.0754258227889653	0.000309311429991494	0.92356794929768	0.000671655715933434	2	4	rs12636784	ENSG00000176142	eqtl_rs12636784_ENSG00000176142_B38.txt	rs12636784_ENSG00000176142_LD.unphased.vcor1	442	5	4	rs626364	0.997946329919457	rs73187877	0.999220217956995	-0.232498	0.054055320004
442	rs626364	rs529650	0.000135197284343718	0.00160383932283045	0.0771674425823126	0.915422569781572	0.0056709510289417	5	2	rs12636784	ENSG00000176142	eqtl_rs12636784_ENSG00000176142_B38.txt	rs12636784_ENSG00000176142_LD.unphased.vcor1	442	5	4	rs626364	0.997946329919457	rs73187877	0.999220217956995	0.505598	0.255629337604
442	rs11712165	rs529650	7.20584292876843e-10	0.00174892822805744	4.11292632956454e-07	0.998247252917461	3.40684126330461e-06	3	2	rs12636784	ENSG00000176142	eqtl_rs12636784_ENSG00000176142_B38.txt	rs12636784_ENSG00000176142_LD.unphased.vcor1	442	5	4	rs626364	0.997946329919457	rs73187877	0.999220217956995	0.0286922	0.00082324234084
442	rs12487430	rs529650	3.36019347613507e-10	0.00174508663955332	1.91791971557573e-07	0.996050161892745	0.00220455933970913	4	2	rs12636784	ENSG00000176142	eqtl_rs12636784_ENSG00000176142_B38.txt	rs12636784_ENSG00000176142_LD.unphased.vcor1	442	5	4	rs626364	0.997946329919457	rs73187877	0.999220217956995	-0.476267	0.226830255289
442	rs12636784	rs529650	2.87102641705871e-31	0.00174891627790202	1.6387146181681e-28	0.998240417530007	1.06661920944951e-05	1	2	rs12636784	ENSG00000176142	eqtl_rs12636784_ENSG00000176142_B38.txt	rs12636784_ENSG00000176142_LD.unphased.vcor1	442	5	4	rs626364	0.997946329919457	rs73187877	0.999220217956995	-0.213522	0.045591644484
442	rs666134	rs529650	5.81714240692257e-07	0.00173693358112104	0.000332028860533981	0.991387911173918	0.00654254467018612	2	2	rs12636784	ENSG00000176142	eqtl_rs12636784_ENSG00000176142_B38.txt	rs12636784_ENSG00000176142_LD.unphased.vcor1	442	5	4	rs626364	0.997946329919457	rs73187877	0.999220217956995	0.390204	0.152259161616
644	rs2740174	rs4149225	0	0	2.93220246266592e-05	0.999969752927631	9.25047732904944e-07	1	1	rs2740174	ENSG00000196187	eqtl_rs2740174_ENSG00000196187_B38.txt	rs2740174_ENSG00000196187_LD.unphased.vcor1	644	1	10	rs2740174	0.725652153169295	rs2740169	1	-0.218318	0.047662749124
644	rs2740174	rs2671266	1.17218086675909e-195	3.99749140385908e-191	9.21428594263245e-07	0.029482469667217	0.970516608904213	1	2	rs2740174	ENSG00000196187	eqtl_rs2740174_ENSG00000196187_B38.txt	rs2740174_ENSG00000196187_LD.unphased.vcor1	644	1	10	rs2740174	0.725652153169295	rs2740169	1	-0.94504	0.8931006016
644	rs2740174	rs12031056	6.31959832491499e-38	2.1551742308794e-33	2.93220389938015e-05	0.999970243872537	4.34088475162558e-07	1	3	rs2740174	ENSG00000196187	eqtl_rs2740174_ENSG00000196187_B38.txt	rs2740174_ENSG00000196187_LD.unphased.vcor1	644	1	10	rs2740174	0.725652153169295	rs2740169	1	0.0859325	0.00738439455625
644	rs2740174	rs2740169	0	0	2.93219257113855e-05	0.999966372857029	4.30521721346071e-06	1	4	rs2740174	ENSG00000196187	eqtl_rs2740174_ENSG00000196187_B38.txt	rs2740174_ENSG00000196187_LD.unphased.vcor1	644	1	10	rs2740174	0.725652153169295	rs2740169	1	-0.279369	0.078047038161
644	rs2740174	rs11808321	2.03565293232519e-210	6.94219239451463e-206	2.93126893609845e-05	0.999650754107564	0.00031993320310236	1	5	rs2740174	ENSG00000196187	eqtl_rs2740174_ENSG00000196187_B38.txt	rs2740174_ENSG00000196187_LD.unphased.vcor1	644	1	10	rs2740174	0.725652153169295	rs2740169	1	0.166996	0.027887664016
644	rs2740174	rs4328048	4.67554738879468e-31	1.59450312021552e-26	2.93220447048911e-05	0.999970439028282	2.38927010217963e-07	1	7	rs2740174	ENSG00000196187	eqtl_rs2740174_ENSG00000196187_B38.txt	rs2740174_ENSG00000196187_LD.unphased.vcor1	644	1	10	rs2740174	0.725652153169295	rs2740169	1	0.0317234	0.00100637410756
644	rs2740174	rs150996746	2.31572621554174e-26	7.89732702762332e-22	2.93219906894221e-05	0.999968593245683	2.08476362385748e-06	1	8	rs2740174	ENSG00000196187	eqtl_rs2740174_ENSG00000196187_B38.txt	rs2740174_ENSG00000196187_LD.unphased.vcor1	644	1	10	rs2740174	0.725652153169295	rs2740169	1	-0.0666956	0.00444830305936
644	rs2740174	rs72757004	1.39964843179574e-45	4.77322462189483e-41	2.93220379419e-05	0.999970207927619	4.70034437831974e-07	1	9	rs2740174	ENSG00000196187	eqtl_rs2740174_ENSG00000196187_B38.txt	rs2740174_ENSG00000196187_LD.unphased.vcor1	644	1	10	rs2740174	0.725652153169295	rs2740169	1	-0.0706167	0.00498671831889
644	rs2740174	rs45487997	4.91634815341287e-58	1.67662346647791e-53	2.79950625601217e-05	0.9546256408014	0.0453463641360434	1	10	rs2740174	ENSG00000196187	eqtl_rs2740174_ENSG00000196187_B38.txt	rs2740174_ENSG00000196187_LD.unphased.vcor1	644	1	10	rs2740174	0.725652153169295	rs2740169	1	-0.708293	0.501678973849
644	rs2740174	rs12743139	2.5440125317087e-44	8.67585243472989e-40	2.9322043592896e-05	0.999970401029893	2.76926512539204e-07	1	6	rs2740174	ENSG00000196187	eqtl_rs2740174_ENSG00000196187_B38.txt	rs2740174_ENSG00000196187_LD.unphased.vcor1	644	1	10	rs2740174	0.725652153169295	rs2740169	1	-0.0403953	0.00163178026209
263	rs6570194	rs78327732	0	0.795736681743914	0	0.196628991779217	0.00763432647691734	3	4	rs7749323	ENSG00000118503	eqtl_rs7749323_ENSG00000118503_B38.txt	rs7749323_ENSG00000118503_LD.unphased.vcor1	263	5	3	rs6570194	1	rs78327732	0.979291966372118	-0.128535	0.016521246225
263	rs7750604	rs78327732	3.73950697377518e-301	0.795909251062096	9.24115477028741e-302	0.196672068794668	0.00741868014321495	4	4	rs7749323	ENSG00000118503	eqtl_rs7749323_ENSG00000118503_B38.txt	rs7749323_ENSG00000118503_LD.unphased.vcor1	263	5	3	rs6570194	1	rs78327732	0.979291966372118	0.114455	0.013099947025
263	rs719149	rs78327732	0	0.798110538309929	0	0.197221557462817	0.00466790422726964	5	4	rs7749323	ENSG00000118503	eqtl_rs7749323_ENSG00000118503_B38.txt	rs7749323_ENSG00000118503_LD.unphased.vcor1	263	5	3	rs6570194	1	rs78327732	0.979291966372118	0.112747	0.012711886009
263	rs5029937	rs78327732	5.41386711595845e-241	0.800335898259192	1.3378871673512e-241	0.197777055195281	0.00188704654558234	1	4	rs7749323	ENSG00000118503	eqtl_rs7749323_ENSG00000118503_B38.txt	rs7749323_ENSG00000118503_LD.unphased.vcor1	263	5	3	rs6570194	1	rs78327732	0.979291966372118	0.042533	0.001809056089
263	rs7753873	rs78327732	3.47879592715862e-65	0.796382109697092	8.59687969632649e-66	0.196790104485784	0.00682778581711287	2	4	rs7749323	ENSG00000118503	eqtl_rs7749323_ENSG00000118503_B38.txt	rs7749323_ENSG00000118503_LD.unphased.vcor1	263	5	3	rs6570194	1	rs78327732	0.979291966372118	-0.113712	0.012930418944
263	rs6570194	rs498361	0	3.0054761459439e-09	0	0.999999996988777	5.7138811688259e-12	3	1	rs7749323	ENSG00000118503	eqtl_rs7749323_ENSG00000118503_B38.txt	rs7749323_ENSG00000118503_LD.unphased.vcor1	263	5	3	rs6570194	1	rs78327732	0.979291966372118	0.131121	0.017192716641
263	rs7750604	rs498361	1.18314170606877e-308	3.00547614594425e-09	4.69840871622607e-301	0.99999999698889	5.65299079626986e-12	4	1	rs7749323	ENSG00000118503	eqtl_rs7749323_ENSG00000118503_B38.txt	rs7749323_ENSG00000118503_LD.unphased.vcor1	263	5	3	rs6570194	1	rs78327732	0.979291966372118	-0.147399	0.021726465201
263	rs719149	rs498361	0	3.00547614594425e-09	0	0.99999999698889	5.65120646549359e-12	5	1	rs7749323	ENSG00000118503	eqtl_rs7749323_ENSG00000118503_B38.txt	rs7749323_ENSG00000118503_LD.unphased.vcor1	263	5	3	rs6570194	1	rs78327732	0.979291966372118	-0.136822	0.018720259684
263	rs5029937	rs498361	2.03305243582147e-249	3.00547614594185e-09	6.76449364751484e-241	0.999999996988095	6.37616454267958e-12	1	1	rs7749323	ENSG00000118503	eqtl_rs7749323_ENSG00000118503_B38.txt	rs7749323_ENSG00000118503_LD.unphased.vcor1	263	5	3	rs6570194	1	rs78327732	0.979291966372118	-0.12586	0.0158407396
263	rs7753873	rs498361	1.31286703309546e-73	3.00547614594425e-09	4.36824970617039e-65	0.99999999698889	5.63482300779208e-12	2	1	rs7749323	ENSG00000118503	eqtl_rs7749323_ENSG00000118503_B38.txt	rs7749323_ENSG00000118503_LD.unphased.vcor1	263	5	3	rs6570194	1	rs78327732	0.979291966372118	0.159168	0.025334452224
263	rs6570194	rs34996815	0	0.289752838867978	0	0.709632746577491	0.000614414554562823	3	3	rs7749323	ENSG00000118503	eqtl_rs7749323_ENSG00000118503_B38.txt	rs7749323_ENSG00000118503_LD.unphased.vcor1	263	5	3	rs6570194	1	rs78327732	0.979291966372118	0.13727	0.0188430529
263	rs7750604	rs34996815	1.36133965389853e-301	0.28974483320235	3.33405834520532e-301	0.709613084558283	0.000642082239403662	4	3	rs7749323	ENSG00000118503	eqtl_rs7749323_ENSG00000118503_B38.txt	rs7749323_ENSG00000118503_LD.unphased.vcor1	263	5	3	rs6570194	1	rs78327732	0.979291966372118	-0.132362	0.017519699044
263	rs719149	rs34996815	0	0.289763254074279	0	0.709658326460169	0.000578419465587569	5	3	rs7749323	ENSG00000118503	eqtl_rs7749323_ENSG00000118503_B38.txt	rs7749323_ENSG00000118503_LD.unphased.vcor1	263	5	3	rs6570194	1	rs78327732	0.979291966372118	-0.119739	0.014337428121
263	rs5029937	rs34996815	1.96007779647813e-241	0.289759720787772	4.80042854542944e-241	0.709649648662396	0.000590630549833279	1	3	rs7749323	ENSG00000118503	eqtl_rs7749323_ENSG00000118503_B38.txt	rs7749323_ENSG00000118503_LD.unphased.vcor1	263	5	3	rs6570194	1	rs78327732	0.979291966372118	-0.0177353	0.00031454086609
263	rs7753873	rs34996815	1.26562450424855e-65	0.289732635625177	3.09964227384577e-65	0.709583127149497	0.000684237225338172	2	3	rs7749323	ENSG00000118503	eqtl_rs7749323_ENSG00000118503_B38.txt	rs7749323_ENSG00000118503_LD.unphased.vcor1	263	5	3	rs6570194	1	rs78327732	0.979291966372118	0.102491	0.010504405081
512	rs10066380	rs113377117	0	0	0.0127374929997614	0.98710931303827	0.000153193951630587	1	1	rs10066380	ENSG00000145779	eqtl_rs10066380_ENSG00000145779_B38.txt	rs10066380_ENSG00000145779_LD.unphased.vcor1	512	1	10	rs10066380	0.364927039569892	rs10059654	1	-0.189311	0.035838654721
512	rs10066380	rs10051559	1.50956585288266e-32	1.16985891541383e-30	0.0127375613588659	0.98711462140243	0.000147817238699821	1	2	rs10066380	ENSG00000145779	eqtl_rs10066380_ENSG00000145779_B38.txt	rs10066380_ENSG00000145779_LD.unphased.vcor1	512	1	10	rs10066380	0.364927039569892	rs10059654	1	0.0351754	0.00123730876516
512	rs10066380	rs2287712	0	0	0.0127158345921419	0.985427457777932	0.00185670761539499	1	3	rs10066380	ENSG00000145779	eqtl_rs10066380_ENSG00000145779_B38.txt	rs10066380_ENSG00000145779_LD.unphased.vcor1	512	1	10	rs10066380	0.364927039569892	rs10059654	1	-0.237002	0.056169948004
512	rs10066380	rs11749784	0	0	0.0127375880538253	0.987116694349747	0.000145717592245643	1	4	rs10066380	ENSG00000145779	eqtl_rs10066380_ENSG00000145779_B38.txt	rs10066380_ENSG00000145779_LD.unphased.vcor1	512	1	10	rs10066380	0.364927039569892	rs10059654	1	0.179908	0.032366888464
512	rs10066380	rs76930980	0	0	0.0127361300293377	0.987003473387086	0.000260396581635284	1	5	rs10066380	ENSG00000145779	eqtl_rs10066380_ENSG00000145779_B38.txt	rs10066380_ENSG00000145779_LD.unphased.vcor1	512	1	10	rs10066380	0.364927039569892	rs10059654	1	0.19897	0.0395890609
512	rs10066380	rs457106	0	0	0.0124382726234695	0.963873746998215	0.0236879803783678	1	6	rs10066380	ENSG00000145779	eqtl_rs10066380_ENSG00000145779_B38.txt	rs10066380_ENSG00000145779_LD.unphased.vcor1	512	1	10	rs10066380	0.364927039569892	rs10059654	1	0.375091	0.140693258281
512	rs10066380	rs11539471	0	0	0.0127379032086637	0.987141167289454	0.000120929515242807	1	7	rs10066380	ENSG00000145779	eqtl_rs10066380_ENSG00000145779_B38.txt	rs10066380_ENSG00000145779_LD.unphased.vcor1	512	1	10	rs10066380	0.364927039569892	rs10059654	1	0.155242	0.024100078564
512	rs10066380	rs56341600	0	0	0.0127374415660997	0.987105319015375	0.000157239426209405	1	8	rs10066380	ENSG00000145779	eqtl_rs10066380_ENSG00000145779_B38.txt	rs10066380_ENSG00000145779_LD.unphased.vcor1	512	1	10	rs10066380	0.364927039569892	rs10059654	1	-0.191478	0.036663824484
512	rs10066380	rs2451814	0	0	0.0127376983659983	0.987125260511831	0.000137041122275857	1	9	rs10066380	ENSG00000145779	eqtl_rs10066380_ENSG00000145779_B38.txt	rs10066380_ENSG00000145779_LD.unphased.vcor1	512	1	10	rs10066380	0.364927039569892	rs10059654	1	-0.0670079	0.00449005866241
512	rs10066380	rs10059654	0	0	0.012734304065378	0.986861680546636	0.000404015387015624	1	10	rs10066380	ENSG00000145779	eqtl_rs10066380_ENSG00000145779_B38.txt	rs10066380_ENSG00000145779_LD.unphased.vcor1	512	1	10	rs10066380	0.364927039569892	rs10059654	1	-0.198776	0.039511898176
139	rs34562254	rs3794776	0	0	3.9824481058112e-11	0.993460491326804	0.00653950863686849	1	1	rs34562254	ENSG00000240505	eqtl_rs34562254_ENSG00000240505_B38.txt	rs34562254_ENSG00000240505_LD.unphased.vcor1	139	1	8	rs34562254	0.456753930679323	rs3794776	1	-0.826268	0.682718807824
139	rs34562254	rs4404112	0	0	3.99732760411336e-11	0.997179814721957	0.00282018523797551	1	3	rs34562254	ENSG00000240505	eqtl_rs34562254_ENSG00000240505_B38.txt	rs34562254_ENSG00000240505_LD.unphased.vcor1	139	1	8	rs34562254	0.456753930679323	rs3794776	1	-0.686483	0.471258909289
139	rs34562254	rs9893403	0	0	4.00861000528044e-11	0.999999997064606	2.89511402365709e-09	1	4	rs34562254	ENSG00000240505	eqtl_rs34562254_ENSG00000240505_B38.txt	rs34562254_ENSG00000240505_LD.unphased.vcor1	139	1	8	rs34562254	0.456753930679323	rs3794776	1	-0.529523	0.280394607529
139	rs34562254	rs3752002	0	0	4.00860996073047e-11	0.999999985913746	1.40326542597557e-08	1	6	rs34562254	ENSG00000240505	eqtl_rs34562254_ENSG00000240505_B38.txt	rs34562254_ENSG00000240505_LD.unphased.vcor1	139	1	8	rs34562254	0.456753930679323	rs3794776	1	0.629056	0.395711451136
139	rs34562254	rs112451029	9.69332206179217e-13	0.0241812549003987	3.91111893709757e-11	0.975679300938352	0.000139444121168983	1	8	rs34562254	ENSG00000240505	eqtl_rs34562254_ENSG00000240505_B38.txt	rs34562254_ENSG00000240505_LD.unphased.vcor1	139	1	8	rs34562254	0.456753930679323	rs3794776	1	-0.0364414	0.00132797563396
139	rs34562254	rs62065424	0	0	4.00861001673011e-11	0.999999999941792	2.0593734130378e-11	1	10	rs34562254	ENSG00000240505	eqtl_rs34562254_ENSG00000240505_B38.txt	rs34562254_ENSG00000240505_LD.unphased.vcor1	139	1	8	rs34562254	0.456753930679323	rs3794776	1	0.279362	0.078043127044
139	rs34562254	rs11654431	0	0	4.00861001669365e-11	0.999999999917918	4.19984097370173e-11	1	5	rs34562254	ENSG00000240505	eqtl_rs34562254_ENSG00000240505_B38.txt	rs34562254_ENSG00000240505_LD.unphased.vcor1	139	1	8	rs34562254	0.456753930679323	rs3794776	1	-0.314611	0.098980081321
139	rs34562254	rs6502543	1.51865933016564e-16	3.78849357686713e-06	4.00859456917134e-11	0.999996146201625	6.52647112572692e-08	1	2	rs34562254	ENSG00000240505	eqtl_rs34562254_ENSG00000240505_B38.txt	rs34562254_ENSG00000240505_LD.unphased.vcor1	139	1	8	rs34562254	0.456753930679323	rs3794776	1	-0.480479	0.230860069441
718	rs2205960	rs16845543	0	0	5.57653188432126e-69	1	1.18235628530241e-68	1	3	rs2205960	ENSG00000117586	eqtl_rs2205960_ENSG00000117586_B38.txt	rs2205960_ENSG00000117586_LD.unphased.vcor1	718	5	10	rs1099448	1	rs11808605	1	0.14652	0.0214681104
718	rs1099448	rs16845543	0	0	0	1	0	3	3	rs2205960	ENSG00000117586	eqtl_rs2205960_ENSG00000117586_B38.txt	rs2205960_ENSG00000117586_LD.unphased.vcor1	718	5	10	rs1099448	1	rs11808605	1	-0.207654	0.043120183716
718	rs2743809	rs16845543	0	0	0	1	0	4	3	rs2205960	ENSG00000117586	eqtl_rs2205960_ENSG00000117586_B38.txt	rs2205960_ENSG00000117586_LD.unphased.vcor1	718	5	10	rs1099448	1	rs11808605	1	0.210516	0.044316986256
718	rs12137747	rs16845543	0	0	0	1	0	7	3	rs2205960	ENSG00000117586	eqtl_rs2205960_ENSG00000117586_B38.txt	rs2205960_ENSG00000117586_LD.unphased.vcor1	718	5	10	rs1099448	1	rs11808605	1	-0.2013	0.04052169
718	rs10912605	rs16845543	0	0	1.04265947715096e-92	1	1.01079149932823e-87	2	3	rs2205960	ENSG00000117586	eqtl_rs2205960_ENSG00000117586_B38.txt	rs2205960_ENSG00000117586_LD.unphased.vcor1	718	5	10	rs1099448	1	rs11808605	1	0.0189563	0.00035934130969
718	rs2205960	rs11808605	0	0	5.57653188432253e-69	1	3.11951523965822e-49	1	1	rs2205960	ENSG00000117586	eqtl_rs2205960_ENSG00000117586_B38.txt	rs2205960_ENSG00000117586_LD.unphased.vcor1	718	5	10	rs1099448	1	rs11808605	1	0.0917503	0.00841811755009
718	rs1099448	rs11808605	0	0	0	1	0	3	1	rs2205960	ENSG00000117586	eqtl_rs2205960_ENSG00000117586_B38.txt	rs2205960_ENSG00000117586_LD.unphased.vcor1	718	5	10	rs1099448	1	rs11808605	1	-0.138685	0.019233529225
718	rs2743809	rs11808605	0	0	0	1	0	4	1	rs2205960	ENSG00000117586	eqtl_rs2205960_ENSG00000117586_B38.txt	rs2205960_ENSG00000117586_LD.unphased.vcor1	718	5	10	rs1099448	1	rs11808605	1	0.157104	0.024681666816
718	rs12137747	rs11808605	0	0	0	1	0	7	1	rs2205960	ENSG00000117586	eqtl_rs2205960_ENSG00000117586_B38.txt	rs2205960_ENSG00000117586_LD.unphased.vcor1	718	5	10	rs1099448	1	rs11808605	1	-0.14096	0.0198697216
718	rs10912605	rs11808605	0	0	1.04265947715096e-92	1	3.14594599782997e-57	2	1	rs2205960	ENSG00000117586	eqtl_rs2205960_ENSG00000117586_B38.txt	rs2205960_ENSG00000117586_LD.unphased.vcor1	718	5	10	rs1099448	1	rs11808605	1	-0.0562933	0.00316893562489
718	rs2205960	rs10912579	0	0	5.57653188430731e-69	1	1.90167684106605e-54	1	4	rs2205960	ENSG00000117586	eqtl_rs2205960_ENSG00000117586_B38.txt	rs2205960_ENSG00000117586_LD.unphased.vcor1	718	5	10	rs1099448	1	rs11808605	1	0.773847	0.598839179409
718	rs1099448	rs10912579	0	0	0	1	0	3	4	rs2205960	ENSG00000117586	eqtl_rs2205960_ENSG00000117586_B38.txt	rs2205960_ENSG00000117586_LD.unphased.vcor1	718	5	10	rs1099448	1	rs11808605	1	0.69351	0.4809561201
718	rs2743809	rs10912579	0	0	0	1	0	4	4	rs2205960	ENSG00000117586	eqtl_rs2205960_ENSG00000117586_B38.txt	rs2205960_ENSG00000117586_LD.unphased.vcor1	718	5	10	rs1099448	1	rs11808605	1	-0.687246	0.472307064516
718	rs12137747	rs10912579	0	0	0	1	0	7	4	rs2205960	ENSG00000117586	eqtl_rs2205960_ENSG00000117586_B38.txt	rs2205960_ENSG00000117586_LD.unphased.vcor1	718	5	10	rs1099448	1	rs11808605	1	0.691962	0.478811409444
718	rs10912605	rs10912579	0	0	1.04265947714764e-92	1	3.28977083067612e-83	2	4	rs2205960	ENSG00000117586	eqtl_rs2205960_ENSG00000117586_B38.txt	rs2205960_ENSG00000117586_LD.unphased.vcor1	718	5	10	rs1099448	1	rs11808605	1	-0.0996549	0.00993109909401
718	rs2205960	rs6657136	0	0	5.57653188432253e-69	1	3.14000506430669e-68	1	5	rs2205960	ENSG00000117586	eqtl_rs2205960_ENSG00000117586_B38.txt	rs2205960_ENSG00000117586_LD.unphased.vcor1	718	5	10	rs1099448	1	rs11808605	1	0.661406	0.437457896836
718	rs1099448	rs6657136	0	0	0	1	0	3	5	rs2205960	ENSG00000117586	eqtl_rs2205960_ENSG00000117586_B38.txt	rs2205960_ENSG00000117586_LD.unphased.vcor1	718	5	10	rs1099448	1	rs11808605	1	0.393966	0.155209209156
718	rs2743809	rs6657136	0	0	0	1	0	4	5	rs2205960	ENSG00000117586	eqtl_rs2205960_ENSG00000117586_B38.txt	rs2205960_ENSG00000117586_LD.unphased.vcor1	718	5	10	rs1099448	1	rs11808605	1	-0.390222	0.152273209284
718	rs12137747	rs6657136	0	0	0	1	0	7	5	rs2205960	ENSG00000117586	eqtl_rs2205960_ENSG00000117586_B38.txt	rs2205960_ENSG00000117586_LD.unphased.vcor1	718	5	10	rs1099448	1	rs11808605	1	0.395109	0.156111121881
718	rs10912605	rs6657136	0	0	1.04265947715096e-92	1	2.13300242726559e-81	2	5	rs2205960	ENSG00000117586	eqtl_rs2205960_ENSG00000117586_B38.txt	rs2205960_ENSG00000117586_LD.unphased.vcor1	718	5	10	rs1099448	1	rs11808605	1	0.0126605	0.00016028826025
718	rs2205960	rs80152095	1.02927680644275e-261	1.84572925932066e-193	5.57653188432157e-69	1	2.1605825742242e-64	1	6	rs2205960	ENSG00000117586	eqtl_rs2205960_ENSG00000117586_B38.txt	rs2205960_ENSG00000117586_LD.unphased.vcor1	718	5	10	rs1099448	1	rs11808605	1	-0.0706545	0.00499205837025
718	rs1099448	rs80152095	0	1.84572925932276e-193	0	1	3.09254007529035e-191	3	6	rs2205960	ENSG00000117586	eqtl_rs2205960_ENSG00000117586_B38.txt	rs2205960_ENSG00000117586_LD.unphased.vcor1	718	5	10	rs1099448	1	rs11808605	1	-0.146017	0.021320964289
718	rs2743809	rs80152095	0	1.84572925932276e-193	0	1	2.73295404200883e-192	4	6	rs2205960	ENSG00000117586	eqtl_rs2205960_ENSG00000117586_B38.txt	rs2205960_ENSG00000117586_LD.unphased.vcor1	718	5	10	rs1099448	1	rs11808605	1	0.152241	0.023177322081
718	rs12137747	rs80152095	0	1.84572925931604e-193	0	1	2.15880206529183e-187	7	6	rs2205960	ENSG00000117586	eqtl_rs2205960_ENSG00000117586_B38.txt	rs2205960_ENSG00000117586_LD.unphased.vcor1	718	5	10	rs1099448	1	rs11808605	1	-0.148062	0.021922355844
718	rs10912605	rs80152095	1.92446710448594e-285	1.84572925932087e-193	1.04265947715113e-92	1	1.35847136620558e-94	2	6	rs2205960	ENSG00000117586	eqtl_rs2205960_ENSG00000117586_B38.txt	rs2205960_ENSG00000117586_LD.unphased.vcor1	718	5	10	rs1099448	1	rs11808605	1	0.123873	0.015344520129
718	rs2205960	rs12124768	0	0	5.57653188431745e-69	1	5.57226616185102e-64	1	7	rs2205960	ENSG00000117586	eqtl_rs2205960_ENSG00000117586_B38.txt	rs2205960_ENSG00000117586_LD.unphased.vcor1	718	5	10	rs1099448	1	rs11808605	1	-0.142897	0.020419552609
718	rs1099448	rs12124768	0	0	0	1	0	3	7	rs2205960	ENSG00000117586	eqtl_rs2205960_ENSG00000117586_B38.txt	rs2205960_ENSG00000117586_LD.unphased.vcor1	718	5	10	rs1099448	1	rs11808605	1	0.264893	0.070168301449
718	rs2743809	rs12124768	0	0	0	1	0	4	7	rs2205960	ENSG00000117586	eqtl_rs2205960_ENSG00000117586_B38.txt	rs2205960_ENSG00000117586_LD.unphased.vcor1	718	5	10	rs1099448	1	rs11808605	1	-0.260091	0.067647328281
718	rs12137747	rs12124768	0	0	0	1	0	7	7	rs2205960	ENSG00000117586	eqtl_rs2205960_ENSG00000117586_B38.txt	rs2205960_ENSG00000117586_LD.unphased.vcor1	718	5	10	rs1099448	1	rs11808605	1	0.264323	0.069866648329
718	rs10912605	rs12124768	0	0	1.04265947715048e-92	1	2.27347824303586e-89	2	7	rs2205960	ENSG00000117586	eqtl_rs2205960_ENSG00000117586_B38.txt	rs2205960_ENSG00000117586_LD.unphased.vcor1	718	5	10	rs1099448	1	rs11808605	1	-0.0920976	0.00848196792576
718	rs2205960	rs1234313	0	0	5.57653188432253e-69	1	9.94827079694462e-61	1	8	rs2205960	ENSG00000117586	eqtl_rs2205960_ENSG00000117586_B38.txt	rs2205960_ENSG00000117586_LD.unphased.vcor1	718	5	10	rs1099448	1	rs11808605	1	-0.413387	0.170888811769
718	rs1099448	rs1234313	0	0	0	1	0	3	8	rs2205960	ENSG00000117586	eqtl_rs2205960_ENSG00000117586_B38.txt	rs2205960_ENSG00000117586_LD.unphased.vcor1	718	5	10	rs1099448	1	rs11808605	1	-0.480995	0.231356190025
718	rs2743809	rs1234313	0	0	0	1	0	4	8	rs2205960	ENSG00000117586	eqtl_rs2205960_ENSG00000117586_B38.txt	rs2205960_ENSG00000117586_LD.unphased.vcor1	718	5	10	rs1099448	1	rs11808605	1	0.482223	0.232539021729
718	rs12137747	rs1234313	0	0	0	1	0	7	8	rs2205960	ENSG00000117586	eqtl_rs2205960_ENSG00000117586_B38.txt	rs2205960_ENSG00000117586_LD.unphased.vcor1	718	5	10	rs1099448	1	rs11808605	1	-0.484156	0.234407032336
718	rs10912605	rs1234313	0	0	1.04265947715096e-92	1	2.49494980021789e-95	2	8	rs2205960	ENSG00000117586	eqtl_rs2205960_ENSG00000117586_B38.txt	rs2205960_ENSG00000117586_LD.unphased.vcor1	718	5	10	rs1099448	1	rs11808605	1	-0.01799	0.0003236401
718	rs2205960	rs2743809	0	0	5.57653188430731e-69	1	4.54005529343731e-50	1	9	rs2205960	ENSG00000117586	eqtl_rs2205960_ENSG00000117586_B38.txt	rs2205960_ENSG00000117586_LD.unphased.vcor1	718	5	10	rs1099448	1	rs11808605	1	-0.542414	0.294212947396
718	rs1099448	rs2743809	0	0	0	1	8.56563593666312e-137	3	9	rs2205960	ENSG00000117586	eqtl_rs2205960_ENSG00000117586_B38.txt	rs2205960_ENSG00000117586_LD.unphased.vcor1	718	5	10	rs1099448	1	rs11808605	1	-0.98936	0.9788332096
718	rs2743809	rs2743809	0	0	0	0	1	4	9	rs2205960	ENSG00000117586	eqtl_rs2205960_ENSG00000117586_B38.txt	rs2205960_ENSG00000117586_LD.unphased.vcor1	718	5	10	rs1099448	1	rs11808605	1	1	1
718	rs12137747	rs2743809	0	0	0	1	1.65449011529471e-288	7	9	rs2205960	ENSG00000117586	eqtl_rs2205960_ENSG00000117586_B38.txt	rs2205960_ENSG00000117586_LD.unphased.vcor1	718	5	10	rs1099448	1	rs11808605	1	-0.986689	0.973555182721
718	rs10912605	rs2743809	0	0	1.04265947714764e-92	1	1.9087517648619e-92	2	9	rs2205960	ENSG00000117586	eqtl_rs2205960_ENSG00000117586_B38.txt	rs2205960_ENSG00000117586_LD.unphased.vcor1	718	5	10	rs1099448	1	rs11808605	1	0.173226	0.030007247076
718	rs2205960	rs844646	0	0	5.57653188430731e-69	1	3.64582181196114e-71	1	10	rs2205960	ENSG00000117586	eqtl_rs2205960_ENSG00000117586_B38.txt	rs2205960_ENSG00000117586_LD.unphased.vcor1	718	5	10	rs1099448	1	rs11808605	1	0.267108	0.071346683664
718	rs1099448	rs844646	0	0	0	1	0	3	10	rs2205960	ENSG00000117586	eqtl_rs2205960_ENSG00000117586_B38.txt	rs2205960_ENSG00000117586_LD.unphased.vcor1	718	5	10	rs1099448	1	rs11808605	1	-0.54717	0.2993950089
718	rs2743809	rs844646	0	0	0	1	0	4	10	rs2205960	ENSG00000117586	eqtl_rs2205960_ENSG00000117586_B38.txt	rs2205960_ENSG00000117586_LD.unphased.vcor1	718	5	10	rs1099448	1	rs11808605	1	0.54077	0.2924321929
718	rs12137747	rs844646	0	0	0	1	0	7	10	rs2205960	ENSG00000117586	eqtl_rs2205960_ENSG00000117586_B38.txt	rs2205960_ENSG00000117586_LD.unphased.vcor1	718	5	10	rs1099448	1	rs11808605	1	-0.529952	0.280849122304
718	rs10912605	rs844646	0	0	1.04265947714764e-92	1	2.49876567820226e-95	2	10	rs2205960	ENSG00000117586	eqtl_rs2205960_ENSG00000117586_B38.txt	rs2205960_ENSG00000117586_LD.unphased.vcor1	718	5	10	rs1099448	1	rs11808605	1	0.175534	0.030812185156
718	rs2205960	rs12060864	5.37726633117804e-94	9.6426711847485e-26	5.57653188432189e-69	1	3.11502136792196e-28	1	2	rs2205960	ENSG00000117586	eqtl_rs2205960_ENSG00000117586_B38.txt	rs2205960_ENSG00000117586_LD.unphased.vcor1	718	5	10	rs1099448	1	rs11808605	1	0.0305874	0.00093558903876
718	rs1099448	rs12060864	0	9.64267118476658e-26	0	1	1.92359914503278e-28	3	2	rs2205960	ENSG00000117586	eqtl_rs2205960_ENSG00000117586_B38.txt	rs2205960_ENSG00000117586_LD.unphased.vcor1	718	5	10	rs1099448	1	rs11808605	1	-0.0027892	7.77963664e-06
718	rs2743809	rs12060864	0	9.64267118476658e-26	0	1	1.974156659131e-28	4	2	rs2205960	ENSG00000117586	eqtl_rs2205960_ENSG00000117586_B38.txt	rs2205960_ENSG00000117586_LD.unphased.vcor1	718	5	10	rs1099448	1	rs11808605	1	0.00749574	5.61861181476e-05
718	rs12137747	rs12060864	0	9.64267118471396e-26	0	1	1.0435136439161e-27	7	2	rs2205960	ENSG00000117586	eqtl_rs2205960_ENSG00000117586_B38.txt	rs2205960_ENSG00000117586_LD.unphased.vcor1	718	5	10	rs1099448	1	rs11808605	1	-0.00382815	1.46547324225e-05
718	rs10912605	rs12060864	1.00540224958296e-117	9.6426711847485e-26	1.0426594771511e-92	1	1.44413914882229e-26	2	2	rs2205960	ENSG00000117586	eqtl_rs2205960_ENSG00000117586_B38.txt	rs2205960_ENSG00000117586_LD.unphased.vcor1	718	5	10	rs1099448	1	rs11808605	1	-0.0227993	0.00051980808049
636	rs707148	rs115041073	0	0	4.659109231976e-05	0.999953045187899	3.63719445176436e-07	4	8	rs10036748	ENSG00000145901	eqtl_rs10036748_ENSG00000145901_B38.txt	rs10036748_ENSG00000145901_LD.unphased.vcor1	636	5	10	rs707148	0.999991904243429	rs7721683	1	0.00520207	2.70615322849e-05
636	rs62382336	rs115041073	0	0	0.296855775747941	0.699996409421526	0.00314781483141901	6	8	rs10036748	ENSG00000145901	eqtl_rs10036748_ENSG00000145901_B38.txt	rs10036748_ENSG00000145901_LD.unphased.vcor1	636	5	10	rs707148	0.999991904243429	rs7721683	1	0.116619	0.013599991161
636	rs10036748	rs115041073	0	0	3.54885185896716e-87	1	5.15640261441609e-89	1	8	rs10036748	ENSG00000145901	eqtl_rs10036748_ENSG00000145901_B38.txt	rs10036748_ENSG00000145901_LD.unphased.vcor1	636	5	10	rs707148	0.999991904243429	rs7721683	1	-0.104651	0.010951831801
636	rs57947188	rs115041073	0	0	1.40846087267328e-14	1	4.25731406938639e-16	2	8	rs10036748	ENSG00000145901	eqtl_rs10036748_ENSG00000145901_B38.txt	rs10036748_ENSG00000145901_LD.unphased.vcor1	636	5	10	rs707148	0.999991904243429	rs7721683	1	0.181222	0.032841413284
636	rs150973658	rs115041073	0	0	7.99909593876287e-06	0.0149321611298023	0.985059839774542	3	8	rs10036748	ENSG00000145901	eqtl_rs10036748_ENSG00000145901_B38.txt	rs10036748_ENSG00000145901_LD.unphased.vcor1	636	5	10	rs707148	0.999991904243429	rs7721683	1	0.965958	0.933074857764
636	rs707148	rs12518386	0	0	4.65910501057615e-05	0.999952137363096	1.27158684727368e-06	4	1	rs10036748	ENSG00000145901	eqtl_rs10036748_ENSG00000145901_B38.txt	rs10036748_ENSG00000145901_LD.unphased.vcor1	636	5	10	rs707148	0.999991904243429	rs7721683	1	0.144973	0.021017170729
636	rs62382336	rs12518386	0	0	0.23690984559521	0.55823710598605	0.204853048418637	6	1	rs10036748	ENSG00000145901	eqtl_rs10036748_ENSG00000145901_B38.txt	rs10036748_ENSG00000145901_LD.unphased.vcor1	636	5	10	rs707148	0.999991904243429	rs7721683	1	-0.106712	0.011387450944
636	rs10036748	rs12518386	0	0	3.54885185896071e-87	1	2.45007673587079e-89	1	1	rs10036748	ENSG00000145901	eqtl_rs10036748_ENSG00000145901_B38.txt	rs10036748_ENSG00000145901_LD.unphased.vcor1	636	5	10	rs707148	0.999991904243429	rs7721683	1	-0.0532425	0.00283476380625
636	rs57947188	rs12518386	0	0	1.40846087267103e-14	1	5.13543539067889e-14	2	1	rs10036748	ENSG00000145901	eqtl_rs10036748_ENSG00000145901_B38.txt	rs10036748_ENSG00000145901_LD.unphased.vcor1	636	5	10	rs707148	0.999991904243429	rs7721683	1	0.126287	0.015948406369
636	rs150973658	rs12518386	0	0	0.000473014430451057	0.999490718872578	3.62666970413355e-05	3	1	rs10036748	ENSG00000145901	eqtl_rs10036748_ENSG00000145901_B38.txt	rs10036748_ENSG00000145901_LD.unphased.vcor1	636	5	10	rs707148	0.999991904243429	rs7721683	1	-0.0698214	0.00487502789796
636	rs707148	rs3792783	0	1.11253692925361e-308	4.65907030432026e-05	0.999944673666497	8.73563047912225e-06	4	2	rs10036748	ENSG00000145901	eqtl_rs10036748_ENSG00000145901_B38.txt	rs10036748_ENSG00000145901_LD.unphased.vcor1	636	5	10	rs707148	0.999991904243429	rs7721683	1	-0.165874	0.027514183876
636	rs62382336	rs3792783	1.1125369292536e-308	1.11253692925361e-308	0.296161947653982	0.698355654377164	0.00548239796883052	6	2	rs10036748	ENSG00000145901	eqtl_rs10036748_ENSG00000145901_B38.txt	rs10036748_ENSG00000145901_LD.unphased.vcor1	636	5	10	rs707148	0.999991904243429	rs7721683	1	0.0818272	0.00669569065984
636	rs10036748	rs3792783	0	1.11253692925361e-308	3.54885185896152e-87	1	3.18129688779722e-73	1	2	rs10036748	ENSG00000145901	eqtl_rs10036748_ENSG00000145901_B38.txt	rs10036748_ENSG00000145901_LD.unphased.vcor1	636	5	10	rs707148	0.999991904243429	rs7721683	1	-0.49931	0.2493104761
636	rs57947188	rs3792783	0	1.11253692925361e-308	1.40846087267119e-14	1	2.8645392529601e-16	2	2	rs10036748	ENSG00000145901	eqtl_rs10036748_ENSG00000145901_B38.txt	rs10036748_ENSG00000145901_LD.unphased.vcor1	636	5	10	rs707148	0.999991904243429	rs7721683	1	0.00848033	7.19159969089e-05
636	rs150973658	rs3792783	0	1.11253692925361e-308	0.000473028842865548	0.999521233707086	5.73745005957755e-06	3	2	rs10036748	ENSG00000145901	eqtl_rs10036748_ENSG00000145901_B38.txt	rs10036748_ENSG00000145901_LD.unphased.vcor1	636	5	10	rs707148	0.999991904243429	rs7721683	1	-0.109033	0.011888195089
636	rs707148	rs9968694	0	0	4.65910892795699e-05	0.999952979807397	4.29106211115354e-07	4	3	rs10036748	ENSG00000145901	eqtl_rs10036748_ENSG00000145901_B38.txt	rs10036748_ENSG00000145901_LD.unphased.vcor1	636	5	10	rs707148	0.999991904243429	rs7721683	1	0.039101	0.001528888201
636	rs62382336	rs9968694	0	0	0.294586465454044	0.694629975939142	0.0107835586078559	6	3	rs10036748	ENSG00000145901	eqtl_rs10036748_ENSG00000145901_B38.txt	rs10036748_ENSG00000145901_LD.unphased.vcor1	636	5	10	rs707148	0.999991904243429	rs7721683	1	-0.160799	0.025856318401
636	rs10036748	rs9968694	0	0	3.54885185898653e-87	1	2.14482291722151e-65	1	3	rs10036748	ENSG00000145901	eqtl_rs10036748_ENSG00000145901_B38.txt	rs10036748_ENSG00000145901_LD.unphased.vcor1	636	5	10	rs707148	0.999991904243429	rs7721683	1	0.474463	0.225115138369
636	rs57947188	rs9968694	0	0	1.40846087267584e-14	1	1.06029522046056e-15	2	3	rs10036748	ENSG00000145901	eqtl_rs10036748_ENSG00000145901_B38.txt	rs10036748_ENSG00000145901_LD.unphased.vcor1	636	5	10	rs707148	0.999991904243429	rs7721683	1	-0.358989	0.128873102121
636	rs150973658	rs9968694	0	0	0.000473027841030186	0.999519112561124	7.85960067787739e-06	3	3	rs10036748	ENSG00000145901	eqtl_rs10036748_ENSG00000145901_B38.txt	rs10036748_ENSG00000145901_LD.unphased.vcor1	636	5	10	rs707148	0.999991904243429	rs7721683	1	-0.353678	0.125088127684
636	rs707148	rs13160539	2.44196210547131e-12	5.24101780791231e-08	4.65909995718761e-05	0.999951050720087	2.3058677218214e-06	4	5	rs10036748	ENSG00000145901	eqtl_rs10036748_ENSG00000145901_B38.txt	rs10036748_ENSG00000145901_LD.unphased.vcor1	636	5	10	rs707148	0.999991904243429	rs7721683	1	-0.0829866	0.00688677577956
636	rs62382336	rs13160539	1.55437086490283e-08	3.66529439201177e-08	0.296563538553548	0.69930533106608	0.00413107818371979	6	5	rs10036748	ENSG00000145901	eqtl_rs10036748_ENSG00000145901_B38.txt	rs10036748_ENSG00000145901_LD.unphased.vcor1	636	5	10	rs707148	0.999991904243429	rs7721683	1	0.116649	0.013606989201
636	rs10036748	rs13160539	1.86005052091663e-94	5.24127406507507e-08	3.54885167257615e-87	0.999999947479979	1.07291145515184e-10	1	5	rs10036748	ENSG00000145901	eqtl_rs10036748_ENSG00000145901_B38.txt	rs10036748_ENSG00000145901_LD.unphased.vcor1	636	5	10	rs707148	0.999991904243429	rs7721683	1	-0.220973	0.048829066729
636	rs57947188	rs13160539	7.38212939410284e-22	5.24127402992957e-08	1.40846078925454e-14	0.999999940761038	6.8262098605997e-09	2	5	rs10036748	ENSG00000145901	eqtl_rs10036748_ENSG00000145901_B38.txt	rs10036748_ENSG00000145901_LD.unphased.vcor1	636	5	10	rs707148	0.999991904243429	rs7721683	1	0.163289	0.026663297521
636	rs150973658	rs13160539	2.4791729211491e-11	5.23855160746101e-08	0.00047300956984167	0.999480427801816	4.65102180341096e-05	3	5	rs10036748	ENSG00000145901	eqtl_rs10036748_ENSG00000145901_B38.txt	rs10036748_ENSG00000145901_LD.unphased.vcor1	636	5	10	rs707148	0.999991904243429	rs7721683	1	0.143024	0.020455864576
636	rs707148	rs10463314	0	0	4.65910768079744e-05	0.999952711603236	6.97319988266284e-07	4	6	rs10036748	ENSG00000145901	eqtl_rs10036748_ENSG00000145901_B38.txt	rs10036748_ENSG00000145901_LD.unphased.vcor1	636	5	10	rs707148	0.999991904243429	rs7721683	1	0.032103	0.001030602609
636	rs62382336	rs10463314	0	0	0.289862876780605	0.683459699021581	0.0266774241978938	6	6	rs10036748	ENSG00000145901	eqtl_rs10036748_ENSG00000145901_B38.txt	rs10036748_ENSG00000145901_LD.unphased.vcor1	636	5	10	rs707148	0.999991904243429	rs7721683	1	-0.161255	0.026003175025
636	rs10036748	rs10463314	0	0	3.54885185896071e-87	1	3.08460945089749e-63	1	6	rs10036748	ENSG00000145901	eqtl_rs10036748_ENSG00000145901_B38.txt	rs10036748_ENSG00000145901_LD.unphased.vcor1	636	5	10	rs707148	0.999991904243429	rs7721683	1	0.472421	0.223181601241
636	rs57947188	rs10463314	0	0	1.40846087267103e-14	1	6.71597874417179e-16	2	6	rs10036748	ENSG00000145901	eqtl_rs10036748_ENSG00000145901_B38.txt	rs10036748_ENSG00000145901_LD.unphased.vcor1	636	5	10	rs707148	0.999991904243429	rs7721683	1	-0.39244	0.1540091536
636	rs150973658	rs10463314	0	0	0.000473029206775469	0.999522004199199	4.96659405870501e-06	3	6	rs10036748	ENSG00000145901	eqtl_rs10036748_ENSG00000145901_B38.txt	rs10036748_ENSG00000145901_LD.unphased.vcor1	636	5	10	rs707148	0.999991904243429	rs7721683	1	-0.36491	0.1331593081
636	rs707148	rs7721683	0	0	4.65910923613716e-05	0.99995304608098	3.62825154160599e-07	4	7	rs10036748	ENSG00000145901	eqtl_rs10036748_ENSG00000145901_B38.txt	rs10036748_ENSG00000145901_LD.unphased.vcor1	636	5	10	rs707148	0.999991904243429	rs7721683	1	0.0413182	0.00170719365124
636	rs62382336	rs7721683	0	0	0.296316494927507	0.698721125623293	0.004962379450005	6	7	rs10036748	ENSG00000145901	eqtl_rs10036748_ENSG00000145901_B38.txt	rs10036748_ENSG00000145901_LD.unphased.vcor1	636	5	10	rs707148	0.999991904243429	rs7721683	1	-0.112864	0.012738282496
636	rs10036748	rs7721683	0	0	3.54885185898653e-87	1	9.41492813394044e-69	1	7	rs10036748	ENSG00000145901	eqtl_rs10036748_ENSG00000145901_B38.txt	rs10036748_ENSG00000145901_LD.unphased.vcor1	636	5	10	rs707148	0.999991904243429	rs7721683	1	0.456948	0.208801474704
636	rs57947188	rs7721683	0	0	1.40846087267584e-14	1	6.33170989034816e-16	2	7	rs10036748	ENSG00000145901	eqtl_rs10036748_ENSG00000145901_B38.txt	rs10036748_ENSG00000145901_LD.unphased.vcor1	636	5	10	rs707148	0.999991904243429	rs7721683	1	-0.286707	0.082200903849
636	rs150973658	rs7721683	0	0	0.000473027805779984	0.999519037923883	7.93427188822353e-06	3	7	rs10036748	ENSG00000145901	eqtl_rs10036748_ENSG00000145901_B38.txt	rs10036748_ENSG00000145901_LD.unphased.vcor1	636	5	10	rs707148	0.999991904243429	rs7721683	1	0.12258	0.0150258564
636	rs707148	rs1862364	2.92738509957164e-176	6.28284828953602e-172	4.65910793472857e-05	0.99995276621206	6.42708595585683e-07	4	9	rs10036748	ENSG00000145901	eqtl_rs10036748_ENSG00000145901_B38.txt	rs10036748_ENSG00000145901_LD.unphased.vcor1	636	5	10	rs707148	0.999991904243429	rs7721683	1	-0.062191	0.003867720481
636	rs62382336	rs1862364	1.86420947952333e-172	4.39591136524487e-172	0.29670005423319	0.699628161345544	0.00367178442127116	6	9	rs10036748	ENSG00000145901	eqtl_rs10036748_ENSG00000145901_B38.txt	rs10036748_ENSG00000145901_LD.unphased.vcor1	636	5	10	rs707148	0.999991904243429	rs7721683	1	0.0151498	0.00022951644004
636	rs10036748	rs1862364	2.22979510199201e-258	6.28314505820132e-172	3.54885185896111e-87	1	3.03033420779668e-85	1	9	rs10036748	ENSG00000145901	eqtl_rs10036748_ENSG00000145901_B38.txt	rs10036748_ENSG00000145901_LD.unphased.vcor1	636	5	10	rs707148	0.999991904243429	rs7721683	1	-0.256841	0.065967299281
636	rs57947188	rs1862364	8.84956397179293e-186	6.28314505820132e-172	1.40846087267103e-14	1	8.10007872000082e-17	2	9	rs10036748	ENSG00000145901	eqtl_rs10036748_ENSG00000145901_B38.txt	rs10036748_ENSG00000145901_LD.unphased.vcor1	636	5	10	rs707148	0.999991904243429	rs7721683	1	-0.11302	0.0127735204
636	rs150973658	rs1862364	2.972109257233e-175	6.28013786138464e-172	0.000473028909837683	0.999521375504717	5.59558546624828e-06	3	9	rs10036748	ENSG00000145901	eqtl_rs10036748_ENSG00000145901_B38.txt	rs10036748_ENSG00000145901_LD.unphased.vcor1	636	5	10	rs707148	0.999991904243429	rs7721683	1	-0.265835	0.070668247225
636	rs707148	rs1422674	1.22067997979673e-32	2.61986273150702e-28	4.65910891944673e-05	0.999952977978915	4.30931889357136e-07	4	10	rs10036748	ENSG00000145901	eqtl_rs10036748_ENSG00000145901_B38.txt	rs10036748_ENSG00000145901_LD.unphased.vcor1	636	5	10	rs707148	0.999991904243429	rs7721683	1	0.0544779	0.00296784158841
636	rs62382336	rs1422674	7.77209889922126e-29	1.83270486810478e-28	0.296646589634523	0.699501729004833	0.00385168136064789	6	10	rs10036748	ENSG00000145901	eqtl_rs10036748_ENSG00000145901_B38.txt	rs10036748_ENSG00000145901_LD.unphased.vcor1	636	5	10	rs707148	0.999991904243429	rs7721683	1	0.0572262	0.00327483796644
636	rs10036748	rs1422674	9.29794192493938e-115	2.61998592628244e-28	3.54885185896111e-87	1	2.14563850764021e-19	1	10	rs10036748	ENSG00000145901	eqtl_rs10036748_ENSG00000145901_B38.txt	rs10036748_ENSG00000145901_LD.unphased.vcor1	636	5	10	rs707148	0.999991904243429	rs7721683	1	-0.695265	0.483393420225
636	rs57947188	rs1422674	3.69014766411313e-42	2.6199859262792e-28	1.40846087266934e-14	0.999999999998778	1.21164596163968e-12	2	10	rs10036748	ENSG00000145901	eqtl_rs10036748_ENSG00000145901_B38.txt	rs10036748_ENSG00000145901_LD.unphased.vcor1	636	5	10	rs707148	0.999991904243429	rs7721683	1	0.389301	0.151555268601
636	rs150973658	rs1422674	1.23928484259305e-31	2.61863847773024e-28	0.0004730120227598	0.999485621163236	4.13668140062649e-05	3	10	rs10036748	ENSG00000145901	eqtl_rs10036748_ENSG00000145901_B38.txt	rs10036748_ENSG00000145901_LD.unphased.vcor1	636	5	10	rs707148	0.999991904243429	rs7721683	1	0.219967	0.048385481089
636	rs707148	rs12109187	4.72802241666307e-23	1.01474341581386e-18	4.65910011452725e-05	0.999951084451474	2.32454738211288e-06	4	4	rs10036748	ENSG00000145901	eqtl_rs10036748_ENSG00000145901_B38.txt	rs10036748_ENSG00000145901_LD.unphased.vcor1	636	5	10	rs707148	0.999991904243429	rs7721683	1	-0.0346971	0.00120388874841
636	rs62382336	rs12109187	2.98499383064795e-19	7.03878424043134e-19	0.294148036380303	0.693593184954998	0.0122587786647019	6	4	rs10036748	ENSG00000145901	eqtl_rs10036748_ENSG00000145901_B38.txt	rs10036748_ENSG00000145901_LD.unphased.vcor1	636	5	10	rs707148	0.999991904243429	rs7721683	1	0.00726301	5.27513142601e-05
636	rs10036748	rs12109187	3.60135020285714e-105	1.01479305025468e-18	3.54885185896111e-87	1	1.97213366700496e-21	1	4	rs10036748	ENSG00000145901	eqtl_rs10036748_ENSG00000145901_B38.txt	rs10036748_ENSG00000145901_LD.unphased.vcor1	636	5	10	rs707148	0.999991904243429	rs7721683	1	-0.0953914	0.00909951919396
636	rs57947188	rs12109187	1.42929630514225e-32	1.01479305025468e-18	1.40846087267106e-14	0.999999999999986	1.10125154790428e-15	2	4	rs10036748	ENSG00000145901	eqtl_rs10036748_ENSG00000145901_B38.txt	rs10036748_ENSG00000145901_LD.unphased.vcor1	636	5	10	rs707148	0.999991904243429	rs7721683	1	-0.0968439	0.00937874096721
636	rs150973658	rs12109187	4.80016835398482e-22	1.01428704034068e-18	0.000473019435123259	0.999501315066924	2.56654979537483e-05	3	4	rs10036748	ENSG00000145901	eqtl_rs10036748_ENSG00000145901_B38.txt	rs10036748_ENSG00000145901_LD.unphased.vcor1	636	5	10	rs707148	0.999991904243429	rs7721683	1	0.0360205	0.00129747642025
1001	rs7126711	rs4930644	0	0	1.99698996447827e-34	1	1.88938874567765e-32	1	1	rs7126711	ENSG00000162341	eqtl_rs7126711_ENSG00000162341_B38.txt	rs7126711_ENSG00000162341_LD.unphased.vcor1	1001	4	6	rs7126711	0.725727904232239	rs10736670	1	-0.199108	0.039643995664
1001	rs1060435	rs4930644	0	0	0.00207833033559329	0.997903488372586	1.81812918484965e-05	3	1	rs7126711	ENSG00000162341	eqtl_rs7126711_ENSG00000162341_B38.txt	rs7126711_ENSG00000162341_LD.unphased.vcor1	1001	4	6	rs7126711	0.725727904232239	rs10736670	1	0.365988	0.133947216144
1001	rs754640	rs4930644	0	0	3.2090622520339e-05	0.999967460275332	4.49102217390961e-07	4	1	rs7126711	ENSG00000162341	eqtl_rs7126711_ENSG00000162341_B38.txt	rs7126711_ENSG00000162341_LD.unphased.vcor1	1001	4	6	rs7126711	0.725727904232239	rs10736670	1	-0.136675	0.018680055625
1001	rs12800381	rs4930644	0	0	0.00141086849244899	0.998528527782626	6.0603724974427e-05	2	1	rs7126711	ENSG00000162341	eqtl_rs7126711_ENSG00000162341_B38.txt	rs7126711_ENSG00000162341_LD.unphased.vcor1	1001	4	6	rs7126711	0.725727904232239	rs10736670	1	-0.013015	0.000169390225
1001	rs7126711	rs1551310	0	0	1.99698995797381e-34	1	2.20472583098523e-10	1	2	rs7126711	ENSG00000162341	eqtl_rs7126711_ENSG00000162341_B38.txt	rs7126711_ENSG00000162341_LD.unphased.vcor1	1001	4	6	rs7126711	0.725727904232239	rs10736670	1	-0.715639	0.512139178321
1001	rs1060435	rs1551310	0	0	0.00204091949542744	0.979904726279668	0.0180543544171284	3	2	rs7126711	ENSG00000162341	eqtl_rs7126711_ENSG00000162341_B38.txt	rs7126711_ENSG00000162341_LD.unphased.vcor1	1001	4	6	rs7126711	0.725727904232239	rs10736670	1	-0.397014	0.157620116196
1001	rs754640	rs1551310	0	0	3.20906072960936e-05	0.999966990747483	9.19524581751397e-07	4	2	rs7126711	ENSG00000162341	eqtl_rs7126711_ENSG00000162341_B38.txt	rs7126711_ENSG00000162341_LD.unphased.vcor1	1001	4	6	rs7126711	0.725727904232239	rs10736670	1	-0.505854	0.255888269316
1001	rs12800381	rs1551310	0	0	0.00141093510615605	0.998575771263631	1.32945992395992e-05	2	2	rs7126711	ENSG00000162341	eqtl_rs7126711_ENSG00000162341_B38.txt	rs7126711_ENSG00000162341_LD.unphased.vcor1	1001	4	6	rs7126711	0.725727904232239	rs10736670	1	-0.352666	0.124373307556
1001	rs7126711	rs4930650	0	0	1.99698995797381e-34	1	4.43234677731106e-10	1	3	rs7126711	ENSG00000162341	eqtl_rs7126711_ENSG00000162341_B38.txt	rs7126711_ENSG00000162341_LD.unphased.vcor1	1001	4	6	rs7126711	0.725727904232239	rs10736670	1	0.715639	0.512139178321
1001	rs1060435	rs4930650	0	0	0.00203127079707583	0.975262630698185	0.0227060996615863	3	3	rs7126711	ENSG00000162341	eqtl_rs7126711_ENSG00000162341_B38.txt	rs7126711_ENSG00000162341_LD.unphased.vcor1	1001	4	6	rs7126711	0.725727904232239	rs10736670	1	0.397014	0.157620116196
1001	rs754640	rs4930650	0	0	3.20906100456707e-05	0.999967076426335	8.33841933903526e-07	4	3	rs7126711	ENSG00000162341	eqtl_rs7126711_ENSG00000162341_B38.txt	rs7126711_ENSG00000162341_LD.unphased.vcor1	1001	4	6	rs7126711	0.725727904232239	rs10736670	1	0.505854	0.255888269316
1001	rs12800381	rs4930650	0	0	0.00141093550562296	0.998576053982503	1.30115403259319e-05	2	3	rs7126711	ENSG00000162341	eqtl_rs7126711_ENSG00000162341_B38.txt	rs7126711_ENSG00000162341_LD.unphased.vcor1	1001	4	6	rs7126711	0.725727904232239	rs10736670	1	0.352666	0.124373307556
1001	rs7126711	rs10736670	6.01668873648405e-254	3.01287880435409e-220	1.99698996447815e-34	1	1.21419525294378e-36	1	6	rs7126711	ENSG00000162341	eqtl_rs7126711_ENSG00000162341_B38.txt	rs7126711_ENSG00000162341_LD.unphased.vcor1	1001	4	6	rs7126711	0.725727904232239	rs10736670	1	0.0410992	0.00168914424064
1001	rs1060435	rs10736670	6.26175498763486e-223	3.00656121222664e-220	0.00207832952941407	0.99790310051093	1.85699596767449e-05	3	6	rs7126711	ENSG00000162341	eqtl_rs7126711_ENSG00000162341_B38.txt	rs7126711_ENSG00000162341_LD.unphased.vcor1	1001	4	6	rs7126711	0.725727904232239	rs10736670	1	-0.0274847	0.00075540873409
1001	rs754640	rs10736670	9.66851731711429e-225	3.01278129110063e-220	3.20906280834853e-05	0.999967633974315	2.75397622438319e-07	4	6	rs7126711	ENSG00000162341	eqtl_rs7126711_ENSG00000162341_B38.txt	rs7126711_ENSG00000162341_LD.unphased.vcor1	1001	4	6	rs7126711	0.725727904232239	rs10736670	1	0.0147297	0.00021696406209
1001	rs12800381	rs10736670	4.25096722064238e-223	3.00858129474642e-220	0.0014109320343384	0.998573589195549	1.54787701619624e-05	2	6	rs7126711	ENSG00000162341	eqtl_rs7126711_ENSG00000162341_B38.txt	rs7126711_ENSG00000162341_LD.unphased.vcor1	1001	4	6	rs7126711	0.725727904232239	rs10736670	1	0.215089	0.046263277921
1001	rs7126711	rs12421346	0	0	1.99698996447872e-34	1	1.44408659905405e-32	1	7	rs7126711	ENSG00000162341	eqtl_rs7126711_ENSG00000162341_B38.txt	rs7126711_ENSG00000162341_LD.unphased.vcor1	1001	4	6	rs7126711	0.725727904232239	rs10736670	1	-0.360047	0.129633842209
1001	rs1060435	rs12421346	0	0	0.00194256847159359	0.932586968081359	0.0654704634471966	3	7	rs7126711	ENSG00000162341	eqtl_rs7126711_ENSG00000162341_B38.txt	rs7126711_ENSG00000162341_LD.unphased.vcor1	1001	4	6	rs7126711	0.725727904232239	rs10736670	1	-0.795645	0.633050966025
1001	rs754640	rs12421346	0	0	3.20905817765772e-05	0.999966188124762	1.72129333169227e-06	4	7	rs7126711	ENSG00000162341	eqtl_rs7126711_ENSG00000162341_B38.txt	rs7126711_ENSG00000162341_LD.unphased.vcor1	1001	4	6	rs7126711	0.725727904232239	rs10736670	1	-0.245487	0.060263867169
1001	rs12800381	rs12421346	0	0	0.00141086496023585	0.998526022875622	6.31121642281764e-05	2	7	rs7126711	ENSG00000162341	eqtl_rs7126711_ENSG00000162341_B38.txt	rs7126711_ENSG00000162341_LD.unphased.vcor1	1001	4	6	rs7126711	0.725727904232239	rs10736670	1	-0.277	0.076729
1001	rs7126711	rs921670	0	0	1.99698996447827e-34	1	7.13881827534953e-34	1	9	rs7126711	ENSG00000162341	eqtl_rs7126711_ENSG00000162341_B38.txt	rs7126711_ENSG00000162341_LD.unphased.vcor1	1001	4	6	rs7126711	0.725727904232239	rs10736670	1	-0.245994	0.060513048036
1001	rs1060435	rs921670	0	0	0.00207829032738948	0.997884239987212	3.7469685437019e-05	3	9	rs7126711	ENSG00000162341	eqtl_rs7126711_ENSG00000162341_B38.txt	rs7126711_ENSG00000162341_LD.unphased.vcor1	1001	4	6	rs7126711	0.725727904232239	rs10736670	1	0.299454	0.089672698116
1001	rs754640	rs921670	0	0	3.2090627105514e-05	0.999967603439019	3.05933945251267e-07	4	9	rs7126711	ENSG00000162341	eqtl_rs7126711_ENSG00000162341_B38.txt	rs7126711_ENSG00000162341_LD.unphased.vcor1	1001	4	6	rs7126711	0.725727904232239	rs10736670	1	-0.179594	0.032254004836
1001	rs12800381	rs921670	0	0	0.00141093624978528	0.998576578625046	1.24851250659553e-05	2	9	rs7126711	ENSG00000162341	eqtl_rs7126711_ENSG00000162341_B38.txt	rs7126711_ENSG00000162341_LD.unphased.vcor1	1001	4	6	rs7126711	0.725727904232239	rs10736670	1	-0.0602848	0.00363425711104
412	rs12888955	rs2075771	0	0	1.97095185203671e-05	0.994988788240931	0.00499150224057937	1	1	rs1482518599	ENSG00000131323	eqtl_rs1482518599_ENSG00000131323_B38.txt	rs1482518599_ENSG00000131323_LD.unphased.vcor1	412	1	9	rs12888955	0.0595565301580946	rs1051750	1	0.868858	0.754914224164
412	rs12888955	rs56101042	0	0	1.97828148740271e-05	0.998696435215911	0.0012837819683664	1	2	rs1482518599	ENSG00000131323	eqtl_rs1482518599_ENSG00000131323_B38.txt	rs1482518599_ENSG00000131323_LD.unphased.vcor1	412	1	9	rs12888955	0.0595565301580946	rs1051750	1	0.798632	0.637813071424
412	rs12888955	rs34881794	0	0	1.98081898044026e-05	0.999980009074835	1.82735357144214e-07	1	4	rs1482518599	ENSG00000131323	eqtl_rs1482518599_ENSG00000131323_B38.txt	rs1482518599_ENSG00000131323_LD.unphased.vcor1	412	1	9	rs12888955	0.0595565301580946	rs1051750	1	-0.120512	0.014523142144
412	rs12888955	rs1051750	0	0	1.97190022765341e-05	0.995468517700078	0.00451176329693252	1	5	rs1482518599	ENSG00000131323	eqtl_rs1482518599_ENSG00000131323_B38.txt	rs1482518599_ENSG00000131323_LD.unphased.vcor1	412	1	9	rs12888955	0.0595565301580946	rs1051750	1	0.889407	0.791044811649
412	rs12888955	rs12148050	0	0	1.70892883421793e-06	0.0844410127122451	0.91555727835824	1	6	rs1482518599	ENSG00000131323	eqtl_rs1482518599_ENSG00000131323_B38.txt	rs1482518599_ENSG00000131323_LD.unphased.vcor1	412	1	9	rs12888955	0.0595565301580946	rs1051750	1	-0.994006	0.988047928036
412	rs12888955	rs12436513	0	0	1.66647995737394e-06	0.0822937647021313	0.91770456881853	1	8	rs1482518599	ENSG00000131323	eqtl_rs1482518599_ENSG00000131323_B38.txt	rs1482518599_ENSG00000131323_LD.unphased.vcor1	412	1	9	rs12888955	0.0595565301580946	rs1051750	1	0.99007	0.9802386049
412	rs12888955	rs4906264	0	0	1.98080493477394e-05	0.999972904169799	7.28777962695321e-06	1	9	rs1482518599	ENSG00000131323	eqtl_rs1482518599_ENSG00000131323_B38.txt	rs1482518599_ENSG00000131323_LD.unphased.vcor1	412	1	9	rs12888955	0.0595565301580946	rs1051750	1	-0.339889	0.115524532321
412	rs12888955	rs1956160	0	1.1125369292536e-308	1.97977405820206e-05	0.999451442157745	0.000528760101686888	1	10	rs1482518599	ENSG00000131323	eqtl_rs1482518599_ENSG00000131323_B38.txt	rs1482518599_ENSG00000131323_LD.unphased.vcor1	412	1	9	rs12888955	0.0595565301580946	rs1051750	1	0.335748	0.112726719504
412	rs12888955	rs4900558	5.37324005065651e-36	2.71258135631712e-31	1.98081900841054e-05	0.999980023223561	1.68586359139686e-07	1	3	rs1482518599	ENSG00000131323	eqtl_rs1482518599_ENSG00000131323_B38.txt	rs1482518599_ENSG00000131323_LD.unphased.vcor1	412	1	9	rs12888955	0.0595565301580946	rs1051750	1	0.14865	0.0220968225
31	rs35920682	rs17114177	3.17504722393435e-06	1.72219640833598e-05	0.155269523062774	0.842201716221264	0.00250836370465416	1	5	rs12241531	ENSG00000171206	eqtl_rs12241531_ENSG00000171206_B38.txt	rs12241531_ENSG00000171206_LD.unphased.vcor1	31	1	6	rs35920682	0.956129641269518	rs7075456	0.999999931580837	-0.0300095	0.00090057009025
31	rs35920682	rs7075456	1.67682278294866e-08	9.0953550310716e-08	0.155357683608235	0.842681007448645	0.0019612012213437	1	1	rs12241531	ENSG00000171206	eqtl_rs12241531_ENSG00000171206_B38.txt	rs12241531_ENSG00000171206_LD.unphased.vcor1	31	1	6	rs35920682	0.956129641269518	rs7075456	0.999999931580837	0.166022	0.027563304484
31	rs35920682	rs117448007	0.000644927596308634	0.00349819045722154	0.154778437110248	0.839539927143371	0.00153851769285005	1	3	rs12241531	ENSG00000171206	eqtl_rs12241531_ENSG00000171206_B38.txt	rs12241531_ENSG00000171206_LD.unphased.vcor1	31	1	6	rs35920682	0.956129641269518	rs7075456	0.999999931580837	0.0529651	0.00280530181801
31	rs35920682	rs72844650	0.143416841168113	0.777915890172355	0.0119746984375297	0.0649491932710129	0.00174337695098932	1	4	rs12241531	ENSG00000171206	eqtl_rs12241531_ENSG00000171206_B38.txt	rs12241531_ENSG00000171206_LD.unphased.vcor1	31	1	6	rs35920682	0.956129641269518	rs7075456	0.999999931580837	0.0364473	0.00132840567729
31	rs35920682	rs76134290	0.00540057691162918	0.0292935931473324	0.149993571868139	0.81358567646459	0.00172658160831047	1	6	rs12241531	ENSG00000171206	eqtl_rs12241531_ENSG00000171206_B38.txt	rs12241531_ENSG00000171206_LD.unphased.vcor1	31	1	6	rs35920682	0.956129641269518	rs7075456	0.999999931580837	0.0790474	0.00624849144676
31	rs35920682	rs67477288	0.00328962464443352	0.0178434503421234	0.152029210837154	0.824626338303396	0.0022113758728936	1	2	rs12241531	ENSG00000171206	eqtl_rs12241531_ENSG00000171206_B38.txt	rs12241531_ENSG00000171206_LD.unphased.vcor1	31	1	6	rs35920682	0.956129641269518	rs7075456	0.999999931580837	0.057636	0.003321908496
705	rs16826583	rs230309	0	0	1.48254676171758e-05	0.999985046738335	1.27800715613351e-07	1	1	rs16826583	ENSG00000043514	eqtl_rs16826583_ENSG00000043514_B38.txt	rs16826583_ENSG00000043514_LD.unphased.vcor1	705	1	10	rs16826583	0.990732255493323	rs112309826	1	-0.244108	0.059588715664
705	rs16826583	rs55752496	0	0	1.48254678113408e-05	0.999985059834863	1.14779007019417e-07	1	2	rs16826583	ENSG00000043514	eqtl_rs16826583_ENSG00000043514_B38.txt	rs16826583_ENSG00000043514_LD.unphased.vcor1	705	1	10	rs16826583	0.990732255493323	rs112309826	1	-0.226105	0.051123471025
705	rs16826583	rs3117086	0	0	1.48254638939535e-05	0.999984795023101	3.79509249966867e-07	1	3	rs16826583	ENSG00000043514	eqtl_rs16826583_ENSG00000043514_B38.txt	rs16826583_ENSG00000043514_LD.unphased.vcor1	705	1	10	rs16826583	0.990732255493323	rs112309826	1	0.318337	0.101338445569
705	rs16826583	rs3768307	0	0	1.48246508441644e-05	0.999929844529933	5.53308192672983e-05	1	4	rs16826583	ENSG00000043514	eqtl_rs16826583_ENSG00000043514_B38.txt	rs16826583_ENSG00000043514_LD.unphased.vcor1	705	1	10	rs16826583	0.990732255493323	rs112309826	1	-0.435977	0.190075944529
705	rs16826583	rs230302	0	0	6.00007665510499e-06	0.403515149353355	0.596478850570047	1	5	rs16826583	ENSG00000043514	eqtl_rs16826583_ENSG00000043514_B38.txt	rs16826583_ENSG00000043514_LD.unphased.vcor1	705	1	10	rs16826583	0.990732255493323	rs112309826	1	0.794598	0.631385981604
705	rs16826583	rs61781281	0	0	1.4825460986225e-05	0.999984598487942	5.76053662934747e-07	1	6	rs16826583	ENSG00000043514	eqtl_rs16826583_ENSG00000043514_B38.txt	rs16826583_ENSG00000043514_LD.unphased.vcor1	705	1	10	rs16826583	0.990732255493323	rs112309826	1	-0.31862	0.1015187044
705	rs16826583	rs6600301	2.64051698058599e-171	1.781041627108e-166	1.48254533262758e-05	0.999984080815246	1.09373142651609e-06	1	7	rs16826583	ENSG00000043514	eqtl_rs16826583_ENSG00000043514_B38.txt	rs16826583_ENSG00000043514_LD.unphased.vcor1	705	1	10	rs16826583	0.990732255493323	rs112309826	1	-0.547665	0.299936952225
705	rs16826583	rs6693041	0	0	1.48254243598539e-05	0.999982122491662	3.05171317650344e-06	1	8	rs16826583	ENSG00000043514	eqtl_rs16826583_ENSG00000043514_B38.txt	rs16826583_ENSG00000043514_LD.unphased.vcor1	705	1	10	rs16826583	0.990732255493323	rs112309826	1	0.429554	0.184516638916
705	rs16826583	rs230305	0	0	1.48254677923558e-05	0.999985058554314	1.15983795926262e-07	1	9	rs16826583	ENSG00000043514	eqtl_rs16826583_ENSG00000043514_B38.txt	rs16826583_ENSG00000043514_LD.unphased.vcor1	705	1	10	rs16826583	0.990732255493323	rs112309826	1	-0.244108	0.059588715664
705	rs16826583	rs112309826	0	0	1.48250321010031e-05	0.99995561042605	2.95651754599934e-05	1	10	rs16826583	ENSG00000043514	eqtl_rs16826583_ENSG00000043514_B38.txt	rs16826583_ENSG00000043514_LD.unphased.vcor1	705	1	10	rs16826583	0.990732255493323	rs112309826	1	0.58373	0.3407407129
286	rs8026785	rs8042919	6.03605080900591e-36	3.27772271055745e-36	0.642086695743507	0.348650199647968	0.00926310460851988	1	2	rs62017246	ENSG00000092439	eqtl_rs62017246_ENSG00000092439_B38.txt	rs62017246_ENSG00000092439_LD.unphased.vcor1	286	1	7	rs8026785	0.0939488739418162	rs12903031	1	0.00716959	5.14030207681e-05
286	rs8026785	rs12903031	0	0	0.642557501977132	0.348907314750871	0.0085351832720223	1	1	rs62017246	ENSG00000092439	eqtl_rs62017246_ENSG00000092439_B38.txt	rs62017246_ENSG00000092439_LD.unphased.vcor1	286	1	7	rs8026785	0.0939488739418162	rs12903031	1	0.304063	0.092454307969
286	rs8026785	rs12591094	1.22743475563217e-68	6.66526989511156e-69	0.642029291759419	0.348618850378931	0.00935185786164902	1	5	rs62017246	ENSG00000092439	eqtl_rs62017246_ENSG00000092439_B38.txt	rs62017246_ENSG00000092439_LD.unphased.vcor1	286	1	7	rs8026785	0.0939488739418162	rs12903031	1	0.226697	0.051391529809
286	rs8026785	rs7175532	7.50171025359474e-91	4.073611512604e-91	0.641737929925924	0.348459732843024	0.00980233723104974	1	7	rs62017246	ENSG00000092439	eqtl_rs62017246_ENSG00000092439_B38.txt	rs62017246_ENSG00000092439_LD.unphased.vcor1	286	1	7	rs8026785	0.0939488739418162	rs12903031	1	0.0414661	0.00171943744921
286	rs8026785	rs28698226	3.37326156234297e-07	1.83176324742751e-07	0.63161605968454	0.34293201245365	0.0254514073593291	1	10	rs62017246	ENSG00000092439	eqtl_rs62017246_ENSG00000092439_B38.txt	rs62017246_ENSG00000092439_LD.unphased.vcor1	286	1	7	rs8026785	0.0939488739418162	rs12903031	1	-0.0995916	0.00991848679056
286	rs8026785	rs7169778	0	0	0.638081493294958	0.346462892076536	0.0154556146285744	1	4	rs62017246	ENSG00000092439	eqtl_rs62017246_ENSG00000092439_B38.txt	rs62017246_ENSG00000092439_LD.unphased.vcor1	286	1	7	rs8026785	0.0939488739418162	rs12903031	1	0.319958	0.102373121764
286	rs8026785	rs12440876	2.03996156045751e-06	1.10774884886647e-06	0.640871550001543	0.347986594686418	0.0111387076016298	1	3	rs62017246	ENSG00000092439	eqtl_rs62017246_ENSG00000092439_B38.txt	rs62017246_ENSG00000092439_LD.unphased.vcor1	286	1	7	rs8026785	0.0939488739418162	rs12903031	1	-0.306882	0.094176561924
636	rs2234290	rs2651823	0	0	0.00361803386928578	0.996332548789284	4.94173442003743e-05	1	1	rs2234290	ENSG00000064201	eqtl_rs2234290_ENSG00000064201_B38.txt	rs2234290_ENSG00000064201_LD.unphased.vcor1	636	1	9	rs2234290	0.997728321342133	rs11823682	1	0.166311	0.027659348721
636	rs2234290	rs739546	0	0	0.00361808885152971	0.996347720235351	3.41909131134725e-05	1	2	rs2234290	ENSG00000064201	eqtl_rs2234290_ENSG00000064201_B38.txt	rs2234290_ENSG00000064201_LD.unphased.vcor1	636	1	9	rs2234290	0.997728321342133	rs11823682	1	0.319085	0.101815237225
636	rs2234290	rs2521269	0	0	0.00361806130982168	0.996340120560878	4.18181277649674e-05	1	3	rs2234290	ENSG00000064201	eqtl_rs2234290_ENSG00000064201_B38.txt	rs2234290_ENSG00000064201_LD.unphased.vcor1	636	1	9	rs2234290	0.997728321342133	rs11823682	1	-0.110205	0.012145142025
636	rs2234290	rs56146926	7.91241227380963e-301	2.17891676936171e-298	0.00361808872021003	0.996347683999873	3.42272799301548e-05	1	4	rs2234290	ENSG00000064201	eqtl_rs2234290_ENSG00000064201_B38.txt	rs2234290_ENSG00000064201_LD.unphased.vcor1	636	1	9	rs2234290	0.997728321342133	rs11823682	1	-0.44953	0.2020772209
636	rs2234290	rs2077114	0	0	0.00361804774949013	0.996336378805258	4.55734486855709e-05	1	5	rs2234290	ENSG00000064201	eqtl_rs2234290_ENSG00000064201_B38.txt	rs2234290_ENSG00000064201_LD.unphased.vcor1	636	1	9	rs2234290	0.997728321342133	rs11823682	1	-0.412513	0.170166975169
636	rs2234290	rs11823682	0	0	0.00361215008168085	0.994709014999674	0.00167883492058461	1	6	rs2234290	ENSG00000064201	eqtl_rs2234290_ENSG00000064201_B38.txt	rs2234290_ENSG00000064201_LD.unphased.vcor1	636	1	9	rs2234290	0.997728321342133	rs11823682	1	-0.384217	0.147622703089
636	rs2234290	rs6578260	1.61399186395985e-297	4.44460401745756e-295	0.00361779511565745	0.996266668683609	0.000115536200789402	1	7	rs2234290	ENSG00000064201	eqtl_rs2234290_ENSG00000064201_B38.txt	rs2234290_ENSG00000064201_LD.unphased.vcor1	636	1	9	rs2234290	0.997728321342133	rs11823682	1	-0.0189672	0.00035975467584
636	rs2234290	rs2234290	0	0	7.27936120300774e-06	4.611212477764e-06	0.999988109424274	1	8	rs2234290	ENSG00000064201	eqtl_rs2234290_ENSG00000064201_B38.txt	rs2234290_ENSG00000064201_LD.unphased.vcor1	636	1	9	rs2234290	0.997728321342133	rs11823682	1	1	1
636	rs2234290	rs74048209	0	0	0.00361746277652998	0.99617496520243	0.000207572021174501	1	10	rs2234290	ENSG00000064201	eqtl_rs2234290_ENSG00000064201_B38.txt	rs2234290_ENSG00000064201_LD.unphased.vcor1	636	1	9	rs2234290	0.997728321342133	rs11823682	1	-0.255092	0.065071928464
542	rs12974442	rs11669299	0	0	1.8032422563116e-07	0.111976269390577	0.88802355028525	1	1	rs34536443	ENSG00000105397	eqtl_rs34536443_ENSG00000105397_B38.txt	rs34536443_ENSG00000105397_LD.unphased.vcor1	542	2	9	rs12974442	0.53660190137257	rs11879191	1	0.783037	0.613146943369
542	rs78295726	rs11669299	0	0	2.90970188132933e-05	0.999970628229479	2.74751820085486e-07	2	1	rs34536443	ENSG00000105397	eqtl_rs34536443_ENSG00000105397_B38.txt	rs34536443_ENSG00000105397_LD.unphased.vcor1	542	2	9	rs12974442	0.53660190137257	rs11879191	1	-0.24969	0.0623450961
542	rs12974442	rs280502	0	0	1.58523307403585e-06	0.99999838462048	3.01464514402908e-08	1	2	rs34536443	ENSG00000105397	eqtl_rs34536443_ENSG00000105397_B38.txt	rs34536443_ENSG00000105397_LD.unphased.vcor1	542	2	9	rs12974442	0.53660190137257	rs11879191	1	-0.215056	0.046249083136
542	rs78295726	rs280502	0	0	2.90970201596547e-05	0.999970674592339	2.2838746988246e-07	2	2	rs34536443	ENSG00000105397	eqtl_rs34536443_ENSG00000105397_B38.txt	rs34536443_ENSG00000105397_LD.unphased.vcor1	542	2	9	rs12974442	0.53660190137257	rs11879191	1	-0.0580237	0.00336674976169
542	rs12974442	rs35164067	0	0	3.44762331970333e-07	0.215915165626923	0.784084489611135	1	3	rs34536443	ENSG00000105397	eqtl_rs34536443_ENSG00000105397_B38.txt	rs34536443_ENSG00000105397_LD.unphased.vcor1	542	2	9	rs12974442	0.53660190137257	rs11879191	1	0.806918	0.651116658724
542	rs78295726	rs35164067	0	0	2.90970170277954e-05	0.999970566745353	3.36237881923921e-07	2	3	rs34536443	ENSG00000105397	eqtl_rs34536443_ENSG00000105397_B38.txt	rs34536443_ENSG00000105397_LD.unphased.vcor1	542	2	9	rs12974442	0.53660190137257	rs11879191	1	-0.25158	0.0632924964
542	rs12974442	rs7247893	0	0	1.58332672950998e-06	0.998793412425908	0.00120500424735206	1	4	rs34536443	ENSG00000105397	eqtl_rs34536443_ENSG00000105397_B38.txt	rs34536443_ENSG00000105397_LD.unphased.vcor1	542	2	9	rs12974442	0.53660190137257	rs11879191	1	0.598652	0.358384217104
542	rs78295726	rs7247893	0	0	2.90970200879119e-05	0.99997067212177	2.30858163491934e-07	2	4	rs34536443	ENSG00000105397	eqtl_rs34536443_ENSG00000105397_B38.txt	rs34536443_ENSG00000105397_LD.unphased.vcor1	542	2	9	rs12974442	0.53660190137257	rs11879191	1	-0.137361	0.018868044321
542	rs12974442	rs73923215	0	0	2.68111760046126e-07	0.167465472188771	0.832534259699522	1	5	rs34536443	ENSG00000105397	eqtl_rs34536443_ENSG00000105397_B38.txt	rs34536443_ENSG00000105397_LD.unphased.vcor1	542	2	9	rs12974442	0.53660190137257	rs11879191	1	-0.791596	0.626624227216
542	rs78295726	rs73923215	0	0	2.90970183516097e-05	0.999970612331524	2.90650482340615e-07	2	5	rs34536443	ENSG00000105397	eqtl_rs34536443_ENSG00000105397_B38.txt	rs34536443_ENSG00000105397_LD.unphased.vcor1	542	2	9	rs12974442	0.53660190137257	rs11879191	1	0.245967	0.060499765089
542	rs12974442	rs11879191	0	0	3.55196117397134e-07	0.222510207158998	0.777489437644453	1	6	rs34536443	ENSG00000105397	eqtl_rs34536443_ENSG00000105397_B38.txt	rs34536443_ENSG00000105397_LD.unphased.vcor1	542	2	9	rs12974442	0.53660190137257	rs11879191	1	0.8049	0.64786401
542	rs78295726	rs11879191	0	0	2.90970170457377e-05	0.999970567361972	3.3562075136337e-07	2	6	rs34536443	ENSG00000105397	eqtl_rs34536443_ENSG00000105397_B38.txt	rs34536443_ENSG00000105397_LD.unphased.vcor1	542	2	9	rs12974442	0.53660190137257	rs11879191	1	-0.25191	0.0634586481
542	rs12974442	rs73510898	1.93939330906551e-53	1.22341011431762e-47	1.58523309944225e-06	0.99999840067953	1.40873643180913e-08	1	7	rs34536443	ENSG00000105397	eqtl_rs34536443_ENSG00000105397_B38.txt	rs34536443_ENSG00000105397_LD.unphased.vcor1	542	2	9	rs12974442	0.53660190137257	rs11879191	1	-0.138588	0.019206633744
542	rs78295726	rs73510898	3.47466935970634e-52	1.19413171731444e-47	2.84014637612542e-05	0.976018740762056	0.0239528577741813	2	7	rs34536443	ENSG00000105397	eqtl_rs34536443_ENSG00000105397_B38.txt	rs34536443_ENSG00000105397_LD.unphased.vcor1	542	2	9	rs12974442	0.53660190137257	rs11879191	1	0.670349	0.449367781801
542	rs12974442	rs78827223	9.94151293259273e-166	6.27131557920742e-160	1.58417518988721e-06	0.999329711688234	0.000668704136555545	1	8	rs34536443	ENSG00000105397	eqtl_rs34536443_ENSG00000105397_B38.txt	rs34536443_ENSG00000105397_LD.unphased.vcor1	542	2	9	rs12974442	0.53660190137257	rs11879191	1	0.655624	0.429842829376
542	rs78295726	rs78827223	1.82598718154913e-164	6.27532862315786e-160	2.90970158131434e-05	0.999970524917502	3.78066667171502e-07	2	8	rs34536443	ENSG00000105397	eqtl_rs34536443_ENSG00000105397_B38.txt	rs34536443_ENSG00000105397_LD.unphased.vcor1	542	2	9	rs12974442	0.53660190137257	rs11879191	1	-0.225808	0.050989252864
542	rs12974442	rs7259116	8.27168947510217e-166	5.21795580042017e-160	5.70390648993334e-07	0.358531489501552	0.641467940107817	1	9	rs34536443	ENSG00000105397	eqtl_rs34536443_ENSG00000105397_B38.txt	rs34536443_ENSG00000105397_LD.unphased.vcor1	542	2	9	rs12974442	0.53660190137257	rs11879191	1	0.872417	0.761111421889
542	rs78295726	rs7259116	4.21958978400178e-164	1.45013682555353e-159	2.90970129213257e-05	0.999970425335889	4.77651172886891e-07	2	9	rs34536443	ENSG00000105397	eqtl_rs34536443_ENSG00000105397_B38.txt	rs34536443_ENSG00000105397_LD.unphased.vcor1	542	2	9	rs12974442	0.53660190137257	rs11879191	1	-0.260778	0.068005165284
99	rs3180408	rs9617666	0	0	1.97534611410541e-05	0.999980019384774	2.27154038164397e-07	1	1	rs3180408	ENSG00000184979	eqtl_rs3180408_ENSG00000184979_B38.txt	rs3180408_ENSG00000184979_LD.unphased.vcor1	99	1	10	rs5993022	0.575697379405916	rs144613071	1	0.306405	0.093884024025
99	rs3180408	rs362052	1.28263696742933e-19	6.49309673366932e-15	1.9753459149722e-05	0.999979918375566	3.28165278746086e-07	1	4	rs3180408	ENSG00000184979	eqtl_rs3180408_ENSG00000184979_B38.txt	rs3180408_ENSG00000184979_LD.unphased.vcor1	99	1	10	rs5993022	0.575697379405916	rs144613071	1	0.0900097	0.00810174609409
99	rs3180408	rs7291894	5.57389176553311e-176	2.82167279874567e-171	1.97527518890367e-05	0.999944042945702	3.62043024004477e-05	1	5	rs3180408	ENSG00000184979	eqtl_rs3180408_ENSG00000184979_B38.txt	rs3180408_ENSG00000184979_LD.unphased.vcor1	99	1	10	rs5993022	0.575697379405916	rs144613071	1	0.325581	0.106002987561
99	rs3180408	rs7511365	0	0	1.9753458241903e-05	0.999979872326978	3.74214843904178e-07	1	8	rs3180408	ENSG00000184979	eqtl_rs3180408_ENSG00000184979_B38.txt	rs3180408_ENSG00000184979_LD.unphased.vcor1	99	1	10	rs5993022	0.575697379405916	rs144613071	1	0.423264	0.179152413696
99	rs3180408	rs361816	2.79414874304133e-215	1.41448270535893e-210	1.97534577192335e-05	0.999979845814832	4.00727459772164e-07	1	2	rs3180408	ENSG00000184979	eqtl_rs3180408_ENSG00000184979_B38.txt	rs3180408_ENSG00000184979_LD.unphased.vcor1	99	1	10	rs5993022	0.575697379405916	rs144613071	1	0.148878	0.022164658884
99	rs3180408	rs9618216	1.39771876336574e-226	7.07567563344735e-222	1.97526888079059e-05	0.999940843188107	3.94041231013988e-05	1	6	rs3180408	ENSG00000184979	eqtl_rs3180408_ENSG00000184979_B38.txt	rs3180408_ENSG00000184979_LD.unphased.vcor1	99	1	10	rs5993022	0.575697379405916	rs144613071	1	0.404924	0.163963445776
99	rs3180408	rs144613071	0	0	1.97534520424423e-05	0.999979557862603	6.88685388903347e-07	1	7	rs3180408	ENSG00000184979	eqtl_rs3180408_ENSG00000184979_B38.txt	rs3180408_ENSG00000184979_LD.unphased.vcor1	99	1	10	rs5993022	0.575697379405916	rs144613071	1	0.443226	0.196449287076
99	rs3180408	rs9618207	0	0	1.97534612998796e-05	0.999980027441145	2.19097567845444e-07	1	9	rs3180408	ENSG00000184979	eqtl_rs3180408_ENSG00000184979_B38.txt	rs3180408_ENSG00000184979_LD.unphased.vcor1	99	1	10	rs5993022	0.575697379405916	rs144613071	1	0.311617	0.097105154689
99	rs3180408	rs2543954	1.15237578956788e-128	5.83367520600886e-124	1.97534622168013e-05	0.999980073951605	1.72586155160104e-07	1	10	rs3180408	ENSG00000184979	eqtl_rs3180408_ENSG00000184979_B38.txt	rs3180408_ENSG00000184979_LD.unphased.vcor1	99	1	10	rs5993022	0.575697379405916	rs144613071	1	-0.102846	0.010577299716
99	rs3180408	rs9647297	2.23834997497013e-33	1.13312053841829e-28	1.97534610737418e-05	0.999980015970486	2.30568438215273e-07	1	3	rs3180408	ENSG00000184979	eqtl_rs3180408_ENSG00000184979_B38.txt	rs3180408_ENSG00000184979_LD.unphased.vcor1	99	1	10	rs5993022	0.575697379405916	rs144613071	1	-0.0276247	0.00076312405009
										rs7097397	ENSG00000128815	eqtl_rs7097397_ENSG00000128815_B38.txt	rs7097397_ENSG00000128815_LD.unphased.vcor1	98	0	3	rs77748423	0.155954533353209	rs1445164	0.991954790857729		
552	rs481769	rs62442788	0	0	4.00534505193705e-14	0.999999999788997	2.10622344722204e-10	2	1	rs80295067	ENSG00000178199	eqtl_rs80295067_ENSG00000178199_B38.txt	rs80295067_ENSG00000178199_LD.unphased.vcor1	552	2	9	rs62439778	0.149951751227393	rs2341768	1	0.610297	0.372462428209
552	rs62439778	rs62442788	0	0	1.58592718856508e-16	0.232948673460745	0.767051326538948	3	1	rs80295067	ENSG00000178199	eqtl_rs80295067_ENSG00000178199_B38.txt	rs80295067_ENSG00000178199_LD.unphased.vcor1	552	2	9	rs62439778	0.149951751227393	rs2341768	1	0.984597	0.969431252409
552	rs481769	rs9390687	0	0	4.00534494504884e-14	0.999999973048034	2.69525354203978e-08	2	3	rs80295067	ENSG00000178199	eqtl_rs80295067_ENSG00000178199_B38.txt	rs80295067_ENSG00000178199_LD.unphased.vcor1	552	2	9	rs62439778	0.149951751227393	rs2341768	1	0.608302	0.370031323204
552	rs62439778	rs9390687	0	0	1.90606591256262e-16	0.280376734591056	0.719623265409502	3	3	rs80295067	ENSG00000178199	eqtl_rs80295067_ENSG00000178199_B38.txt	rs80295067_ENSG00000178199_LD.unphased.vcor1	552	2	9	rs62439778	0.149951751227393	rs2341768	1	0.988827	0.977778835929
552	rs481769	rs62442788	0	0	4.00534505192612e-14	0.999999999788088	2.11576608781366e-10	2	7	rs80295067	ENSG00000178199	eqtl_rs80295067_ENSG00000178199_B38.txt	rs80295067_ENSG00000178199_LD.unphased.vcor1	552	2	9	rs62439778	0.149951751227393	rs2341768	1	0.610297	0.372462428209
552	rs62439778	rs62442788	0	0	1.59274655555776e-16	0.233958952225593	0.766041047774018	3	7	rs80295067	ENSG00000178199	eqtl_rs80295067_ENSG00000178199_B38.txt	rs80295067_ENSG00000178199_LD.unphased.vcor1	552	2	9	rs62439778	0.149951751227393	rs2341768	1	0.984597	0.969431252409
552	rs481769	rs62439782	0	0	4.00534505276944e-14	0.999999999997726	2.37803039319012e-12	2	2	rs80295067	ENSG00000178199	eqtl_rs80295067_ENSG00000178199_B38.txt	rs80295067_ENSG00000178199_LD.unphased.vcor1	552	2	9	rs62439778	0.149951751227393	rs2341768	1	-0.485811	0.236012327721
552	rs62439778	rs62439782	0	0	6.76350846272307e-16	0.999999401072907	5.9892708304499e-07	3	2	rs80295067	ENSG00000178199	eqtl_rs80295067_ENSG00000178199_B38.txt	rs80295067_ENSG00000178199_LD.unphased.vcor1	552	2	9	rs62439778	0.149951751227393	rs2341768	1	-0.800822	0.641315875684
552	rs481769	rs4897130	0	0	4.00534314809455e-14	0.999999523512201	4.76487208360112e-07	2	4	rs80295067	ENSG00000178199	eqtl_rs80295067_ENSG00000178199_B38.txt	rs80295067_ENSG00000178199_LD.unphased.vcor1	552	2	9	rs62439778	0.149951751227393	rs2341768	1	0.610215	0.372362346225
552	rs62439778	rs4897130	0	0	6.76333193679759e-16	0.99997324902999	2.6750968949222e-05	3	4	rs80295067	ENSG00000178199	eqtl_rs80295067_ENSG00000178199_B38.txt	rs80295067_ENSG00000178199_LD.unphased.vcor1	552	2	9	rs62439778	0.149951751227393	rs2341768	1	0.975477	0.951555377529
552	rs481769	rs76778493	2.69151023433988e-31	6.71979616955295e-18	4.00534505277829e-14	0.999999999999957	9.35236496495039e-16	2	5	rs80295067	ENSG00000178199	eqtl_rs80295067_ENSG00000178199_B38.txt	rs80295067_ENSG00000178199_LD.unphased.vcor1	552	2	9	rs62439778	0.149951751227393	rs2341768	1	-0.0538206	0.00289665698436
552	rs62439778	rs76778493	4.54494254270098e-33	6.71979616955333e-18	6.76351250547399e-16	1	1.60010093147869e-17	3	5	rs80295067	ENSG00000178199	eqtl_rs80295067_ENSG00000178199_B38.txt	rs80295067_ENSG00000178199_LD.unphased.vcor1	552	2	9	rs62439778	0.149951751227393	rs2341768	1	0.0276113	0.00076238388769
552	rs481769	rs9498372	0	0	4.00534505276944e-14	0.999999999997726	2.21767609534859e-12	2	6	rs80295067	ENSG00000178199	eqtl_rs80295067_ENSG00000178199_B38.txt	rs80295067_ENSG00000178199_LD.unphased.vcor1	552	2	9	rs62439778	0.149951751227393	rs2341768	1	0.481036	0.231395633296
552	rs62439778	rs9498372	0	0	6.76349976710021e-16	0.999998112829378	1.88717072430051e-06	3	6	rs80295067	ENSG00000178199	eqtl_rs80295067_ENSG00000178199_B38.txt	rs80295067_ENSG00000178199_LD.unphased.vcor1	552	2	9	rs62439778	0.149951751227393	rs2341768	1	0.799134	0.638615149956
552	rs481769	rs62442789	0	0	4.00534485206899e-14	0.999999949790437	5.02091003400382e-08	2	9	rs80295067	ENSG00000178199	eqtl_rs80295067_ENSG00000178199_B38.txt	rs80295067_ENSG00000178199_LD.unphased.vcor1	552	2	9	rs62439778	0.149951751227393	rs2341768	1	0.604605	0.365547206025
552	rs62439778	rs62442789	0	0	6.76170078434306e-16	0.999731596292622	0.000268403707698639	3	9	rs80295067	ENSG00000178199	eqtl_rs80295067_ENSG00000178199_B38.txt	rs80295067_ENSG00000178199_LD.unphased.vcor1	552	2	9	rs62439778	0.149951751227393	rs2341768	1	0.975146	0.950909721316
552	rs481769	rs2341768	0	0	4.00534505144163e-14	0.999999999665761	3.34057059184896e-10	2	10	rs80295067	ENSG00000178199	eqtl_rs80295067_ENSG00000178199_B38.txt	rs80295067_ENSG00000178199_LD.unphased.vcor1	552	2	9	rs62439778	0.149951751227393	rs2341768	1	0.609442	0.371419551364
552	rs62439778	rs2341768	0	0	3.88620515815399e-16	0.573731327919593	0.426268672080484	3	10	rs80295067	ENSG00000178199	eqtl_rs80295067_ENSG00000178199_B38.txt	rs80295067_ENSG00000178199_LD.unphased.vcor1	552	2	9	rs62439778	0.149951751227393	rs2341768	1	0.976224	0.953013298176
496	rs2297240	rs4732350	1.99765424840122e-141	3.22623203550985e-136	6.19187211371105e-06	0.999993676772345	1.31355523782916e-07	1	3	rs2297239	ENSG00000105939	eqtl_rs2297239_ENSG00000105939_B38.txt	rs2297239_ENSG00000105939_LD.unphased.vcor1	496	1	9	rs2297240	0.138357684704501	rs10264120	1	0.0622503	0.00387509985009
496	rs2297240	rs7793896	1.90399740714828e-22	3.07497527932353e-17	6.19187261795725e-06	0.999993758371811	4.97555682547135e-08	1	10	rs2297239	ENSG00000105939	eqtl_rs2297239_ENSG00000105939_B38.txt	rs2297239_ENSG00000105939_LD.unphased.vcor1	496	1	9	rs2297240	0.138357684704501	rs10264120	1	0.0571925	0.00327098205625
496	rs2297240	rs6974620	5.91692212855241e-107	9.5558897331859e-102	6.19187235027259e-06	0.999993715053787	9.30738554532858e-08	1	1	rs2297239	ENSG00000105939	eqtl_rs2297239_ENSG00000105939_B38.txt	rs2297239_ENSG00000105939_LD.unphased.vcor1	496	1	9	rs2297240	0.138357684704501	rs10264120	1	0.158545	0.025136517025
496	rs2297240	rs10264120	6.60231471250946e-269	1.06628057638414e-263	6.19187242558565e-06	0.99999372724131	8.08862305596365e-08	1	2	rs2297239	ENSG00000105939	eqtl_rs2297239_ENSG00000105939_B38.txt	rs2297239_ENSG00000105939_LD.unphased.vcor1	496	1	9	rs2297240	0.138357684704501	rs10264120	1	0.114629	0.013139807641
496	rs2297240	rs77206092	9.65513888101615e-79	1.55931480085507e-73	6.19187149814213e-06	0.999993577158072	2.30970422039502e-07	1	6	rs2297239	ENSG00000105939	eqtl_rs2297239_ENSG00000105939_B38.txt	rs2297239_ENSG00000105939_LD.unphased.vcor1	496	1	9	rs2297240	0.138357684704501	rs10264120	1	0.28829	0.0831111241
496	rs2297240	rs4321936	9.03362845013315e-126	1.45894023082513e-120	6.19187257737961e-06	0.999993751805357	5.63220704138369e-08	1	7	rs2297239	ENSG00000105939	eqtl_rs2297239_ENSG00000105939_B38.txt	rs2297239_ENSG00000105939_LD.unphased.vcor1	496	1	9	rs2297240	0.138357684704501	rs10264120	1	0.131272	0.017232337984
496	rs2297240	rs186885982	1.09022310532223e-22	1.76072146171368e-17	6.1918724388044e-06	0.999993729380463	7.87470950367632e-08	1	9	rs2297239	ENSG00000105939	eqtl_rs2297239_ENSG00000105939_B38.txt	rs2297239_ENSG00000105939_LD.unphased.vcor1	496	1	9	rs2297240	0.138357684704501	rs10264120	1	-0.078038	0.006089929444
496	rs2297240	rs146384572	2.67315642999975e-34	4.31717496523552e-29	6.1918725331038e-06	0.999993744640445	6.34870188873984e-08	1	4	rs2297239	ENSG00000105939	eqtl_rs2297239_ENSG00000105939_B38.txt	rs2297239_ENSG00000105939_LD.unphased.vcor1	496	1	9	rs2297240	0.138357684704501	rs10264120	1	-0.0102476	0.00010501330576
496	rs2297240	rs12666903	5.50028425572134e-64	8.88301530879038e-59	6.18267973951187e-06	0.998506123816408	0.00148769350386007	1	5	rs2297239	ENSG00000105939	eqtl_rs2297239_ENSG00000105939_B38.txt	rs2297239_ENSG00000105939_LD.unphased.vcor1	496	1	9	rs2297240	0.138357684704501	rs10264120	1	0.676947	0.458257240809
852	rs889560	rs8058314	0	0	3.0991350370764e-08	0.16155625886706	0.838443710141915	1	1	rs889561	ENSG00000184939	eqtl_rs889561_ENSG00000184939_B38.txt	rs889561_ENSG00000184939_LD.unphased.vcor1	852	1	5	rs111362836	0.0717387595189394	rs12919687	1	-0.998423	0.996848486929
852	rs889560	rs113703890	4.07916857763748e-258	2.14852051684579e-251	1.89859382589909e-07	0.99999980643931	3.7012587075083e-09	1	2	rs889561	ENSG00000184939	eqtl_rs889561_ENSG00000184939_B38.txt	rs889561_ENSG00000184939_LD.unphased.vcor1	852	1	5	rs111362836	0.0717387595189394	rs12919687	1	0.340372	0.115853098384
852	rs889560	rs12919687	0	0	1.89856639794751e-07	0.999985331027617	1.44791178194647e-05	1	3	rs889561	ENSG00000184939	eqtl_rs889561_ENSG00000184939_B38.txt	rs889561_ENSG00000184939_LD.unphased.vcor1	852	1	5	rs111362836	0.0717387595189394	rs12919687	1	-0.86725	0.7521225625
852	rs889560	rs8046299	0	0	6.94821830907175e-08	0.36469587029941	0.635304060217284	1	4	rs889561	ENSG00000184939	eqtl_rs889561_ENSG00000184939_B38.txt	rs889561_ENSG00000184939_LD.unphased.vcor1	852	1	5	rs111362836	0.0717387595189394	rs12919687	1	-0.865868	0.749727393424
852	rs889560	rs62055317	0	0	5.11949543083809e-08	0.268183005122665	0.731816943676642	1	10	rs889561	ENSG00000184939	eqtl_rs889561_ENSG00000184939_B38.txt	rs889561_ENSG00000184939_LD.unphased.vcor1	852	1	5	rs111362836	0.0717387595189394	rs12919687	1	0.867377	0.752342860129
