nsnps	hit1	hit2	PP.H0.abf	PP.H1.abf	PP.H2.abf	PP.H3.abf	PP.H4.abf	idx1	idx2	locus	gene	eqtl_file	ld_file	n_snps	SLE_signals	eqtl_signals	top_sle_snp	top_sle_pip	top_eqtl_snp	top_eqtl_pip	ld_between_hits	r2_between_hits
423	rs9899849	rs61759532	1.47326104969095e-250	2.32370787715044e-247	3.91771203465318e-06	0.00418761268016459	0.99580846960783	1	1	rs61759532	ENSG00000072818	eqtl_rs61759532_ENSG00000072818_B38.txt	rs61759532_ENSG00000072818_LD.unphased.vcor1	423	1	10	rs9899849	0.674681802017956	rs12938311	1	0.927491	0.860239555081
423	rs9899849	rs148570698	1.03389694359448e-87	1.63071878707179e-84	0.000633578085498782	0.999313891853171	5.25300613304769e-05	1	2	rs61759532	ENSG00000072818	eqtl_rs61759532_ENSG00000072818_B38.txt	rs61759532_ENSG00000072818_LD.unphased.vcor1	423	1	10	rs9899849	0.674681802017956	rs12938311	1	0.26214	0.0687173796
423	rs9899849	rs7502613	0	0	0.000633595377253475	0.99934122004736	2.51845764369817e-05	1	3	rs61759532	ENSG00000072818	eqtl_rs61759532_ENSG00000072818_B38.txt	rs61759532_ENSG00000072818_LD.unphased.vcor1	423	1	10	rs9899849	0.674681802017956	rs12938311	1	-0.211236	0.044620647696
423	rs9899849	rs4796402	0	0	0.000633600358795599	0.999349092975209	1.73066676281888e-05	1	4	rs61759532	ENSG00000072818	eqtl_rs61759532_ENSG00000072818_B38.txt	rs61759532_ENSG00000072818_LD.unphased.vcor1	423	1	10	rs9899849	0.674681802017956	rs12938311	1	-0.270264	0.073042629696
423	rs9899849	rs3809811	0	0	0.000633599974004116	0.9993484848395	1.79151926653034e-05	1	5	rs61759532	ENSG00000072818	eqtl_rs61759532_ENSG00000072818_B38.txt	rs61759532_ENSG00000072818_LD.unphased.vcor1	423	1	10	rs9899849	0.674681802017956	rs12938311	1	-0.263866	0.069625265956
423	rs9899849	rs12938311	0	0	0.00063325167988049	0.998798034698258	0.000568713622645203	1	6	rs61759532	ENSG00000072818	eqtl_rs61759532_ENSG00000072818_B38.txt	rs61759532_ENSG00000072818_LD.unphased.vcor1	423	1	10	rs9899849	0.674681802017956	rs12938311	1	-0.375653	0.141115176409
423	rs9899849	rs11658072	0	0	0.000633472817584553	0.999147524597551	0.00021900258334252	1	7	rs61759532	ENSG00000072818	eqtl_rs61759532_ENSG00000072818_B38.txt	rs61759532_ENSG00000072818_LD.unphased.vcor1	423	1	10	rs9899849	0.674681802017956	rs12938311	1	0.419311	0.175821714721
423	rs9899849	rs12949199	0	0	0.000633514890565637	0.999214017474427	0.00015246763509458	1	8	rs61759532	ENSG00000072818	eqtl_rs61759532_ENSG00000072818_B38.txt	rs61759532_ENSG00000072818_LD.unphased.vcor1	423	1	10	rs9899849	0.674681802017956	rs12938311	1	-0.362666	0.131526627556
423	rs9899849	rs4796397	0	0	0.000633477881033426	0.999155526961487	0.000210995157845666	1	9	rs61759532	ENSG00000072818	eqtl_rs61759532_ENSG00000072818_B38.txt	rs61759532_ENSG00000072818_LD.unphased.vcor1	423	1	10	rs9899849	0.674681802017956	rs12938311	1	-0.414433	0.171754711489
423	rs9899849	rs35776863	1.10107081174096e-142	1.73666908459941e-139	0.000166122568378604	0.260539007749422	0.739294869682178	1	10	rs61759532	ENSG00000072818	eqtl_rs61759532_ENSG00000072818_B38.txt	rs61759532_ENSG00000072818_LD.unphased.vcor1	423	1	10	rs9899849	0.674681802017956	rs12938311	1	0.903761	0.816783945121
										rs1848486	ENSG00000164199	eqtl_rs1848486_ENSG00000164199_B38.txt	rs1848486_ENSG00000164199_LD.unphased.vcor1	77	0	0	rs10036206	0	rs1877216	0.617580674849212		
										rs56023922	ENSG00000172493	eqtl_rs56023922_ENSG00000172493_B38.txt	rs56023922_ENSG00000172493_LD.unphased.vcor1	246	0	1	rs10012566	0	rs340643	0.187128145660215		
										rs2309756	ENSG00000144218	eqtl_rs2309756_ENSG00000144218_B38.txt	rs2309756_ENSG00000144218_LD.unphased.vcor1	458	0	4	rs10164818	0	rs28425639	1		
										rs10489845	ENSG00000163565	eqtl_rs10489845_ENSG00000163565_B38.txt	rs10489845_ENSG00000163565_LD.unphased.vcor1	323	0	9	rs72704995	0.0316064116559518	rs2276404	0.999999999965268		
										rs10489845	ENSG00000163568	eqtl_rs10489845_ENSG00000163568_B38.txt	rs10489845_ENSG00000163568_LD.unphased.vcor1	287	0	5	rs72704995	0.0363891865221736	rs11590737	0.99999790683492		
										rs4282898	ENSG00000057608	eqtl_rs4282898_ENSG00000057608_B38.txt	rs4282898_ENSG00000057608_LD.unphased.vcor1	978	0	6	rs12250878	0.0156641760638386	rs2797488	1		
										rs4282898	ENSG00000134461	eqtl_rs4282898_ENSG00000134461_B38.txt	rs4282898_ENSG00000134461_LD.unphased.vcor1	237	0	4	rs12250878	0.0174628851998313	rs61834543	0.99605409223277		
										rs12642710	ENSG00000152784	eqtl_rs12642710_ENSG00000152784_B38.txt	rs12642710_ENSG00000152784_LD.unphased.vcor1	315	0	10	rs12711161	0.0420563226823918	rs1458042	0.999999999999995		
										rs12642710	ENSG00000163297	eqtl_rs12642710_ENSG00000163297_B38.txt	rs12642710_ENSG00000163297_LD.unphased.vcor1	251	0	8	rs28377689	0.0519503893645014	rs10026615	1		
102	rs10411830	rs71335282	5.04492739391466e-13	4.3304826939484e-12	0.104225880138418	0.894655574526983	0.00111854532976339	1	1	rs10411830	ENSG00000116017	eqtl_rs10411830_ENSG00000116017_B38.txt	rs10411830_ENSG00000116017_LD.unphased.vcor1	102	1	2	rs10411830	0.227464527418874	rs71335282	0.955353961154067	-0.256434	0.065758396356
102	rs10411830	rs34061764	0.053822496386158	0.462003456038837	0.0503296825812774	0.432018064248266	0.00182630074546177	1	2	rs10411830	ENSG00000116017	eqtl_rs10411830_ENSG00000116017_B38.txt	rs10411830_ENSG00000116017_LD.unphased.vcor1	102	1	2	rs10411830	0.227464527418874	rs71335282	0.955353961154067	-0.107813	0.011623642969
										rs9670479	ENSG00000136144	eqtl_rs9670479_ENSG00000136144_B38.txt	rs9670479_ENSG00000136144_LD.unphased.vcor1	989	0	6	rs9535343	0.028296468823383	rs12585829	1		
										rs9670479	ENSG00000152213	eqtl_rs9670479_ENSG00000152213_B38.txt	rs9670479_ENSG00000152213_LD.unphased.vcor1	661	0	6	rs9535343	0.039916340024601	rs2002407	1		
										rs12274090	ENSG00000168010	eqtl_rs12274090_ENSG00000168010_B38.txt	rs12274090_ENSG00000168010_LD.unphased.vcor1	93	0	6	rs72968151	0.839967202120935	rs10437750	1		
										rs12274090	ENSG00000214530	eqtl_rs12274090_ENSG00000214530_B38.txt	rs12274090_ENSG00000214530_LD.unphased.vcor1	178	0	2	rs72968151	0.728481097866171	rs593753	1		
201	rs6923419	rs34622269	0.0315312410397662	0.0191473988818136	0.555063807686896	0.336948808504102	0.0573087438874222	2	1	rs548234	ENSG00000057657	eqtl_rs548234_ENSG00000057657_B38.txt	rs548234_ENSG00000057657_LD.unphased.vcor1	201	2	2	rs6923419	0.355234108648821	rs1883230	0.958034268757763	0.0333223	0.00111037567729
201	rs6937876	rs34622269	5.03827794047791e-11	0.0537303298320316	8.8691901923544e-10	0.945847161004863	0.000422508225805091	1	1	rs548234	ENSG00000057657	eqtl_rs548234_ENSG00000057657_B38.txt	rs548234_ENSG00000057657_LD.unphased.vcor1	201	2	2	rs6923419	0.355234108648821	rs1883230	0.958034268757763	0.256684	0.065886675856
201	rs6923419	rs1883230	0.592241001006558	0.359639338842885	0.0280055542913131	0.0170001918764088	0.0031139139828354	2	4	rs548234	ENSG00000057657	eqtl_rs548234_ENSG00000057657_B38.txt	rs548234_ENSG00000057657_LD.unphased.vcor1	201	2	2	rs6923419	0.355234108648821	rs1883230	0.958034268757763	0.218941	0.047935161481
201	rs6937876	rs1883230	8.91792702225703e-10	0.951045507978478	4.21705840972367e-11	0.0449645169946692	0.00398997409288964	1	4	rs548234	ENSG00000057657	eqtl_rs548234_ENSG00000057657_B38.txt	rs548234_ENSG00000057657_LD.unphased.vcor1	201	2	2	rs6923419	0.355234108648821	rs1883230	0.958034268757763	-0.301886	0.091135156996
270	rs6923419	rs74525730	0.00315868228128729	0.16885609865228	0.0151902373336545	0.812034634051353	0.000760347681425263	2	1	rs548234	ENSG00000057663	eqtl_rs548234_ENSG00000057663_B38.txt	rs548234_ENSG00000057663_LD.unphased.vcor1	270	3	1	rs11152964	0.940896951745207	rs75311326	0.667346182772352	-0.129597	0.016795382409
270	rs11152964	rs74525730	0.00305372378058764	0.16901411381736	0.0146854874430886	0.812795153347956	0.00045152161100726	3	1	rs548234	ENSG00000057663	eqtl_rs548234_ENSG00000057663_B38.txt	rs548234_ENSG00000057663_LD.unphased.vcor1	270	3	1	rs11152964	0.940896951745207	rs75311326	0.667346182772352	0.0541004	0.00292685328016
270	rs802791	rs74525730	0.000112269481516563	0.17195879437177	0.000539908708028686	0.826956284840077	0.000432742598607443	1	1	rs548234	ENSG00000057663	eqtl_rs548234_ENSG00000057663_B38.txt	rs548234_ENSG00000057663_LD.unphased.vcor1	270	3	1	rs11152964	0.940896951745207	rs75311326	0.667346182772352	0.132507	0.017558105049
27	rs2876430	rs76154441	2.14311107198127e-05	1.11860635923118e-06	0.928629948918398	0.0484244071649334	0.0229230941995892	1	1	rs2206255	ENSG00000229931	eqtl_rs2206255_ENSG00000229931_B38.txt	rs2206255_ENSG00000229931_LD.unphased.vcor1	27	1	3	rs2876430	0.581090105056074	rs76154441	0.999993747969445	-0.0482896	0.00233188546816
27	rs2876430	rs475395	0.256992841314224	0.0134138556946195	0.683603193258702	0.0356603132304431	0.0103297965020116	1	2	rs2206255	ENSG00000229931	eqtl_rs2206255_ENSG00000229931_B38.txt	rs2206255_ENSG00000229931_LD.unphased.vcor1	27	1	3	rs2876430	0.581090105056074	rs76154441	0.999993747969445	0.0281249	0.00079101000001
27	rs2876430	rs631690	0.945084448683888	0.0493291032895903	0.00513108372378092	0.000267443356010393	0.000187920946730737	1	3	rs2206255	ENSG00000229931	eqtl_rs2206255_ENSG00000229931_B38.txt	rs2206255_ENSG00000229931_LD.unphased.vcor1	27	1	3	rs2876430	0.581090105056074	rs76154441	0.999993747969445	-0.102707	0.010548727849
										rs11065979	ENSG00000089234	eqtl_rs11065979_ENSG00000089234_B38.txt	rs11065979_ENSG00000089234_LD.unphased.vcor1	217	1	0	rs7137828	0.271202613307848	rs10744775	0.0996915911099759		
276	rs4235840	rs1010473	3.81258044714974e-292	8.00212286700576e-292	0.321453834320094	0.674683107022301	0.00386305865760598	1	5	rs3757247	ENSG00000112182	eqtl_rs3757247_ENSG00000112182_B38.txt	rs3757247_ENSG00000112182_LD.unphased.vcor1	276	1	5	rs140193250	0.226090845815221	rs72928038	0.999975057847945	0.0325054	0.00105660102916
276	rs4235840	rs72928038	2.06353931957431e-59	4.33110734449561e-59	0.320567877233324	0.672818093508477	0.0066140292581968	1	1	rs3757247	ENSG00000112182	eqtl_rs3757247_ENSG00000112182_B38.txt	rs3757247_ENSG00000112182_LD.unphased.vcor1	276	1	5	rs140193250	0.226090845815221	rs72928038	0.999975057847945	0.0920112	0.00846606092544
276	rs4235840	rs17513415	6.8302944274236e-244	1.43359218208574e-243	0.32144451243475	0.674663483676608	0.00389200388866227	1	6	rs3757247	ENSG00000112182	eqtl_rs3757247_ENSG00000112182_B38.txt	rs3757247_ENSG00000112182_LD.unphased.vcor1	276	1	5	rs140193250	0.226090845815221	rs72928038	0.999975057847945	0.0284049	0.00080683834401
276	rs4235840	rs206916	4.28671073338801e-27	8.99726221109045e-27	0.321134864726745	0.674011649441633	0.00485348583161971	1	2	rs3757247	ENSG00000112182	eqtl_rs3757247_ENSG00000112182_B38.txt	rs3757247_ENSG00000112182_LD.unphased.vcor1	276	1	5	rs140193250	0.226090845815221	rs72928038	0.999975057847945	-0.199057	0.039623689249
276	rs4235840	rs17765013	0.214818224661956	0.450876211438923	0.107006773670462	0.224588226766604	0.00271056346205541	1	4	rs3757247	ENSG00000112182	eqtl_rs3757247_ENSG00000112182_B38.txt	rs3757247_ENSG00000112182_LD.unphased.vcor1	276	1	5	rs140193250	0.226090845815221	rs72928038	0.999975057847945	-0.0489848	0.00239951063104
175	rs10031210	rs11930376	0	0	0.218598192540696	0.767740846254114	0.0136609611331098	1	1	rs13136297	ENSG00000153064	eqtl_rs13136297_ENSG00000153064_B38.txt	rs13136297_ENSG00000153064_LD.unphased.vcor1	175	1	3	rs10031210	0.108190385466671	rs111541987	1	0.434746	0.189004084516
175	rs10031210	rs111541987	0	0	0.218959018279121	0.769011413783836	0.0120295678228774	1	3	rs13136297	ENSG00000153064	eqtl_rs13136297_ENSG00000153064_B38.txt	rs13136297_ENSG00000153064_LD.unphased.vcor1	175	1	3	rs10031210	0.108190385466671	rs111541987	1	0.434746	0.189004084516
175	rs10031210	rs4698973	4.76916383682839e-09	1.67504229553826e-08	0.218665772636934	0.767978814473016	0.0133553913704624	1	2	rs13136297	ENSG00000153064	eqtl_rs13136297_ENSG00000153064_B38.txt	rs13136297_ENSG00000153064_LD.unphased.vcor1	175	1	3	rs10031210	0.108190385466671	rs111541987	1	0.0532092	0.00283121896464
60	rs149386066	rs12907597	0.122599050438068	0.0165243639071802	0.749860930245818	0.101049160505481	0.00996649490345334	2	1	rs72736584	ENSG00000086666	eqtl_rs72736584_ENSG00000086666_B38.txt	rs72736584_ENSG00000086666_LD.unphased.vcor1	60	2	1	rs149386066	0.416835698565818	rs12907597	0.579756681046174	0.0827168	0.00684206900224
60	rs62025525	rs12907597	0.00949329780563323	0.00375351205392185	0.0580645045634245	0.0211427698353535	0.907545915741667	1	1	rs72736584	ENSG00000086666	eqtl_rs72736584_ENSG00000086666_B38.txt	rs72736584_ENSG00000086666_LD.unphased.vcor1	60	2	1	rs149386066	0.416835698565818	rs12907597	0.579756681046174	-0.821661	0.675126798921
										rs72736584	ENSG00000140379	eqtl_rs72736584_ENSG00000140379_B38.txt	rs72736584_ENSG00000140379_LD.unphased.vcor1	320	0	5	rs149386066	0.0917864632910765	rs2461645	0.99999999999374		
188	rs72836345	rs72837850	0	0	0.620966250520395	0.271207285483612	0.107826463996077	1	5	rs75543804	ENSG00000153094	eqtl_rs75543804_ENSG00000153094_B38.txt	rs75543804_ENSG00000153094_LD.unphased.vcor1	188	1	7	rs72836345	0.10389715635906	rs185241389	1	0.827615	0.684946588225
188	rs72836345	rs56308728	5.57460409041411e-09	2.43664679269349e-09	0.63642996178735	0.278010973387688	0.0855590568137117	1	3	rs75543804	ENSG00000153094	eqtl_rs75543804_ENSG00000153094_B38.txt	rs75543804_ENSG00000153094_LD.unphased.vcor1	188	1	7	rs72836345	0.10389715635906	rs185241389	1	0.375866	0.141275249956
188	rs72836345	rs185241389	0	0	0.583402614515875	0.254680123866177	0.161917261617914	1	4	rs75543804	ENSG00000153094	eqtl_rs75543804_ENSG00000153094_B38.txt	rs75543804_ENSG00000153094_LD.unphased.vcor1	188	1	7	rs72836345	0.10389715635906	rs185241389	1	-0.807095	0.651402339025
188	rs72836345	rs72837868	0	0	0.599559456783227	0.261788773927297	0.138651769289546	1	7	rs75543804	ENSG00000153094	eqtl_rs75543804_ENSG00000153094_B38.txt	rs75543804_ENSG00000153094_LD.unphased.vcor1	188	1	7	rs72836345	0.10389715635906	rs185241389	1	0.817085	0.667627897225
188	rs72836345	rs17484848	1.32754334742022e-37	5.80266183425549e-38	0.0512714160155484	0.0205542709201037	0.928174313064345	1	1	rs75543804	ENSG00000153094	eqtl_rs75543804_ENSG00000153094_B38.txt	rs75543804_ENSG00000153094_LD.unphased.vcor1	188	1	7	rs72836345	0.10389715635906	rs185241389	1	0.986332	0.972850814224
188	rs72836345	rs13030892	4.45451925919425e-06	1.94706025573571e-06	0.658559642060406	0.287747551701503	0.0536864046585757	1	10	rs75543804	ENSG00000153094	eqtl_rs75543804_ENSG00000153094_B38.txt	rs75543804_ENSG00000153094_LD.unphased.vcor1	188	1	7	rs72836345	0.10389715635906	rs185241389	1	0.457586	0.209384947396
188	rs72836345	rs1980045	7.65886804385852e-25	3.34767383513762e-25	0.687539845620131	0.300498181751908	0.0119619726279598	1	2	rs75543804	ENSG00000153094	eqtl_rs75543804_ENSG00000153094_B38.txt	rs75543804_ENSG00000153094_LD.unphased.vcor1	188	1	7	rs72836345	0.10389715635906	rs185241389	1	0.333346	0.111119555716
1257	rs2618473	rs2409780	0	0	1.88109657017629e-16	0.120164818539662	0.879835181460291	1	1	rs2736332	ENSG00000136573	eqtl_rs2736332_ENSG00000136573_B38.txt	rs2736332_ENSG00000136573_LD.unphased.vcor1	1257	1	7	rs2618473	0.2363029537385	rs11250150	1	-0.953199	0.908588333601
1257	rs2618473	rs62488721	0	0	1.54283736360684e-15	1	6.35223255177354e-16	1	2	rs2736332	ENSG00000136573	eqtl_rs2736332_ENSG00000136573_B38.txt	rs2736332_ENSG00000136573_LD.unphased.vcor1	1257	1	7	rs2618473	0.2363029537385	rs11250150	1	-0.328695	0.108040403025
1257	rs2618473	rs6601581	0	0	1.54283736381171e-15	1	3.10855870658742e-16	1	3	rs2736332	ENSG00000136573	eqtl_rs2736332_ENSG00000136573_B38.txt	rs2736332_ENSG00000136573_LD.unphased.vcor1	1257	1	7	rs2618473	0.2363029537385	rs11250150	1	-0.348567	0.121498953489
1257	rs2618473	rs7008205	0	0	1.5428373635423e-15	1	3.33552485867841e-16	1	4	rs2736332	ENSG00000136573	eqtl_rs2736332_ENSG00000136573_B38.txt	rs2736332_ENSG00000136573_LD.unphased.vcor1	1257	1	7	rs2618473	0.2363029537385	rs11250150	1	-0.350245	0.122671560025
1257	rs2618473	rs11774673	0	0	1.54283736381171e-15	1	3.47086574662525e-16	1	6	rs2736332	ENSG00000136573	eqtl_rs2736332_ENSG00000136573_B38.txt	rs2736332_ENSG00000136573_LD.unphased.vcor1	1257	1	7	rs2618473	0.2363029537385	rs11250150	1	-0.350245	0.122671560025
1257	rs2618473	rs11250150	0	0	1.54283736399132e-15	1	8.68314244893859e-11	1	7	rs2736332	ENSG00000136573	eqtl_rs2736332_ENSG00000136573_B38.txt	rs2736332_ENSG00000136573_LD.unphased.vcor1	1257	1	7	rs2618473	0.2363029537385	rs11250150	1	-0.594572	0.353515863184
1257	rs2618473	rs11778830	0	0	1.54283736399132e-15	1	8.04966543264456e-11	1	8	rs2736332	ENSG00000136573	eqtl_rs2736332_ENSG00000136573_B38.txt	rs2736332_ENSG00000136573_LD.unphased.vcor1	1257	1	7	rs2618473	0.2363029537385	rs11250150	1	0.594572	0.353515863184
1273	rs2618473	rs4840568	0	0	1.02956224020656e-17	0.00891362081486315	0.991086379184925	1	1	rs2736332	ENSG00000154319	eqtl_rs2736332_ENSG00000154319_B38.txt	rs2736332_ENSG00000154319_LD.unphased.vcor1	1273	1	10	rs2618473	0.224708565593363	rs11250150	1	0.969231	0.939408731361
1273	rs2618473	rs11250150	0	0	9.44917167515728e-16	0.999999999901775	9.8252418374386e-11	1	2	rs2736332	ENSG00000154319	eqtl_rs2736332_ENSG00000154319_B38.txt	rs2736332_ENSG00000154319_LD.unphased.vcor1	1273	1	10	rs2618473	0.224708565593363	rs11250150	1	-0.594572	0.353515863184
1273	rs2618473	rs11777505	0	0	9.44917167608328e-16	1	9.92040988461475e-15	1	3	rs2736332	ENSG00000154319	eqtl_rs2736332_ENSG00000154319_B38.txt	rs2736332_ENSG00000154319_LD.unphased.vcor1	1273	1	10	rs2618473	0.224708565593363	rs11250150	1	0.619982	0.384377680324
1273	rs2618473	rs2409768	0	0	9.44917167610047e-16	1	1.90080936114662e-15	1	4	rs2736332	ENSG00000154319	eqtl_rs2736332_ENSG00000154319_B38.txt	rs2736332_ENSG00000154319_LD.unphased.vcor1	1273	1	10	rs2618473	0.224708565593363	rs11250150	1	0.474288	0.224949106944
1273	rs2618473	rs11779875	0	0	9.44917167606609e-16	1	8.66862123897648e-15	1	5	rs2736332	ENSG00000154319	eqtl_rs2736332_ENSG00000154319_B38.txt	rs2736332_ENSG00000154319_LD.unphased.vcor1	1273	1	10	rs2618473	0.224708565593363	rs11250150	1	-0.555438	0.308511371844
1273	rs2618473	rs11782893	0	0	9.44917167630672e-16	1	5.99369546549312e-15	1	6	rs2736332	ENSG00000154319	eqtl_rs2736332_ENSG00000154319_B38.txt	rs2736332_ENSG00000154319_LD.unphased.vcor1	1273	1	10	rs2618473	0.224708565593363	rs11250150	1	-0.461691	0.213158579481
1273	rs2618473	rs28668864	0	0	9.44917167608328e-16	1	5.64087778960632e-18	1	7	rs2736332	ENSG00000154319	eqtl_rs2736332_ENSG00000154319_B38.txt	rs2736332_ENSG00000154319_LD.unphased.vcor1	1273	1	10	rs2618473	0.224708565593363	rs11250150	1	-0.179619	0.032262985161
1273	rs2618473	rs1806283	0	0	9.44917167630672e-16	1	4.14531659362833e-15	1	8	rs2736332	ENSG00000154319	eqtl_rs2736332_ENSG00000154319_B38.txt	rs2736332_ENSG00000154319_LD.unphased.vcor1	1273	1	10	rs2618473	0.224708565593363	rs11250150	1	0.47039	0.2212667521
1273	rs2618473	rs6601581	0	0	9.44917167438167e-16	1	2.23475865670672e-16	1	9	rs2736332	ENSG00000154319	eqtl_rs2736332_ENSG00000154319_B38.txt	rs2736332_ENSG00000154319_LD.unphased.vcor1	1273	1	10	rs2618473	0.224708565593363	rs11250150	1	-0.348567	0.121498953489
1273	rs2618473	rs7008205	0	0	9.44917167438167e-16	1	2.40142890661164e-16	1	10	rs2736332	ENSG00000154319	eqtl_rs2736332_ENSG00000154319_B38.txt	rs2736332_ENSG00000154319_LD.unphased.vcor1	1273	1	10	rs2618473	0.224708565593363	rs11250150	1	-0.350245	0.122671560025
										rs78382932	ENSG00000138756	eqtl_rs78382932_ENSG00000138756_B38.txt	rs78382932_ENSG00000138756_LD.unphased.vcor1	416	0	7	rs10001246	0	rs28411173	1		
										rs72730583	ENSG00000138621	eqtl_rs72730583_ENSG00000138621_B38.txt	rs72730583_ENSG00000138621_LD.unphased.vcor1	455	0	3	rs72730583	0.120730514080075	rs4886651	0.400392425123436		
										rs72730583	ENSG00000167173	eqtl_rs72730583_ENSG00000167173_B38.txt	rs72730583_ENSG00000167173_LD.unphased.vcor1	315	0	3	rs72730583	0.120780074895088	rs77423290	0.999444377349012		
										rs229527	ENSG00000133466	eqtl_rs229527_ENSG00000133466_B38.txt	rs229527_ENSG00000133466_LD.unphased.vcor1	442	0	6	rs64547	0.282193859685347	rs10854698	1		
30	rs6741056	rs68059105	2.94339953672885e-213	2.07159584794522e-214	0.922905473302399	0.0649307396085781	0.0121637870890264	1	1	rs4853373	ENSG00000115998	eqtl_rs4853373_ENSG00000115998_B38.txt	rs4853373_ENSG00000115998_LD.unphased.vcor1	30	1	4	rs6741056	0.408979218369234	rs77116067	0.999999999995215	0.0583957	0.00341005777849
30	rs6741056	rs77116067	2.11227636095871e-08	1.48664253169579e-09	0.876634424330973	0.0615748802784445	0.0617906727811778	1	2	rs4853373	ENSG00000115998	eqtl_rs4853373_ENSG00000115998_B38.txt	rs4853373_ENSG00000115998_LD.unphased.vcor1	30	1	4	rs6741056	0.408979218369234	rs77116067	0.999999999995215	-0.0243078	0.00059086914084
30	rs6741056	rs10180088	5.50910893303609e-91	3.87736936462204e-92	0.91863778264286	0.064621220589022	0.0167409967681291	1	3	rs4853373	ENSG00000115998	eqtl_rs4853373_ENSG00000115998_B38.txt	rs4853373_ENSG00000115998_LD.unphased.vcor1	30	1	4	rs6741056	0.408979218369234	rs77116067	0.999999999995215	-0.0847095	0.00717569939025
30	rs6741056	rs1871238	9.47265928576716e-49	6.66695818917028e-50	0.916676558785925	0.064478980643877	0.0188444605701914	1	4	rs4853373	ENSG00000115998	eqtl_rs4853373_ENSG00000115998_B38.txt	rs4853373_ENSG00000115998_LD.unphased.vcor1	30	1	4	rs6741056	0.408979218369234	rs77116067	0.999999999995215	-0.0437285	0.00191218171225
										rs6602587	ENSG00000183049	eqtl_rs6602587_ENSG00000183049_B38.txt	rs6602587_ENSG00000183049_LD.unphased.vcor1	610	0	9	rs140746756	0.0189650405958343	rs4750256	0.999999996823471		
										rs4722276	ENSG00000198286	eqtl_rs4722276_ENSG00000198286_B38.txt	rs4722276_ENSG00000198286_LD.unphased.vcor1	120	0	2	rs73051435	0.359711436354984	rs1878805	0.999548029657756		
										rs223886	ENSG00000102934	eqtl_rs223886_ENSG00000102934_B38.txt	rs223886_ENSG00000102934_LD.unphased.vcor1	313	0	9	rs223881	0.46584160061247	rs72778735	1		
										rs10848975	ENSG00000111224	eqtl_rs10848975_ENSG00000111224_B38.txt	rs10848975_ENSG00000111224_LD.unphased.vcor1	113	0	3	rs11063013	0.290923353810419	rs74852390	0.999999592987842		
										rs4810485	ENSG00000101017	eqtl_rs4810485_ENSG00000101017_B38.txt	rs4810485_ENSG00000101017_LD.unphased.vcor1	36	0	4	rs847104	0.181357602135891	rs6017883	0.97746792599308		
42	rs1267501	rs7762112	0.608436769084559	0.291679384047612	0.0648017807255363	0.0310573701349008	0.0040246960073918	1	2	rs74405933	ENSG00000112149	eqtl_rs74405933_ENSG00000112149_B38.txt	rs74405933_ENSG00000112149_LD.unphased.vcor1	42	1	2	rs1267501	0.107085601379804	rs9396503	0.435449609736918	-0.195648	0.038278139904
42	rs1267501	rs9396503	0.579735017222467	0.277920009648168	0.0949491198475926	0.0455140324551829	0.00188182082658973	1	1	rs74405933	ENSG00000112149	eqtl_rs74405933_ENSG00000112149_B38.txt	rs74405933_ENSG00000112149_LD.unphased.vcor1	42	1	2	rs1267501	0.107085601379804	rs9396503	0.435449609736918	-0.0687319	0.00472407407761
126	rs1267501	rs7451187	0	0	0.668208127902804	0.322280006458979	0.00951186563604899	1	1	rs74405933	ENSG00000180537	eqtl_rs74405933_ENSG00000180537_B38.txt	rs74405933_ENSG00000180537_LD.unphased.vcor1	126	1	2	rs1267501	0.106393853550874	rs7451187	1	0.0260273	0.00067742034529
126	rs1267501	rs9296948	0	0	0.668044389687679	0.322200543662671	0.00975506665424492	1	2	rs74405933	ENSG00000180537	eqtl_rs74405933_ENSG00000180537_B38.txt	rs74405933_ENSG00000180537_LD.unphased.vcor1	126	1	2	rs1267501	0.106393853550874	rs7451187	1	0.0260273	0.00067742034529
										rs888096	ENSG00000115828	eqtl_rs888096_ENSG00000115828_B38.txt	rs888096_ENSG00000115828_LD.unphased.vcor1	390	0	4	rs10048628	0	rs11124562	1		
										rs3886536	ENSG00000008282	eqtl_rs3886536_ENSG00000008282_B38.txt	rs3886536_ENSG00000008282_LD.unphased.vcor1	146	0	10	rs572003	0.403234739983646	rs13222640	1		
										rs3886536	ENSG00000128536	eqtl_rs3886536_ENSG00000128536_B38.txt	rs3886536_ENSG00000128536_LD.unphased.vcor1	263	0	7	rs1002709	0	rs10267043	0.99762269641297		
										rs12917656	ENSG00000038532	eqtl_rs12917656_ENSG00000038532_B38.txt	rs12917656_ENSG00000038532_LD.unphased.vcor1	358	0	4	rs1079186	0.100909915009619	rs11648123	1		
										rs6831973	ENSG00000109684	eqtl_rs6831973_ENSG00000109684_B38.txt	rs6831973_ENSG00000109684_LD.unphased.vcor1	136	0	1	rs4697785	0.233508277166869	rs34431762	0.872220159601028		
										rs170934	ENSG00000187118	eqtl_rs170934_ENSG00000187118_B38.txt	rs170934_ENSG00000187118_LD.unphased.vcor1	180	0	7	rs2581187	0.317364815971702	rs115319228	1		
										rs28475641	ENSG00000145287	eqtl_rs28475641_ENSG00000145287_B38.txt	rs28475641_ENSG00000145287_LD.unphased.vcor1	336	0	10	rs10000015	0	rs10007874	1		
										rs28475641	ENSG00000173085	eqtl_rs28475641_ENSG00000173085_B38.txt	rs28475641_ENSG00000173085_LD.unphased.vcor1	398	0	5	rs10000015	0	rs57502121	1		
										rs3795982	ENSG00000144579	eqtl_rs3795982_ENSG00000144579_B38.txt	rs3795982_ENSG00000144579_LD.unphased.vcor1	184	0	3	rs10167446	0	rs113329814	0.999998700015509		
										rs3087243	ENSG00000163599	eqtl_rs3087243_ENSG00000163599_B38.txt	rs3087243_ENSG00000163599_LD.unphased.vcor1	346	0	3	rs733618	0.112856534762035	rs76482133	0.269474540885725		
114	rs61900138	rs583213	0.134348284569574	0.0485867180723698	0.593237663702992	0.214524297908214	0.00930303574684994	1	1	rs61150131	ENSG00000110367	eqtl_rs61150131_ENSG00000110367_B38.txt	rs61150131_ENSG00000110367_LD.unphased.vcor1	114	1	1	rs61900138	0.946074975377557	rs583213	0.273286631457146	-0.132865	0.017653108225
										rs61150131	ENSG00000160683	eqtl_rs61150131_ENSG00000160683_B38.txt	rs61150131_ENSG00000160683_LD.unphased.vcor1	198	1	0	rs61900138	0.950608452881291	rs7951159	0.375097650983331		
										rs7252748	ENSG00000256612	eqtl_rs7252748_ENSG00000256612_B38.txt	rs7252748_ENSG00000256612_LD.unphased.vcor1	450	0	8	rs1017384	0	rs10418318	1		
										rs146788138	ENSG00000145358	eqtl_rs146788138_ENSG00000145358_B38.txt	rs146788138_ENSG00000145358_LD.unphased.vcor1	40	0	0	rs6853900	0.178618378731974	rs28579029	0.400216379517939		
										rs111344337	ENSG00000145214	eqtl_rs111344337_ENSG00000145214_B38.txt	rs111344337_ENSG00000145214_LD.unphased.vcor1	1233	0	7	rs13106356	0.062701960760146	rs111344337	1		
69	rs7859374	rs10964528	1.32705710349339e-11	9.96508490019262e-12	0.566310709003784	0.425234896899435	0.00845439407354484	1	2	rs76201203	ENSG00000080503	eqtl_rs76201203_ENSG00000080503_B38.txt	rs76201203_ENSG00000080503_LD.unphased.vcor1	69	1	4	rs7859374	0.990170639513592	rs10964528	0.999999999797802	0.0202056	0.00040826627136
69	rs7859374	rs17530185	0.28770933412562	0.216045559274908	0.279552898057952	0.209907190412485	0.00678501812903459	1	3	rs76201203	ENSG00000080503	eqtl_rs76201203_ENSG00000080503_B38.txt	rs76201203_ENSG00000080503_LD.unphased.vcor1	69	1	4	rs7859374	0.990170639513592	rs10964528	0.999999999797802	0.0857782	0.00735789959524
69	rs7859374	rs7852483	8.62419605901726e-06	6.47604731535516e-06	0.56371096370776	0.423273614552898	0.0130003214959674	1	1	rs76201203	ENSG00000080503	eqtl_rs76201203_ENSG00000080503_B38.txt	rs76201203_ENSG00000080503_LD.unphased.vcor1	69	1	4	rs7859374	0.990170639513592	rs10964528	0.999999999797802	-0.0511932	0.00262074372624
69	rs7859374	rs7869022	0.555090103184031	0.416826072587547	0.0154345467576816	0.0115879263190541	0.00106135115168623	1	4	rs76201203	ENSG00000080503	eqtl_rs76201203_ENSG00000080503_B38.txt	rs76201203_ENSG00000080503_LD.unphased.vcor1	69	1	4	rs7859374	0.990170639513592	rs10964528	0.999999999797802	0.00463194	2.14548681636e-05
										rs12319783	ENSG00000120860	eqtl_rs12319783_ENSG00000120860_B38.txt	rs12319783_ENSG00000120860_LD.unphased.vcor1	119	0	2	rs12304049	0.184433947824681	rs79343017	0.974338184036481		
										rs12319783	ENSG00000136048	eqtl_rs12319783_ENSG00000136048_B38.txt	rs12319783_ENSG00000136048_LD.unphased.vcor1	236	0	7	rs12304049	0.195687816364313	rs2004898	1		
										rs6942325	ENSG00000112679	eqtl_rs6942325_ENSG00000112679_B38.txt	rs6942325_ENSG00000112679_LD.unphased.vcor1	70	0	3	rs17134028	0.524263383978665	rs9503071	0.999209660784503		
										rs2319516	ENSG00000169413	eqtl_rs2319516_ENSG00000169413_B38.txt	rs2319516_ENSG00000169413_LD.unphased.vcor1	563	0	10	rs72659950	0.126902433039275	rs4982362	1		
										rs16882521	ENSG00000096093	eqtl_rs16882521_ENSG00000096093_B38.txt	rs16882521_ENSG00000096093_LD.unphased.vcor1	26	0	7	rs4398716	0.359179818338707	rs146859132	0.999992983844586		
										rs16882521	ENSG00000170915	eqtl_rs16882521_ENSG00000170915_B38.txt	rs16882521_ENSG00000170915_LD.unphased.vcor1	632	0	10	rs1000868	0	rs471568	1		
										rs9532692	ENSG00000120690	eqtl_rs9532692_ENSG00000120690_B38.txt	rs9532692_ENSG00000120690_LD.unphased.vcor1	183	0	5	rs114604888	0.254736459237996	rs61963324	0.999999934922		
										rs8103622	ENSG00000105656	eqtl_rs8103622_ENSG00000105656_B38.txt	rs8103622_ENSG00000105656_LD.unphased.vcor1	134	0	6	rs404068	0.0812814289406211	rs139531520	0.99982287144616		
										rs61909064	ENSG00000134954	eqtl_rs61909064_ENSG00000134954_B38.txt	rs61909064_ENSG00000134954_LD.unphased.vcor1	180	2	0	rs11600456	0.855960509086941	rs73013527	0.803083349389951		
										rs34051876	ENSG00000138640	eqtl_rs34051876_ENSG00000138640_B38.txt	rs34051876_ENSG00000138640_LD.unphased.vcor1	587	0	3	rs13146548	0.0406628612176031	rs2446298	1		
										rs2544920	ENSG00000113532	eqtl_rs2544920_ENSG00000113532_B38.txt	rs2544920_ENSG00000113532_LD.unphased.vcor1	226	0	10	rs10040211	0	rs11959763	1		
										rs2544920	ENSG00000174132	eqtl_rs2544920_ENSG00000174132_B38.txt	rs2544920_ENSG00000174132_LD.unphased.vcor1	671	0	9	rs10035319	0	rs10085038	1		
										rs113877763	ENSG00000125386	eqtl_rs113877763_ENSG00000125386_B38.txt	rs113877763_ENSG00000125386_LD.unphased.vcor1	306	0	1	rs1269391	0.0987582150625961	rs1290933	0.955750159305777		
228	rs13146313	rs13121085	3.37867182419112e-129	1.51708862520514e-129	0.113253223191596	0.049177737136774	0.837569039671654	1	1	rs113877763	ENSG00000168884	eqtl_rs113877763_ENSG00000168884_B38.txt	rs113877763_ENSG00000168884_LD.unphased.vcor1	228	1	9	rs1269391	0.181367031234986	rs13121085	1	-0.987739	0.975628332121
228	rs13146313	rs1616575	1.51202112239698e-43	6.78926562039675e-44	0.681069910016442	0.3057872016587	0.013142888324857	1	2	rs113877763	ENSG00000168884	eqtl_rs113877763_ENSG00000168884_B38.txt	rs113877763_ENSG00000168884_LD.unphased.vcor1	228	1	9	rs1269391	0.181367031234986	rs13121085	1	-0.155126	0.024064075876
228	rs13146313	rs2880006	0	0	0.327388952588519	0.145950614951997	0.526660432459545	1	3	rs113877763	ENSG00000168884	eqtl_rs113877763_ENSG00000168884_B38.txt	rs113877763_ENSG00000168884_LD.unphased.vcor1	228	1	9	rs1269391	0.181367031234986	rs13121085	1	-0.82682	0.6836313124
228	rs13146313	rs71608235	0	0	0.367939336596634	0.164276269283679	0.467784394119562	1	4	rs113877763	ENSG00000168884	eqtl_rs113877763_ENSG00000168884_B38.txt	rs113877763_ENSG00000168884_LD.unphased.vcor1	228	1	9	rs1269391	0.181367031234986	rs13121085	1	0.842166	0.709243571556
228	rs13146313	rs694651	0	0	0.683195320019161	0.30674772348789	0.0100569564928401	1	5	rs113877763	ENSG00000168884	eqtl_rs113877763_ENSG00000168884_B38.txt	rs113877763_ENSG00000168884_LD.unphased.vcor1	228	1	9	rs1269391	0.181367031234986	rs13121085	1	0.130914	0.017138475396
228	rs13146313	rs232717	0	0	0.683032331057601	0.306674065014863	0.0102936039279137	1	6	rs113877763	ENSG00000168884	eqtl_rs113877763_ENSG00000168884_B38.txt	rs113877763_ENSG00000168884_LD.unphased.vcor1	228	1	9	rs1269391	0.181367031234986	rs13121085	1	0.119334	0.014240603556
228	rs13146313	rs1269391	6.70138161116377e-05	3.00904921947828e-05	0.434024954773264	0.194142079821226	0.371735861097204	1	7	rs113877763	ENSG00000168884	eqtl_rs113877763_ENSG00000168884_B38.txt	rs113877763_ENSG00000168884_LD.unphased.vcor1	228	1	9	rs1269391	0.181367031234986	rs13121085	1	0.0422621	0.00178608509641
228	rs13146313	rs1877722	7.93881331647023e-158	3.5646798525416e-158	0.572198727440635	0.256585801786395	0.171215470772953	1	9	rs113877763	ENSG00000168884	eqtl_rs113877763_ENSG00000168884_B38.txt	rs113877763_ENSG00000168884_LD.unphased.vcor1	228	1	9	rs1269391	0.181367031234986	rs13121085	1	0.771534	0.595264713156
228	rs13146313	rs7439819	4.08681282190357e-07	1.83505755162735e-07	0.682141237289707	0.306271360363709	0.0115868101595479	1	10	rs113877763	ENSG00000168884	eqtl_rs113877763_ENSG00000168884_B38.txt	rs113877763_ENSG00000168884_LD.unphased.vcor1	228	1	9	rs1269391	0.181367031234986	rs13121085	1	0.402901	0.162329215801
										rs2111485	ENSG00000115267	eqtl_rs2111485_ENSG00000115267_B38.txt	rs2111485_ENSG00000115267_LD.unphased.vcor1	12	1	0	rs1990760	0.543580042792438	rs13015258	0.855932695824842		
630	rs10800314	rs74900976	0	0	2.87778539201374e-05	0.999970682165707	5.39980415247866e-07	1	1	rs418215	ENSG00000162747	eqtl_rs418215_ENSG00000162747_B38.txt	rs418215_ENSG00000162747_LD.unphased.vcor1	630	2	9	rs10800314	0.993779943194023	rs112265540	1	0.102091	0.010422572281
630	rs1340978	rs74900976	0	0	0.20598125450114	0.749027366240901	0.044991379257945	2	1	rs418215	ENSG00000162747	eqtl_rs418215_ENSG00000162747_B38.txt	rs418215_ENSG00000162747_LD.unphased.vcor1	630	2	9	rs10800314	0.993779943194023	rs112265540	1	0.111026	0.012326772676
630	rs10800314	rs17411858	0	0	2.87778622303921e-05	0.999970971508685	2.50628931373683e-07	1	2	rs418215	ENSG00000162747	eqtl_rs418215_ENSG00000162747_B38.txt	rs418215_ENSG00000162747_LD.unphased.vcor1	630	2	9	rs10800314	0.993779943194023	rs112265540	1	-0.0898103	0.00806588998609
630	rs1340978	rs17411858	0	0	0.215060666609528	0.782131948353042	0.00280738503757217	2	2	rs418215	ENSG00000162747	eqtl_rs418215_ENSG00000162747_B38.txt	rs418215_ENSG00000162747_LD.unphased.vcor1	630	2	9	rs10800314	0.993779943194023	rs112265540	1	0.136588	0.018656281744
630	rs10800314	rs112732063	0	0	2.87777444578427e-05	0.999966871542135	4.3505096997155e-06	1	3	rs418215	ENSG00000162747	eqtl_rs418215_ENSG00000162747_B38.txt	rs418215_ENSG00000162747_LD.unphased.vcor1	630	2	9	rs10800314	0.993779943194023	rs112265540	1	0.0875466	0.00766440717156
630	rs1340978	rs112732063	0	0	0.212865249064952	0.774127204027394	0.013007546477802	2	3	rs418215	ENSG00000162747	eqtl_rs418215_ENSG00000162747_B38.txt	rs418215_ENSG00000162747_LD.unphased.vcor1	630	2	9	rs10800314	0.993779943194023	rs112265540	1	0.00968954	9.38871854116e-05
630	rs10800314	rs61802300	7.39913913062205e-63	2.57104724779395e-58	2.87778588410538e-05	0.999970853500064	3.68641099192239e-07	1	4	rs418215	ENSG00000162747	eqtl_rs418215_ENSG00000162747_B38.txt	rs418215_ENSG00000162747_LD.unphased.vcor1	630	2	9	rs10800314	0.993779943194023	rs112265540	1	0.165738	0.027469084644
630	rs1340978	rs61802300	5.53072756381223e-59	2.01142768096795e-58	0.21510948004884	0.782309927774053	0.00258059217709799	2	4	rs418215	ENSG00000162747	eqtl_rs418215_ENSG00000162747_B38.txt	rs418215_ENSG00000162747_LD.unphased.vcor1	630	2	9	rs10800314	0.993779943194023	rs112265540	1	-0.125602	0.015775862404
630	rs10800314	rs112265540	0	0	2.87775538203787e-05	0.999960233782422	1.09886948180915e-05	1	5	rs418215	ENSG00000162747	eqtl_rs418215_ENSG00000162747_B38.txt	rs418215_ENSG00000162747_LD.unphased.vcor1	630	2	9	rs10800314	0.993779943194023	rs112265540	1	-0.0875466	0.00766440717156
630	rs1340978	rs112265540	0	0	0.210095802297777	0.764029481454359	0.0258747162516692	2	5	rs418215	ENSG00000162747	eqtl_rs418215_ENSG00000162747_B38.txt	rs418215_ENSG00000162747_LD.unphased.vcor1	630	2	9	rs10800314	0.993779943194023	rs112265540	1	-0.00968954	9.38871854116e-05
630	rs10800314	rs182968886	0	0	2.87440106941255e-05	0.998792343572586	0.00117891241650851	1	6	rs418215	ENSG00000162747	eqtl_rs418215_ENSG00000162747_B38.txt	rs418215_ENSG00000162747_LD.unphased.vcor1	630	2	9	rs10800314	0.993779943194023	rs112265540	1	-0.22889	0.0523906321
630	rs1340978	rs182968886	0	0	0.211771561813209	0.770139493499754	0.0180889446869875	2	6	rs418215	ENSG00000162747	eqtl_rs418215_ENSG00000162747_B38.txt	rs418215_ENSG00000162747_LD.unphased.vcor1	630	2	9	rs10800314	0.993779943194023	rs112265540	1	-0.143439	0.020574746721
630	rs10800314	rs1771568	0	0	2.87778587155323e-05	0.999970849129729	3.73011668395873e-07	1	7	rs418215	ENSG00000162747	eqtl_rs418215_ENSG00000162747_B38.txt	rs418215_ENSG00000162747_LD.unphased.vcor1	630	2	9	rs10800314	0.993779943194023	rs112265540	1	-0.115245	0.013281410025
630	rs1340978	rs1771568	0	0	0.214858325918913	0.781394190893876	0.00374748318714855	2	7	rs418215	ENSG00000162747	eqtl_rs418215_ENSG00000162747_B38.txt	rs418215_ENSG00000162747_LD.unphased.vcor1	630	2	9	rs10800314	0.993779943194023	rs112265540	1	0.147331	0.021706423561
630	rs10800314	rs1674760	0	0	2.87773428630272e-05	0.999952888404753	1.8334252492485e-05	1	8	rs418215	ENSG00000162747	eqtl_rs418215_ENSG00000162747_B38.txt	rs418215_ENSG00000162747_LD.unphased.vcor1	630	2	9	rs10800314	0.993779943194023	rs112265540	1	0.198207	0.039286014849
630	rs1340978	rs1674760	0	0	0.21434842239344	0.779535023921155	0.0061165536851193	2	8	rs418215	ENSG00000162747	eqtl_rs418215_ENSG00000162747_B38.txt	rs418215_ENSG00000162747_LD.unphased.vcor1	630	2	9	rs10800314	0.993779943194023	rs112265540	1	0.0684091	0.00467980496281
630	rs10800314	rs12121021	1.35049009597692e-98	4.69267273278391e-94	2.87778630505476e-05	0.999971000064399	2.22072548213227e-07	1	9	rs418215	ENSG00000162747	eqtl_rs418215_ENSG00000162747_B38.txt	rs418215_ENSG00000162747_LD.unphased.vcor1	630	2	9	rs10800314	0.993779943194023	rs112265540	1	-0.0208366	0.00043416389956
630	rs1340978	rs12121021	1.00806268991875e-94	3.66614550302666e-94	0.214810090968221	0.781218320709138	0.00397158832263902	2	9	rs418215	ENSG00000162747	eqtl_rs418215_ENSG00000162747_B38.txt	rs418215_ENSG00000162747_LD.unphased.vcor1	630	2	9	rs10800314	0.993779943194023	rs112265540	1	-0.153605	0.023594496025
										rs73011567	ENSG00000143297	eqtl_rs73011567_ENSG00000143297_B38.txt	rs73011567_ENSG00000143297_LD.unphased.vcor1	840	0	2	rs1807765	0.0636152629376595	rs1581997	1		
304	rs4932373	rs2238337	0	0	0.478884213266238	0.514175449903931	0.00694033694081107	1	1	rs35346340	ENSG00000140564	eqtl_rs35346340_ENSG00000140564_B38.txt	rs35346340_ENSG00000140564_LD.unphased.vcor1	304	1	4	rs4932373	0.185518893032267	rs2238337	1	-0.0860603	0.00740637523609
304	rs4932373	rs389480	3.36411066011561e-38	3.61212535319435e-38	0.479326443744972	0.514652120955756	0.00602143529926734	1	2	rs35346340	ENSG00000140564	eqtl_rs35346340_ENSG00000140564_B38.txt	rs35346340_ENSG00000140564_LD.unphased.vcor1	304	1	4	rs4932373	0.185518893032267	rs2238337	1	0.042298	0.001789120804
304	rs4932373	rs376702	0	0	0.479105820460798	0.514414315767249	0.00647986367540977	1	3	rs35346340	ENSG00000140564	eqtl_rs35346340_ENSG00000140564_B38.txt	rs35346340_ENSG00000140564_LD.unphased.vcor1	304	1	4	rs4932373	0.185518893032267	rs2238337	1	0.0860603	0.00740637523609
304	rs4932373	rs4702	2.67409210750564e-08	2.87123607817529e-08	0.0817952903752775	0.0861614556218669	0.832043198549575	1	4	rs35346340	ENSG00000140564	eqtl_rs35346340_ENSG00000140564_B38.txt	rs35346340_ENSG00000140564_LD.unphased.vcor1	304	1	4	rs4932373	0.185518893032267	rs2238337	1	-0.599943	0.359931603249
										rs35346340	ENSG00000182511	eqtl_rs35346340_ENSG00000182511_B38.txt	rs35346340_ENSG00000182511_LD.unphased.vcor1	714	0	10	rs4932373	0.172524247071428	rs113028104	1		
										rs7784748	ENSG00000164916	eqtl_rs7784748_ENSG00000164916_B38.txt	rs7784748_ENSG00000164916_LD.unphased.vcor1	379	0	5	rs404449	0.062726615656799	rs145011775	1		
										rs2510066	ENSG00000173264	eqtl_rs2510066_ENSG00000173264_B38.txt	rs2510066_ENSG00000173264_LD.unphased.vcor1	430	0	2	rs11542299	0.0225762106983347	rs685870	0.998424194281627		
										rs77885959	ENSG00000110768	eqtl_rs77885959_ENSG00000110768_B38.txt	rs77885959_ENSG00000110768_LD.unphased.vcor1	560	0	5	rs10430893	0	rs10832917	1		
										rs8047421	ENSG00000155393	eqtl_rs8047421_ENSG00000155393_B38.txt	rs8047421_ENSG00000155393_LD.unphased.vcor1	399	0	7	rs72796311	0.047849850941162	rs2541559	1		
293	rs2293861	rs3130342	0	0	1.01714771850033e-11	0.999999999989541	8.43088745074988e-14	2	1	rs9268807	ENSG00000198502	eqtl_rs9268807_ENSG00000198502_B38.txt	rs9268807_ENSG00000198502_LD.unphased.vcor1	293	4	5	rs185819	0.758673738907039	rs11969759	1	-0.146692	0.021518542864
293	rs185819	rs3130342	0	0	1.94695727910385e-05	0.999979095918421	1.43450877717122e-06	5	1	rs9268807	ENSG00000198502	eqtl_rs9268807_ENSG00000198502_B38.txt	rs9268807_ENSG00000198502_LD.unphased.vcor1	293	4	5	rs185819	0.758673738907039	rs11969759	1	0.395803	0.156660014809
293	rs1270942	rs3130342	0	0	1.19684113210409e-33	1	7.15741613247729e-36	1	1	rs9268807	ENSG00000198502	eqtl_rs9268807_ENSG00000198502_B38.txt	rs9268807_ENSG00000198502_LD.unphased.vcor1	293	4	5	rs185819	0.758673738907039	rs11969759	1	0.0396628	0.00157313770384
293	rs114628044	rs3130342	0	0	0.00896265281902668	0.990933603208474	0.000103743972326201	3	1	rs9268807	ENSG00000198502	eqtl_rs9268807_ENSG00000198502_B38.txt	rs9268807_ENSG00000198502_LD.unphased.vcor1	293	4	5	rs185819	0.758673738907039	rs11969759	1	-0.0446651	0.00199497115801
293	rs2293861	rs183369193	3.29004248395846e-118	3.23457687028481e-107	1.01714771849669e-11	0.999999999986017	3.79407775010092e-12	2	2	rs9268807	ENSG00000198502	eqtl_rs9268807_ENSG00000198502_B38.txt	rs9268807_ENSG00000198502_LD.unphased.vcor1	293	4	5	rs185819	0.758673738907039	rs11969759	1	0.399964	0.159971201296
293	rs185819	rs183369193	6.29758961983356e-112	3.23451267275445e-107	1.94695933109508e-05	0.999980151955994	3.78450716747197e-07	5	2	rs9268807	ENSG00000198502	eqtl_rs9268807_ENSG00000198502_B38.txt	rs9268807_ENSG00000198502_LD.unphased.vcor1	293	4	5	rs185819	0.758673738907039	rs11969759	1	0.148655	0.022098309025
293	rs1270942	rs183369193	3.87127464336405e-140	3.23457687033004e-107	1.19684113210422e-33	1	4.67242431035935e-36	1	2	rs9268807	ENSG00000198502	eqtl_rs9268807_ENSG00000198502_B38.txt	rs9268807_ENSG00000198502_LD.unphased.vcor1	293	4	5	rs185819	0.758673738907039	rs11969759	1	0.0544495	0.00296474805025
293	rs114628044	rs183369193	2.50680756621086e-109	2.77159053733924e-107	0.00775003243609728	0.856592085059435	0.135657882504461	3	2	rs9268807	ENSG00000198502	eqtl_rs9268807_ENSG00000198502_B38.txt	rs9268807_ENSG00000198502_LD.unphased.vcor1	293	4	5	rs185819	0.758673738907039	rs11969759	1	0.622759	0.387828772081
293	rs2293861	rs707938	1.91080898703295e-126	1.87859536255986e-115	1.01714766305654e-11	0.999999945371259	5.46185554594779e-08	2	3	rs9268807	ENSG00000198502	eqtl_rs9268807_ENSG00000198502_B38.txt	rs9268807_ENSG00000198502_LD.unphased.vcor1	293	4	5	rs185819	0.758673738907039	rs11969759	1	-0.719166	0.517199735556
293	rs185819	rs707938	3.6575048449324e-120	1.87853551688034e-115	1.94693584282206e-05	0.999968063939061	1.24667025005712e-05	5	3	rs9268807	ENSG00000198502	eqtl_rs9268807_ENSG00000198502_B38.txt	rs9268807_ENSG00000198502_LD.unphased.vcor1	293	4	5	rs185819	0.758673738907039	rs11969759	1	-0.355949	0.126699690601
293	rs1270942	rs707938	2.24838032307244e-148	1.87859546497982e-115	1.19684113210422e-33	1	5.83282961377231e-29	1	3	rs9268807	ENSG00000198502	eqtl_rs9268807_ENSG00000198502_B38.txt	rs9268807_ENSG00000198502_LD.unphased.vcor1	293	4	5	rs185819	0.758673738907039	rs11969759	1	0.382563	0.146354448969
293	rs114628044	rs707938	1.68349391673216e-117	1.86131391662257e-115	0.00896144991359354	0.990800337971741	0.000238212114691753	3	3	rs9268807	ENSG00000198502	eqtl_rs9268807_ENSG00000198502_B38.txt	rs9268807_ENSG00000198502_LD.unphased.vcor1	293	4	5	rs185819	0.758673738907039	rs11969759	1	-0.127926	0.016365061476
293	rs2293861	rs3021090	0	0	1.01714771833335e-11	1	4.01221762696139e-10	2	4	rs9268807	ENSG00000198502	eqtl_rs9268807_ENSG00000198502_B38.txt	rs9268807_ENSG00000198502_LD.unphased.vcor1	293	4	5	rs185819	0.758673738907039	rs11969759	1	-0.305432	0.093288706624
293	rs185819	rs3021090	0	0	1.94695971866397e-05	0.999980352080666	1.78606489819374e-07	5	4	rs9268807	ENSG00000198502	eqtl_rs9268807_ENSG00000198502_B38.txt	rs9268807_ENSG00000198502_LD.unphased.vcor1	293	4	5	rs185819	0.758673738907039	rs11969759	1	-0.35764	0.1279063696
293	rs1270942	rs3021090	0	0	1.19684113096223e-33	1	1.62010133066821e-34	1	4	rs9268807	ENSG00000198502	eqtl_rs9268807_ENSG00000198502_B38.txt	rs9268807_ENSG00000198502_LD.unphased.vcor1	293	4	5	rs185819	0.758673738907039	rs11969759	1	-0.0738241	0.00544999774081
293	rs114628044	rs3021090	0	0	0.00895845673029169	0.990468735045572	0.000572808268680327	3	4	rs9268807	ENSG00000198502	eqtl_rs9268807_ENSG00000198502_B38.txt	rs9268807_ENSG00000198502_LD.unphased.vcor1	293	4	5	rs185819	0.758673738907039	rs11969759	1	0.0618115	0.00382066153225
293	rs2293861	rs11969759	0	0	1.01714772022794e-11	1	3.78272462695942e-10	2	5	rs9268807	ENSG00000198502	eqtl_rs9268807_ENSG00000198502_B38.txt	rs9268807_ENSG00000198502_LD.unphased.vcor1	293	4	5	rs185819	0.758673738907039	rs11969759	1	0.305432	0.093288706624
293	rs185819	rs11969759	0	0	1.94695972047722e-05	0.999980351149362	1.80177358197296e-07	5	5	rs9268807	ENSG00000198502	eqtl_rs9268807_ENSG00000198502_B38.txt	rs9268807_ENSG00000198502_LD.unphased.vcor1	293	4	5	rs185819	0.758673738907039	rs11969759	1	0.35764	0.1279063696
293	rs1270942	rs11969759	0	0	1.19684113430616e-33	1	1.56024555297108e-34	1	5	rs9268807	ENSG00000198502	eqtl_rs9268807_ENSG00000198502_B38.txt	rs9268807_ENSG00000198502_LD.unphased.vcor1	293	4	5	rs185819	0.758673738907039	rs11969759	1	0.0738241	0.00544999774081
293	rs114628044	rs11969759	0	0	0.00895859497005426	0.990484049610673	0.000557355682676256	3	5	rs9268807	ENSG00000198502	eqtl_rs9268807_ENSG00000198502_B38.txt	rs9268807_ENSG00000198502_LD.unphased.vcor1	293	4	5	rs185819	0.758673738907039	rs11969759	1	-0.0618115	0.00382066153225
181	rs114628044	rs3134954	3.65715702777723e-10	1.2005934324108e-08	0.0295500787880614	0.970086974788577	0.000362934051710348	3	1	rs9268807	ENSG00000204287	eqtl_rs9268807_ENSG00000204287_B38.txt	rs9268807_ENSG00000204287_LD.unphased.vcor1	181	4	3	rs114628044	0.999545655214707	rs28732173	0.936076360383752	0.0455041	0.00207062311681
181	rs2293861	rs3134954	1.12770936931133e-17	1.23761327510625e-08	9.11196879436122e-10	0.999999986622434	9.0232705255843e-11	2	1	rs9268807	ENSG00000204287	eqtl_rs9268807_ENSG00000204287_B38.txt	rs9268807_ENSG00000204287_LD.unphased.vcor1	181	4	3	rs114628044	0.999545655214707	rs28732173	0.936076360383752	0.149065	0.022220374225
181	rs1270942	rs3134954	6.0393914680716e-41	1.23761327631278e-08	4.87986959154253e-33	0.999999987597463	2.64031559524596e-11	1	1	rs9268807	ENSG00000204287	eqtl_rs9268807_ENSG00000204287_B38.txt	rs9268807_ENSG00000204287_LD.unphased.vcor1	181	4	3	rs114628044	0.999545655214707	rs28732173	0.936076360383752	-0.0412044	0.00169780257936
181	rs185819	rs3134954	1.85215540374149e-12	1.23741738504963e-08	0.000149655422757605	0.99984168883102	8.64337019569094e-06	5	1	rs9268807	ENSG00000204287	eqtl_rs9268807_ENSG00000204287_B38.txt	rs9268807_ENSG00000204287_LD.unphased.vcor1	181	4	3	rs114628044	0.999545655214707	rs28732173	0.936076360383752	-0.401024	0.160820248576
181	rs114628044	rs28732173	0.0124391891909777	0.408361159604901	0.0167404049955944	0.549538208386336	0.0129210378221913	3	3	rs9268807	ENSG00000204287	eqtl_rs9268807_ENSG00000204287_B38.txt	rs9268807_ENSG00000204287_LD.unphased.vcor1	181	4	3	rs114628044	0.999545655214707	rs28732173	0.936076360383752	-0.0402821	0.00162264758041
181	rs2293861	rs28732173	3.87987694845966e-10	0.425800064082535	5.2214586057904e-10	0.573030630860628	0.00116930414670252	2	3	rs9268807	ENSG00000204287	eqtl_rs9268807_ENSG00000204287_B38.txt	rs9268807_ENSG00000204287_LD.unphased.vcor1	181	4	3	rs114628044	0.999545655214707	rs28732173	0.936076360383752	-0.0911295	0.00830458577025
181	rs1270942	rs28732173	2.0781923445866e-33	0.425870462279077	2.79678851836716e-33	0.573125702243106	0.00100383547782283	1	3	rs9268807	ENSG00000204287	eqtl_rs9268807_ENSG00000204287_B38.txt	rs9268807_ENSG00000204287_LD.unphased.vcor1	181	4	3	rs114628044	0.999545655214707	rs28732173	0.936076360383752	0.028278	0.000799645284
181	rs185819	rs28732173	6.36194141315028e-05	0.425038681494899	8.56176991757842e-05	0.572002697673225	0.00280938371856791	5	3	rs9268807	ENSG00000204287	eqtl_rs9268807_ENSG00000204287_B38.txt	rs9268807_ENSG00000204287_LD.unphased.vcor1	181	4	3	rs114628044	0.999545655214707	rs28732173	0.936076360383752	-0.194302	0.037753267204
181	rs114628044	rs114775987	5.12357470870367e-10	1.68199781934832e-08	0.0295438020142055	0.969880491583691	0.000575689069767928	3	2	rs9268807	ENSG00000204287	eqtl_rs9268807_ENSG00000204287_B38.txt	rs9268807_ENSG00000204287_LD.unphased.vcor1	181	4	3	rs114628044	0.999545655214707	rs28732173	0.936076360383752	-0.0523495	0.00274047015025
181	rs2293861	rs114775987	1.58022493544775e-17	1.73422994521927e-08	9.11196874937168e-10	0.999999981685086	6.14207455906241e-11	2	2	rs9268807	ENSG00000204287	eqtl_rs9268807_ENSG00000204287_B38.txt	rs9268807_ENSG00000204287_LD.unphased.vcor1	181	4	3	rs114628044	0.999545655214707	rs28732173	0.936076360383752	-0.0874471	0.00764699529841
181	rs1270942	rs114775987	8.46281608726224e-41	1.73422994683493e-08	4.87986956723748e-33	0.999999982616757	4.09460138078581e-11	1	2	rs9268807	ENSG00000204287	eqtl_rs9268807_ENSG00000204287_B38.txt	rs9268807_ENSG00000204287_LD.unphased.vcor1	181	4	3	rs114628044	0.999545655214707	rs28732173	0.936076360383752	0.0175641	0.00030849760881
181	rs185819	rs114775987	2.59538161878233e-12	1.7339637534906e-08	0.00014965613864546	0.999846481244439	3.84527468176044e-06	5	2	rs9268807	ENSG00000204287	eqtl_rs9268807_ENSG00000204287_B38.txt	rs9268807_ENSG00000204287_LD.unphased.vcor1	181	4	3	rs114628044	0.999545655214707	rs28732173	0.936076360383752	-0.0931218	0.00867166963524
										rs11064247	ENSG00000010295	eqtl_rs11064247_ENSG00000010295_B38.txt	rs11064247_ENSG00000010295_LD.unphased.vcor1	422	0	8	rs1001127	0	rs11064237	1		
										rs76371569	ENSG00000198642	eqtl_rs76371569_ENSG00000198642_B38.txt	rs76371569_ENSG00000198642_LD.unphased.vcor1	711	0	8	rs10491569	0.0321583161871213	rs142887444	1		
574	rs4917014	rs56132545	1.29343062432158e-35	1.29149082927247e-33	0.00990866311933949	0.989378856311362	0.000712480569293517	1	6	rs62447171	ENSG00000185811	eqtl_rs62447171_ENSG00000185811_B38.txt	rs62447171_ENSG00000185811_LD.unphased.vcor1	574	1	10	rs4917014	0.194815549589867	rs2085423	1	-0.213045	0.045388172025
574	rs4917014	rs10499691	4.95838709196282e-32	4.95095085645727e-30	0.00991386520749883	0.989899336319394	0.00018679847310854	1	9	rs62447171	ENSG00000185811	eqtl_rs62447171_ENSG00000185811_B38.txt	rs62447171_ENSG00000185811_LD.unphased.vcor1	574	1	10	rs4917014	0.194815549589867	rs2085423	1	-0.100643	0.010129013449
574	rs4917014	rs72645704	0	0	0.00991464165650159	0.989977021697098	0.000108336646446504	1	1	rs62447171	ENSG00000185811	eqtl_rs62447171_ENSG00000185811_B38.txt	rs62447171_ENSG00000185811_LD.unphased.vcor1	574	1	10	rs4917014	0.194815549589867	rs2085423	1	0.0150502	0.00022650852004
574	rs4917014	rs6944602	0	0	0.00991390617332187	0.989903435037082	0.00018265878988743	1	2	rs62447171	ENSG00000185811	eqtl_rs62447171_ENSG00000185811_B38.txt	rs62447171_ENSG00000185811_LD.unphased.vcor1	574	1	10	rs4917014	0.194815549589867	rs2085423	1	-0.0999606	0.00999212155236
574	rs4917014	rs7782210	1.33156851412068e-33	1.32957152258309e-31	0.00991465910490848	0.989978767447324	0.000106573447772552	1	3	rs62447171	ENSG00000185811	eqtl_rs62447171_ENSG00000185811_B38.txt	rs62447171_ENSG00000185811_LD.unphased.vcor1	574	1	10	rs4917014	0.194815549589867	rs2085423	1	0.117428	0.013789335184
574	rs4917014	rs74992679	2.53097522966254e-45	2.5271794534318e-43	0.00991424002176196	0.989936837285299	0.000148922692932934	1	4	rs62447171	ENSG00000185811	eqtl_rs62447171_ENSG00000185811_B38.txt	rs62447171_ENSG00000185811_LD.unphased.vcor1	574	1	10	rs4917014	0.194815549589867	rs2085423	1	0.0363419	0.00132073369561
574	rs4917014	rs10251980	5.05986916355484e-30	5.05228073247243e-28	0.00991396152701827	0.989908973292598	0.000177065180377429	1	5	rs62447171	ENSG00000185811	eqtl_rs62447171_ENSG00000185811_B38.txt	rs62447171_ENSG00000185811_LD.unphased.vcor1	574	1	10	rs4917014	0.194815549589867	rs2085423	1	-0.0367014	0.00134699276196
574	rs4917014	rs2085423	2.33989949493763e-110	2.33639028047314e-108	0.00975336647457316	0.97384109600455	0.0164055375208714	1	7	rs62447171	ENSG00000185811	eqtl_rs62447171_ENSG00000185811_B38.txt	rs62447171_ENSG00000185811_LD.unphased.vcor1	574	1	10	rs4917014	0.194815549589867	rs2085423	1	0.114651	0.013144851801
574	rs4917014	rs62447181	1.93039496401039e-82	1.92749989525015e-80	0.00991475733081952	0.989988595159074	9.66475100992256e-05	1	8	rs62447171	ENSG00000185811	eqtl_rs62447171_ENSG00000185811_B38.txt	rs62447171_ENSG00000185811_LD.unphased.vcor1	574	1	10	rs4917014	0.194815549589867	rs2085423	1	-0.0620827	0.00385426163929
574	rs4917014	rs6956014	0	0	0.00991258276868901	0.989771025583133	0.00031639164808304	1	10	rs62447171	ENSG00000185811	eqtl_rs62447171_ENSG00000185811_B38.txt	rs62447171_ENSG00000185811_LD.unphased.vcor1	574	1	10	rs4917014	0.194815549589867	rs2085423	1	0.104457	0.010911264849
192	rs10048743	rs35409523	9.70046039532077e-19	5.30500473330908e-13	1.82819852304118e-06	0.999808022903405	0.000190148897539415	1	1	rs12694291	ENSG00000030419	eqtl_rs12694291_ENSG00000030419_B38.txt	rs12694291_ENSG00000030419_LD.unphased.vcor1	192	1	1	rs10048743	0.316263553730697	rs35409523	0.349775433040948	-0.711217	0.505829621089
499	rs6659932	rs4655698	2.13659820594501e-201	1.14252587174612e-195	4.06111739210995e-08	0.0197559567421263	0.980244002646693	1	9	rs17129789	ENSG00000081985	eqtl_rs17129789_ENSG00000081985_B38.txt	rs17129789_ENSG00000081985_LD.unphased.vcor1	499	1	9	rs6659932	0.274802609375988	rs12027937	1	0.927913	0.861022535569
499	rs6659932	rs17129794	1.33365243879629e-292	7.13158145973507e-287	1.537133531716e-08	0.00623214185338612	0.993767842775313	1	1	rs17129789	ENSG00000081985	eqtl_rs17129789_ENSG00000081985_B38.txt	rs17129789_ENSG00000081985_LD.unphased.vcor1	499	1	9	rs6659932	0.274802609375988	rs12027937	1	-0.960037	0.921671041369
499	rs6659932	rs2066445	3.97990204482265e-86	2.12821532872811e-80	1.87006187419543e-06	0.999998065529605	6.44085082662653e-08	1	2	rs17129789	ENSG00000081985	eqtl_rs17129789_ENSG00000081985_B38.txt	rs17129789_ENSG00000081985_LD.unphased.vcor1	499	1	9	rs6659932	0.274802609375988	rs12027937	1	0.0328171	0.00107696205241
499	rs6659932	rs12411145	3.20202782510565e-76	1.71225437803644e-70	1.87005885226804e-06	0.999996446343862	1.68359728677034e-06	1	3	rs17129789	ENSG00000081985	eqtl_rs17129789_ENSG00000081985_B38.txt	rs17129789_ENSG00000081985_LD.unphased.vcor1	499	1	9	rs6659932	0.274802609375988	rs12027937	1	0.525919	0.276590794561
499	rs6659932	rs60934365	1.17587231025555e-170	6.2878670055919e-165	1.87006195504323e-06	0.999998108848926	2.10891282605976e-08	1	5	rs17129789	ENSG00000081985	eqtl_rs17129789_ENSG00000081985_B38.txt	rs17129789_ENSG00000081985_LD.unphased.vcor1	499	1	9	rs6659932	0.274802609375988	rs12027937	1	0.22663	0.0513611569
499	rs6659932	rs10889689	2.50176457562369e-32	1.33779516650103e-26	1.87006190691132e-06	0.999998083059201	4.68788853015392e-08	1	6	rs17129789	ENSG00000081985	eqtl_rs17129789_ENSG00000081985_B38.txt	rs17129789_ENSG00000081985_LD.unphased.vcor1	499	1	9	rs6659932	0.274802609375988	rs12027937	1	-0.381232	0.145337837824
499	rs6659932	rs12027937	1.45589828225099e-95	7.78527965376982e-90	1.87006192056518e-06	0.999998090375077	3.95630115698957e-08	1	10	rs17129789	ENSG00000081985	eqtl_rs17129789_ENSG00000081985_B38.txt	rs17129789_ENSG00000081985_LD.unphased.vcor1	499	1	9	rs6659932	0.274802609375988	rs12027937	1	-0.347696	0.120892508416
499	rs6659932	rs4633262	3.16910399068472e-127	1.69464866606012e-121	1.87006196827586e-06	0.999998115939105	1.39989117781187e-08	1	7	rs17129789	ENSG00000081985	eqtl_rs17129789_ENSG00000081985_B38.txt	rs17129789_ENSG00000081985_LD.unphased.vcor1	499	1	9	rs6659932	0.274802609375988	rs12027937	1	0.160239	0.025676537121
499	rs6659932	rs7515029	7.8659549351575e-14	4.20624570141467e-08	1.87006188688244e-06	0.999998072411777	1.54637985139037e-08	1	4	rs17129789	ENSG00000081985	eqtl_rs17129789_ENSG00000081985_B38.txt	rs17129789_ENSG00000081985_LD.unphased.vcor1	499	1	9	rs6659932	0.274802609375988	rs12027937	1	-0.0843913	0.00712189151569
										rs7717955	ENSG00000168685	eqtl_rs7717955_ENSG00000168685_B38.txt	rs7717955_ENSG00000168685_LD.unphased.vcor1	632	0	5	rs13163292	0.0251108169428153	rs10063294	1		
										rs35465817	ENSG00000204084	eqtl_rs35465817_ENSG00000204084_B38.txt	rs35465817_ENSG00000204084_LD.unphased.vcor1	712	0	4	rs36084352	0.0691159201048368	rs12395	1		
										rs790251	ENSG00000074706	eqtl_rs790251_ENSG00000074706_B38.txt	rs790251_ENSG00000074706_LD.unphased.vcor1	276	0	6	rs118124932	0.188353906605486	rs12199124	0.978749634364349		
823	rs3757387	rs2291561	1.5963461495218e-73	1.0046006844028e-42	1.5890354986875e-31	1	8.23277427238412e-34	2	4	rs3757387	ENSG00000128604	eqtl_rs3757387_ENSG00000128604_B38.txt	rs3757387_ENSG00000128604_LD.unphased.vcor1	823	2	7	rs3757387	0.998795436345645	rs35188261	1	-0.153842	0.023667360964
823	rs10488631	rs2291561	4.8189834386833e-72	1.0046006844028e-42	4.79691434965329e-30	1	2.43662997780844e-32	1	4	rs3757387	ENSG00000128604	eqtl_rs3757387_ENSG00000128604_B38.txt	rs3757387_ENSG00000128604_LD.unphased.vcor1	823	2	7	rs3757387	0.998795436345645	rs35188261	1	-0.0429235	0.00184242685225
823	rs3757387	rs3778748	0	0	1.58903549807522e-31	1	1.82059964148432e-30	2	1	rs3757387	ENSG00000128604	eqtl_rs3757387_ENSG00000128604_B38.txt	rs3757387_ENSG00000128604_LD.unphased.vcor1	823	2	7	rs3757387	0.998795436345645	rs35188261	1	-0.449037	0.201634227369
823	rs10488631	rs3778748	0	0	4.79691434695996e-30	1	2.21260053049045e-25	1	1	rs3757387	ENSG00000128604	eqtl_rs3757387_ENSG00000128604_B38.txt	rs3757387_ENSG00000128604_LD.unphased.vcor1	823	2	7	rs3757387	0.998795436345645	rs35188261	1	0.323762	0.104821832644
823	rs3757387	rs35188261	0	0	1.58903549807522e-31	1	7.25491548329596e-29	2	2	rs3757387	ENSG00000128604	eqtl_rs3757387_ENSG00000128604_B38.txt	rs3757387_ENSG00000128604_LD.unphased.vcor1	823	2	7	rs3757387	0.998795436345645	rs35188261	1	-0.376488	0.141743214144
823	rs10488631	rs35188261	0	0	6.60565193688085e-31	0.135978228823342	0.864021771321376	1	2	rs3757387	ENSG00000128604	eqtl_rs3757387_ENSG00000128604_B38.txt	rs3757387_ENSG00000128604_LD.unphased.vcor1	823	2	7	rs3757387	0.998795436345645	rs35188261	1	-1	1
823	rs3757387	rs77508372	4.31251559178165e-169	2.71392023359048e-138	1.58903549868745e-31	1	2.51027867413208e-30	2	6	rs3757387	ENSG00000128604	eqtl_rs3757387_ENSG00000128604_B38.txt	rs3757387_ENSG00000128604_LD.unphased.vcor1	823	2	7	rs3757387	0.998795436345645	rs35188261	1	0.360514	0.129970344196
823	rs10488631	rs77508372	1.30184429123249e-167	2.71392023359048e-138	4.79691434965315e-30	1	5.96876740457572e-16	1	6	rs3757387	ENSG00000128604	eqtl_rs3757387_ENSG00000128604_B38.txt	rs3757387_ENSG00000128604_LD.unphased.vcor1	823	2	7	rs3757387	0.998795436345645	rs35188261	1	0.755548	0.570852780304
823	rs3757387	rs4731534	0	0	1.58903549881517e-31	1	3.72398318726528e-18	2	7	rs3757387	ENSG00000128604	eqtl_rs3757387_ENSG00000128604_B38.txt	rs3757387_ENSG00000128604_LD.unphased.vcor1	823	2	7	rs3757387	0.998795436345645	rs35188261	1	0.684335	0.468314392225
823	rs10488631	rs4731534	0	0	4.79691435142743e-30	1	2.95521474354326e-30	1	7	rs3757387	ENSG00000128604	eqtl_rs3757387_ENSG00000128604_B38.txt	rs3757387_ENSG00000128604_LD.unphased.vcor1	823	2	7	rs3757387	0.998795436345645	rs35188261	1	0.278131	0.077356853161
823	rs3757387	rs6948875	0	0	1.58903549807522e-31	1	2.09910693785655e-30	2	10	rs3757387	ENSG00000128604	eqtl_rs3757387_ENSG00000128604_B38.txt	rs3757387_ENSG00000128604_LD.unphased.vcor1	823	2	7	rs3757387	0.998795436345645	rs35188261	1	0.449037	0.201634227369
823	rs10488631	rs6948875	0	0	4.79691434695996e-30	1	1.80897653992087e-25	1	10	rs3757387	ENSG00000128604	eqtl_rs3757387_ENSG00000128604_B38.txt	rs3757387_ENSG00000128604_LD.unphased.vcor1	823	2	7	rs3757387	0.998795436345645	rs35188261	1	-0.323762	0.104821832644
823	rs3757387	rs34891352	1.88221932518237e-139	1.18450426484307e-108	1.5890354986875e-31	1	2.53200796197546e-20	2	3	rs3757387	ENSG00000128604	eqtl_rs3757387_ENSG00000128604_B38.txt	rs3757387_ENSG00000128604_LD.unphased.vcor1	823	2	7	rs3757387	0.998795436345645	rs35188261	1	0.557183	0.310452895489
823	rs10488631	rs34891352	5.68196550525123e-138	1.18450426484307e-108	4.79691434965329e-30	1	1.2570643786328e-29	1	3	rs3757387	ENSG00000128604	eqtl_rs3757387_ENSG00000128604_B38.txt	rs3757387_ENSG00000128604_LD.unphased.vcor1	823	2	7	rs3757387	0.998795436345645	rs35188261	1	0.228638	0.052275335044
										rs3757387	ENSG00000135253	eqtl_rs3757387_ENSG00000135253_B38.txt	rs3757387_ENSG00000135253_LD.unphased.vcor1	294	2	0	rs3757387	0.998091603291052	rs7784859	0.448713621373725		
										rs11649485	ENSG00000140968	eqtl_rs11649485_ENSG00000140968_B38.txt	rs11649485_ENSG00000140968_LD.unphased.vcor1	164	2	0	rs34912238	0.607447577956592	rs12447817	0.22539178148482		
380	rs1143679	rs4889639	0	0	3.98838028480006e-45	1	1.80084485169189e-45	1	1	rs1143679	ENSG00000169896	eqtl_rs1143679_ENSG00000169896_B38.txt	rs1143679_ENSG00000169896_LD.unphased.vcor1	380	1	10	rs1143679	0.857167559350217	rs13333997	1	-0.257501	0.066306765001
380	rs1143679	rs7187143	0	0	3.98838028410359e-45	1	1.57753486292679e-46	1	2	rs1143679	ENSG00000169896	eqtl_rs1143679_ENSG00000169896_B38.txt	rs1143679_ENSG00000169896_LD.unphased.vcor1	380	1	10	rs1143679	0.857167559350217	rs13333997	1	0.226868	0.051469089424
380	rs1143679	rs13333997	0	0	3.98838028410359e-45	1	1.66477708294158e-46	1	3	rs1143679	ENSG00000169896	eqtl_rs1143679_ENSG00000169896_B38.txt	rs1143679_ENSG00000169896_LD.unphased.vcor1	380	1	10	rs1143679	0.857167559350217	rs13333997	1	-0.226868	0.051469089424
380	rs1143679	rs8047985	0	0	3.98838028480006e-45	1	1.13481455847263e-45	1	4	rs1143679	ENSG00000169896	eqtl_rs1143679_ENSG00000169896_B38.txt	rs1143679_ENSG00000169896_LD.unphased.vcor1	380	1	10	rs1143679	0.857167559350217	rs13333997	1	-0.257501	0.066306765001
380	rs1143679	rs61194152	0	0	3.98838028430492e-45	1	1.70477385456432e-39	1	5	rs1143679	ENSG00000169896	eqtl_rs1143679_ENSG00000169896_B38.txt	rs1143679_ENSG00000169896_LD.unphased.vcor1	380	1	10	rs1143679	0.857167559350217	rs13333997	1	-0.397928	0.158346693184
380	rs1143679	rs11863592	3.67315942464892e-105	9.20965194593817e-61	3.98838028430492e-45	1	8.56932498045327e-26	1	6	rs1143679	ENSG00000169896	eqtl_rs1143679_ENSG00000169896_B38.txt	rs1143679_ENSG00000169896_LD.unphased.vcor1	380	1	10	rs1143679	0.857167559350217	rs13333997	1	-0.613873	0.376840060129
380	rs1143679	rs60660286	0	0	3.98838028430492e-45	1	2.94499927480684e-45	1	7	rs1143679	ENSG00000169896	eqtl_rs1143679_ENSG00000169896_B38.txt	rs1143679_ENSG00000169896_LD.unphased.vcor1	380	1	10	rs1143679	0.857167559350217	rs13333997	1	-0.259543	0.067362568849
380	rs1143679	rs141764869	0	0	3.98838028430129e-45	0.999999999999091	9.28764587662819e-13	1	9	rs1143679	ENSG00000169896	eqtl_rs1143679_ENSG00000169896_B38.txt	rs1143679_ENSG00000169896_LD.unphased.vcor1	380	1	10	rs1143679	0.857167559350217	rs13333997	1	-0.826142	0.682510604164
380	rs1143679	rs34572943	6.76055862239082e-68	1.69506369515346e-23	1.57882585687756e-45	0.394645690302897	0.6053543096971	1	10	rs1143679	ENSG00000169896	eqtl_rs1143679_ENSG00000169896_B38.txt	rs1143679_ENSG00000169896_LD.unphased.vcor1	380	1	10	rs1143679	0.857167559350217	rs13333997	1	0.97038	0.9416373444
380	rs1143679	rs7184910	2.30662353567897e-140	5.78335908628406e-96	3.98838028430458e-45	1	7.28941024256698e-45	1	8	rs1143679	ENSG00000169896	eqtl_rs1143679_ENSG00000169896_B38.txt	rs1143679_ENSG00000169896_LD.unphased.vcor1	380	1	10	rs1143679	0.857167559350217	rs13333997	1	0.33307	0.1109356249
										rs1887428	ENSG00000096968	eqtl_rs1887428_ENSG00000096968_B38.txt	rs1887428_ENSG00000096968_LD.unphased.vcor1	511	0	8	rs10758669	0.0504119660563883	rs11999076	1		
										rs6939565	ENSG00000198945	eqtl_rs6939565_ENSG00000198945_B38.txt	rs6939565_ENSG00000198945_LD.unphased.vcor1	979	0	4	rs6939333	0.431169462572708	rs62421319	1		
571	rs12473138	rs57667995	0	0	0.0953987795844578	0.903520521392236	0.00108069902318679	1	1	rs10173253	ENSG00000213626	eqtl_rs10173253_ENSG00000213626_B38.txt	rs10173253_ENSG00000213626_LD.unphased.vcor1	571	1	8	rs12473138	0.25198405022666	rs13422834	1	0.184842	0.034166564964
571	rs12473138	rs7608977	0	0	0.0954026399619643	0.903557164067578	0.00104019597042809	1	3	rs10173253	ENSG00000213626	eqtl_rs10173253_ENSG00000213626_B38.txt	rs10173253_ENSG00000213626_LD.unphased.vcor1	571	1	8	rs12473138	0.25198405022666	rs13422834	1	0.0583117	0.00340025435689
571	rs12473138	rs72863566	0	0	0.0954005749383306	0.903537562875841	0.00106186218635571	1	4	rs10173253	ENSG00000213626	eqtl_rs10173253_ENSG00000213626_B38.txt	rs10173253_ENSG00000213626_LD.unphased.vcor1	571	1	8	rs12473138	0.25198405022666	rs13422834	1	0.0164263	0.00026982333169
571	rs12473138	rs4951987	0	0	0.0954066887521198	0.903595595155717	0.000997716090091165	1	5	rs10173253	ENSG00000213626	eqtl_rs10173253_ENSG00000213626_B38.txt	rs10173253_ENSG00000213626_LD.unphased.vcor1	571	1	8	rs12473138	0.25198405022666	rs13422834	1	-0.157477	0.024799005529
571	rs12473138	rs13422834	0	0	0.0954068704957527	0.903597320263778	0.000995809240441348	1	6	rs10173253	ENSG00000213626	eqtl_rs10173253_ENSG00000213626_B38.txt	rs10173253_ENSG00000213626_LD.unphased.vcor1	571	1	8	rs12473138	0.25198405022666	rs13422834	1	-0.168801	0.028493777601
571	rs12473138	rs1973573	0	0	0.0954066293383489	0.903595031199863	0.00099833946165426	1	7	rs10173253	ENSG00000213626	eqtl_rs10173253_ENSG00000213626_B38.txt	rs10173253_ENSG00000213626_LD.unphased.vcor1	571	1	8	rs12473138	0.25198405022666	rs13422834	1	0.172989	0.029925194121
571	rs12473138	rs28535455	0	0	0.0946026459040224	0.895963626223304	0.00943372787271796	1	8	rs10173253	ENSG00000213626	eqtl_rs10173253_ENSG00000213626_B38.txt	rs10173253_ENSG00000213626_LD.unphased.vcor1	571	1	8	rs12473138	0.25198405022666	rs13422834	1	0.149749	0.022424763001
571	rs12473138	rs1662955	2.26718315850592e-95	2.14725116890654e-94	0.0953999097231878	0.903531248660732	0.00106884161607361	1	2	rs10173253	ENSG00000213626	eqtl_rs10173253_ENSG00000213626_B38.txt	rs10173253_ENSG00000213626_LD.unphased.vcor1	571	1	8	rs12473138	0.25198405022666	rs13422834	1	-0.0335748	0.00112726719504
										rs4423942	ENSG00000138795	eqtl_rs4423942_ENSG00000138795_B38.txt	rs4423942_ENSG00000138795_LD.unphased.vcor1	28	0	0	rs4245930	0.0746390146287237	rs74789674	0.438285748512809		
										rs1400481	ENSG00000254275	eqtl_rs1400481_ENSG00000254275_B38.txt	rs1400481_ENSG00000254275_LD.unphased.vcor1	60	0	1	rs13264259	0.463504918374589	rs7822330	0.218290128816871		
										rs9557227	ENSG00000134882	eqtl_rs9557227_ENSG00000134882_B38.txt	rs9557227_ENSG00000134882_LD.unphased.vcor1	258	0	5	rs1041244	0	rs9517637	1		
										rs2426414	ENSG00000020256	eqtl_rs2426414_ENSG00000020256_B38.txt	rs2426414_ENSG00000020256_LD.unphased.vcor1	177	0	8	rs1033552	0	rs6068233	1		
										rs11736377	ENSG00000168421	eqtl_rs11736377_ENSG00000168421_B38.txt	rs11736377_ENSG00000168421_LD.unphased.vcor1	307	0	5	rs4458463	0.0543363234938481	rs13105678	0.999999994475833		
278	rs1040029	rs17436058	0	0	0.354851282537901	0.637774292298511	0.00737442516344181	1	1	rs1040029	ENSG00000145012	eqtl_rs1040029_ENSG00000145012_B38.txt	rs1040029_ENSG00000145012_LD.unphased.vcor1	278	1	8	rs1040029	0.649810629561096	rs10937360	1	0.14717	0.0216590089
278	rs1040029	rs10937360	0	0	0.356094912262373	0.640016491638054	0.00388859609953551	1	2	rs1040029	ENSG00000145012	eqtl_rs1040029_ENSG00000145012_B38.txt	rs1040029_ENSG00000145012_LD.unphased.vcor1	278	1	8	rs1040029	0.649810629561096	rs10937360	1	-0.140447	0.019725359809
278	rs1040029	rs113207181	0	0	0.355036556012353	0.63810833068131	0.00685511330630329	1	3	rs1040029	ENSG00000145012	eqtl_rs1040029_ENSG00000145012_B38.txt	rs1040029_ENSG00000145012_LD.unphased.vcor1	278	1	8	rs1040029	0.649810629561096	rs10937360	1	0.231151	0.053430784801
278	rs1040029	rs2138235	1.86481523328359e-145	3.35171035891254e-145	0.356100522685466	0.640026606937418	0.00387287037710719	1	5	rs1040029	ENSG00000145012	eqtl_rs1040029_ENSG00000145012_B38.txt	rs1040029_ENSG00000145012_LD.unphased.vcor1	278	1	8	rs1040029	0.649810629561096	rs10937360	1	0.150438	0.022631591844
278	rs1040029	rs73196720	2.72216817780052e-113	4.89266663924154e-113	0.354473313110766	0.637092833192767	0.00843385369648145	1	7	rs1040029	ENSG00000145012	eqtl_rs1040029_ENSG00000145012_B38.txt	rs1040029_ENSG00000145012_LD.unphased.vcor1	278	1	8	rs1040029	0.649810629561096	rs10937360	1	0.148762	0.022130132644
278	rs1040029	rs73196735	2.03534862720208e-19	3.65821715526176e-19	0.185959277820381	0.333270842453003	0.480769879726613	1	9	rs1040029	ENSG00000145012	eqtl_rs1040029_ENSG00000145012_B38.txt	rs1040029_ENSG00000145012_LD.unphased.vcor1	278	1	8	rs1040029	0.649810629561096	rs10937360	1	-0.277223	0.076852591729
278	rs1040029	rs73196728	1.6519522861027e-50	2.96912288731694e-50	0.353586172921853	0.635493365838054	0.0109204612400936	1	10	rs1040029	ENSG00000145012	eqtl_rs1040029_ENSG00000145012_B38.txt	rs1040029_ENSG00000145012_LD.unphased.vcor1	278	1	8	rs1040029	0.649810629561096	rs10937360	1	0.247601	0.061306255201
278	rs1040029	rs9824282	1.64815316911782e-12	2.96229457557554e-12	0.352591550160204	0.633700113027035	0.0137083368081492	1	8	rs1040029	ENSG00000145012	eqtl_rs1040029_ENSG00000145012_B38.txt	rs1040029_ENSG00000145012_LD.unphased.vcor1	278	1	8	rs1040029	0.649810629561096	rs10937360	1	0.204521	0.041828839441
										rs2719231	ENSG00000254087	eqtl_rs2719231_ENSG00000254087_B38.txt	rs2719231_ENSG00000254087_LD.unphased.vcor1	395	0	10	rs2719266	0.0460474167263497	rs10441586	1		
241	rs4660116	rs7355182	0	0	0.281748657769551	0.712716235439571	0.00553510670411274	1	1	rs9782955	ENSG00000143669	eqtl_rs9782955_ENSG00000143669_B38.txt	rs9782955_ENSG00000143669_LD.unphased.vcor1	241	1	6	rs4660116	0.0714961998054925	rs35552065	1	0.0695601	0.00483860751201
241	rs4660116	rs17714636	5.59000193360786e-19	1.41407843703275e-18	0.280414834001859	0.70933268470657	0.010252481291573	1	3	rs9782955	ENSG00000143669	eqtl_rs9782955_ENSG00000143669_B38.txt	rs9782955_ENSG00000143669_LD.unphased.vcor1	241	1	6	rs4660116	0.0714961998054925	rs35552065	1	0.26179	0.0685340041
241	rs4660116	rs35552065	0	0	0.281628619326707	0.712411730396425	0.00595965019753409	1	6	rs9782955	ENSG00000143669	eqtl_rs9782955_ENSG00000143669_B38.txt	rs9782955_ENSG00000143669_LD.unphased.vcor1	241	1	6	rs4660116	0.0714961998054925	rs35552065	1	0.0695601	0.00483860751201
241	rs4660116	rs6677987	6.34618068528774e-19	1.60536568165142e-18	0.0159544871296557	0.0384682164627177	0.945577296407624	1	5	rs9782955	ENSG00000143669	eqtl_rs9782955_ENSG00000143669_B38.txt	rs9782955_ENSG00000143669_LD.unphased.vcor1	241	1	6	rs4660116	0.0714961998054925	rs35552065	1	0.982538	0.965380921444
241	rs4660116	rs6429432	6.85562159665124e-39	1.73423672968637e-38	0.281785393530198	0.712809424036491	0.00540518243331778	1	4	rs9782955	ENSG00000143669	eqtl_rs9782955_ENSG00000143669_B38.txt	rs9782955_ENSG00000143669_LD.unphased.vcor1	241	1	6	rs4660116	0.0714961998054925	rs35552065	1	0.414882	0.172127073924
241	rs4660116	rs2489156	1.19046678466386e-09	3.01147196403631e-09	0.0230631609563219	0.0565010018888708	0.92043583295287	1	2	rs9782955	ENSG00000143669	eqtl_rs9782955_ENSG00000143669_B38.txt	rs9782955_ENSG00000143669_LD.unphased.vcor1	241	1	6	rs4660116	0.0714961998054925	rs35552065	1	-0.924305	0.854339733025
										rs57319220	ENSG00000163818	eqtl_rs57319220_ENSG00000163818_B38.txt	rs57319220_ENSG00000163818_LD.unphased.vcor1	507	0	3	rs57319220	0.382158388464093	rs57319220	0.999992746933774		
										rs3813582	ENSG00000178573	eqtl_rs3813582_ENSG00000178573_B38.txt	rs3813582_ENSG00000178573_LD.unphased.vcor1	248	0	6	rs1046958	0	rs30413	1		
										rs7626070	ENSG00000152601	eqtl_rs7626070_ENSG00000152601_B38.txt	rs7626070_ENSG00000152601_LD.unphased.vcor1	298	0	9	rs142337598	0.0807558239472461	rs116293582	1		
										rs7626070	ENSG00000169860	eqtl_rs7626070_ENSG00000169860_B38.txt	rs7626070_ENSG00000169860_LD.unphased.vcor1	91	0	1	rs10222601	0	rs9847124	0.409652058218266		
										rs309173	ENSG00000076003	eqtl_rs309173_ENSG00000076003_B38.txt	rs309173_ENSG00000076003_LD.unphased.vcor1	581	0	10	rs6735329	0.112507057000304	rs182227905	1		
										rs77429014	ENSG00000144893	eqtl_rs77429014_ENSG00000144893_B38.txt	rs77429014_ENSG00000144893_LD.unphased.vcor1	31	0	1	rs6797359	0.0470732123969295	rs11710513	0.999985540854895		
376	rs7575818	rs17764739	3.343523641246e-07	4.87603350524945e-07	0.404418561270197	0.589772895296556	0.00580772147753295	1	2	rs4954125	ENSG00000152127	eqtl_rs4954125_ENSG00000152127_B38.txt	rs4954125_ENSG00000152127_LD.unphased.vcor1	376	1	9	rs7575818	0.115249199926109	rs17764739	0.999997316172703	-0.139154	0.019363835716
376	rs7575818	rs72846742	0.000193075352928593	0.000281571776046076	0.40243833399983	0.586876221267669	0.0102107976035256	1	5	rs4954125	ENSG00000152127	eqtl_rs4954125_ENSG00000152127_B38.txt	rs4954125_ENSG00000152127_LD.unphased.vcor1	376	1	9	rs7575818	0.115249199926109	rs17764739	0.999997316172703	-0.007256	5.2649536e-05
376	rs7575818	rs7563818	4.36297519870641e-57	6.36275245343774e-57	0.347117536053079	0.505925547328908	0.146956916618015	1	6	rs4954125	ENSG00000152127	eqtl_rs4954125_ENSG00000152127_B38.txt	rs4954125_ENSG00000152127_LD.unphased.vcor1	376	1	9	rs7575818	0.115249199926109	rs17764739	0.999997316172703	-0.715394	0.511788575236
376	rs7575818	rs2321678	3.37433060195921e-20	4.92096088987428e-20	0.103361873261932	0.149243177368245	0.747394949369826	1	10	rs4954125	ENSG00000152127	eqtl_rs4954125_ENSG00000152127_B38.txt	rs4954125_ENSG00000152127_LD.unphased.vcor1	376	1	9	rs7575818	0.115249199926109	rs17764739	0.999997316172703	-0.956067	0.914064108489
376	rs7575818	rs62165675	2.92217859206937e-35	4.26156422149387e-35	0.404592955805906	0.590028081387738	0.00537896280635135	1	3	rs4954125	ENSG00000152127	eqtl_rs4954125_ENSG00000152127_B38.txt	rs4954125_ENSG00000152127_LD.unphased.vcor1	376	1	9	rs7575818	0.115249199926109	rs17764739	0.999997316172703	-0.144978	0.021018620484
376	rs7575818	rs13005403	0.0292630770339956	0.0426758591816877	0.373627792739419	0.544861596663257	0.00957167438164061	1	1	rs4954125	ENSG00000152127	eqtl_rs4954125_ENSG00000152127_B38.txt	rs4954125_ENSG00000152127_LD.unphased.vcor1	376	1	9	rs7575818	0.115249199926109	rs17764739	0.999997316172703	-0.427015	0.182341810225
376	rs7575818	rs4954130	1.05279031888433e-06	1.53533858877373e-06	0.402984693058276	0.587674750607615	0.0093379682052013	1	7	rs4954125	ENSG00000152127	eqtl_rs4954125_ENSG00000152127_B38.txt	rs4954125_ENSG00000152127_LD.unphased.vcor1	376	1	9	rs7575818	0.115249199926109	rs17764739	0.999997316172703	0.417895	0.174636231025
376	rs7575818	rs1257192	4.85379803438053e-19	7.07854478771787e-19	0.404529007742931	0.589934507575351	0.00553648468171511	1	4	rs4954125	ENSG00000152127	eqtl_rs4954125_ENSG00000152127_B38.txt	rs4954125_ENSG00000152127_LD.unphased.vcor1	376	1	9	rs7575818	0.115249199926109	rs17764739	0.999997316172703	-0.151332	0.022901374224
376	rs7575818	rs1996591	0.261712183313045	0.381668416763709	0.143522312246647	0.209298415819311	0.00379867185728751	1	8	rs4954125	ENSG00000152127	eqtl_rs4954125_ENSG00000152127_B38.txt	rs4954125_ENSG00000152127_LD.unphased.vcor1	376	1	9	rs7575818	0.115249199926109	rs17764739	0.999997316172703	0.252936	0.063976620096
194	rs2431098	rs3811999	1.8527422447575e-21	7.82952079684242e-09	2.36635417878539e-13	0.99999982738094	1.64789305128646e-07	1	1	rs2431697	ENSG00000164611	eqtl_rs2431697_ENSG00000164611_B38.txt	rs2431697_ENSG00000164611_LD.unphased.vcor1	194	1	2	rs2431098	0.996117551723537	rs3811999	0.598425068072699	-0.383616	0.147161235456
194	rs2431098	rs1862391	4.24387329119548e-15	0.0179342238709131	2.31851511626862e-13	0.979778899743542	0.002286876385307	1	2	rs2431697	ENSG00000164611	eqtl_rs2431697_ENSG00000164611_B38.txt	rs2431697_ENSG00000164611_LD.unphased.vcor1	194	1	2	rs2431098	0.996117551723537	rs3811999	0.598425068072699	-0.283486	0.080364312196
121	rs2431098	rs56165523	6.95901313649939e-17	1.75781598976066e-05	3.95882739370809e-12	0.999982318675056	1.03161087559868e-07	1	1	rs2431697	ENSG00000253522	eqtl_rs2431697_ENSG00000253522_B38.txt	rs2431697_ENSG00000253522_LD.unphased.vcor1	121	1	2	rs2431098	0.989289557189779	rs56165523	0.41930638636925	-0.27274	0.0743871076
121	rs2431098	rs13171086	3.78011055476987e-12	0.954839234515376	1.6844844266837e-13	0.0425440994778026	0.00261666600287327	1	2	rs2431697	ENSG00000253522	eqtl_rs2431697_ENSG00000253522_B38.txt	rs2431697_ENSG00000253522_LD.unphased.vcor1	121	1	2	rs2431098	0.989289557189779	rs56165523	0.41930638636925	0.190739	0.036381366121
64	rs11100479	rs4353856	0	0	0.359128615576099	0.0474191977466358	0.593452186672123	1	2	rs4287962	ENSG00000145414	eqtl_rs4287962_ENSG00000145414_B38.txt	rs4287962_ENSG00000145414_LD.unphased.vcor1	64	1	6	rs11100479	0.0568767147819917	rs4295216	1	1	1
64	rs11100479	rs4295216	0	0	0.26493511253359	0.0344563073506557	0.700608580114404	1	3	rs4287962	ENSG00000145414	eqtl_rs4287962_ENSG00000145414_B38.txt	rs4287962_ENSG00000145414_LD.unphased.vcor1	64	1	6	rs11100479	0.0568767147819917	rs4295216	1	0.991672	0.983413355584
64	rs11100479	rs4691067	0	0	0.325164858227966	0.0427451124897787	0.632090029282056	1	4	rs4287962	ENSG00000145414	eqtl_rs4287962_ENSG00000145414_B38.txt	rs4287962_ENSG00000145414_LD.unphased.vcor1	64	1	6	rs11100479	0.0568767147819917	rs4295216	1	0.983409	0.967093261281
64	rs11100479	rs4443236	0	0	0.309586120067286	0.0406011697661166	0.649812710153276	1	5	rs4287962	ENSG00000145414	eqtl_rs4287962_ENSG00000145414_B38.txt	rs4287962_ENSG00000145414_LD.unphased.vcor1	64	1	6	rs11100479	0.0568767147819917	rs4295216	1	1	1
64	rs11100479	rs4485770	0	0	0.415895889890576	0.0552314982920032	0.528872611811671	1	8	rs4287962	ENSG00000145414	eqtl_rs4287962_ENSG00000145414_B38.txt	rs4287962_ENSG00000145414_LD.unphased.vcor1	64	1	6	rs11100479	0.0568767147819917	rs4295216	1	-0.991672	0.983413355584
64	rs11100479	rs1055263	1.04045768850238e-34	1.40820281278281e-35	0.319386077499525	0.0419498378816833	0.638664084618795	1	1	rs4287962	ENSG00000145414	eqtl_rs4287962_ENSG00000145414_B38.txt	rs4287962_ENSG00000145414_LD.unphased.vcor1	64	1	6	rs11100479	0.0568767147819917	rs4295216	1	-0.873143	0.762378698449
										rs652284	ENSG00000120949	eqtl_rs652284_ENSG00000120949_B38.txt	rs652284_ENSG00000120949_LD.unphased.vcor1	92	0	2	rs114277164	0.382450295377113	rs139549709	0.867577867541148		
										rs17374162	ENSG00000235531	eqtl_rs17374162_ENSG00000235531_B38.txt	rs17374162_ENSG00000235531_LD.unphased.vcor1	301	0	9	rs28546865	0.116428212309581	rs12056825	1		
										rs375039649	ENSG00000099331	eqtl_rs375039649_ENSG00000099331_B38.txt	rs375039649_ENSG00000099331_LD.unphased.vcor1	156	0	6	rs7246865	0.0689750803281181	rs10411952	0.999999488946049		
										rs4483195	ENSG00000140396	eqtl_rs4483195_ENSG00000140396_B38.txt	rs4483195_ENSG00000140396_LD.unphased.vcor1	148	0	3	rs304597	0.202588744812341	rs11995219	1		
										rs12146097	ENSG00000157064	eqtl_rs12146097_ENSG00000157064_B38.txt	rs12146097_ENSG00000157064_LD.unphased.vcor1	185	1	0	rs17849501	0.731984337406673	rs75907790	0.21052464591731		
										rs71336931	ENSG00000105185	eqtl_rs71336931_ENSG00000105185_B38.txt	rs71336931_ENSG00000105185_LD.unphased.vcor1	272	0	8	rs8102632	0.214152945955493	rs75774648	0.99998722671954		
698	rs2732549	rs72926580	0	0	3.3591243958127e-07	0.999999585095879	7.90127487288808e-08	1	2	rs2732549	ENSG00000110435	eqtl_rs2732549_ENSG00000110435_B38.txt	rs2732549_ENSG00000110435_LD.unphased.vcor1	698	1	6	rs2732549	0.076489675284488	rs11608116	1	-0.283801	0.080543007601
698	rs2732549	rs11608116	0	0	3.35912436804789e-07	0.99999957717964	8.69442559803948e-08	1	1	rs2732549	ENSG00000110435	eqtl_rs2732549_ENSG00000110435_B38.txt	rs2732549_ENSG00000110435_LD.unphased.vcor1	698	1	6	rs2732549	0.076489675284488	rs11608116	1	0.283801	0.080543007601
698	rs2732549	rs61881133	1.25063063842366e-128	3.72308367536828e-122	3.35912464969696e-07	0.999999661171331	2.91622888248015e-09	1	4	rs2732549	ENSG00000110435	eqtl_rs2732549_ENSG00000110435_B38.txt	rs2732549_ENSG00000110435_LD.unphased.vcor1	698	1	6	rs2732549	0.076489675284488	rs11608116	1	-0.170327	0.029011286929
698	rs2732549	rs2941047	1.23638852110165e-29	3.68068539015508e-23	3.35912462642512e-07	0.999999654229472	9.85806747968767e-09	1	5	rs2732549	ENSG00000110435	eqtl_rs2732549_ENSG00000110435_B38.txt	rs2732549_ENSG00000110435_LD.unphased.vcor1	698	1	6	rs2732549	0.076489675284488	rs11608116	1	0.0658748	0.00433948927504
698	rs2732549	rs72924562	0	0	3.35912439457843e-07	0.999999585074051	7.90138581343541e-08	1	7	rs2732549	ENSG00000110435	eqtl_rs2732549_ENSG00000110435_B38.txt	rs2732549_ENSG00000110435_LD.unphased.vcor1	698	1	6	rs2732549	0.076489675284488	rs11608116	1	-0.26544	0.0704583936
698	rs2732549	rs7104984	1.90648607313038e-45	5.67554236887662e-39	3.35912464763119e-07	0.999999660555091	3.53244532331234e-09	1	3	rs2732549	ENSG00000110435	eqtl_rs2732549_ENSG00000110435_B38.txt	rs2732549_ENSG00000110435_LD.unphased.vcor1	698	1	6	rs2732549	0.076489675284488	rs11608116	1	-0.00161472	2.6073206784e-06
										rs148490292	ENSG00000173517	eqtl_rs148490292_ENSG00000173517_B38.txt	rs148490292_ENSG00000173517_LD.unphased.vcor1	16	0	3	rs111519289	0	rs76171653	0.991703031156339		
529	rs12805435	rs6598013	3.17240974528023e-09	0.0014931528166014	2.12145473199808e-06	0.998501562744076	3.15981218098025e-06	1	3	rs4963128	ENSG00000070047	eqtl_rs4963128_ENSG00000070047_B38.txt	rs4963128_ENSG00000070047_LD.unphased.vcor1	529	1	3	rs12805435	0.046138987127709	rs6598013	0.996812308165017	0.111101	0.012343432201
529	rs12805435	rs6598008	1.02031397588334e-15	4.8022948144531e-10	2.10817197014765e-06	0.992234266393316	0.0077636249544866	1	1	rs4963128	ENSG00000070047	eqtl_rs4963128_ENSG00000070047_B38.txt	rs4963128_ENSG00000070047_LD.unphased.vcor1	529	1	3	rs12805435	0.046138987127709	rs6598013	0.996812308165017	-0.658623	0.433784256129
529	rs12805435	rs118094432	4.60696899878341e-07	0.216835443364871	1.66298965612867e-06	0.782715681088124	0.000446751860449769	1	2	rs4963128	ENSG00000070047	eqtl_rs4963128_ENSG00000070047_B38.txt	rs4963128_ENSG00000070047_LD.unphased.vcor1	529	1	3	rs12805435	0.046138987127709	rs6598013	0.996812308165017	0.133262	0.017758760644
										rs9712275	ENSG00000115896	eqtl_rs9712275_ENSG00000115896_B38.txt	rs9712275_ENSG00000115896_LD.unphased.vcor1	618	0	5	rs17732991	0.0283211870711463	rs1065953	1		
										rs4685426	ENSG00000154822	eqtl_rs4685426_ENSG00000154822_B38.txt	rs4685426_ENSG00000154822_LD.unphased.vcor1	833	0	7	rs12486599	0.432858876075024	rs13317381	1		
										rs2841280	ENSG00000166428	eqtl_rs2841280_ENSG00000166428_B38.txt	rs2841280_ENSG00000166428_LD.unphased.vcor1	14	1	0	rs8003467	0.997955841871851	rs150454083	0.721458407560746		
										rs774471019	ENSG00000070501	eqtl_rs774471019_ENSG00000070501_B38.txt	rs774471019_ENSG00000070501_LD.unphased.vcor1	133	0	4	rs74675624	0.545118092670625	rs74820353	0.99999999999954		
164	rs73068668	rs73068668	4.2887230912562e-61	2.2873191114373e-58	5.1714353100164e-06	0.000759628588129895	0.99923519997656	1	1	rs73068668	ENSG00000105063	eqtl_rs73068668_ENSG00000105063_B38.txt	rs73068668_ENSG00000105063_LD.unphased.vcor1	164	1	6	rs73068668	0.738912298172608	rs10411896	0.999999999999996	1	1
164	rs73068668	rs10411896	1.83541788755091e-20	9.78889595420192e-18	0.0018714539437133	0.99810878694281	1.9759113475043e-05	1	2	rs73068668	ENSG00000105063	eqtl_rs73068668_ENSG00000105063_B38.txt	rs73068668_ENSG00000105063_LD.unphased.vcor1	164	1	6	rs73068668	0.738912298172608	rs10411896	0.999999999999996	0.225028	0.050637600784
164	rs73068668	rs45493898	0.000270751684940538	0.144400906806259	0.00159973950695176	0.853193381546946	0.000535220454903788	1	3	rs73068668	ENSG00000105063	eqtl_rs73068668_ENSG00000105063_B38.txt	rs73068668_ENSG00000105063_LD.unphased.vcor1	164	1	6	rs73068668	0.738912298172608	rs10411896	0.999999999999996	-0.00169352	2.8680099904e-06
164	rs73068668	rs7248953	2.52692932558052e-39	1.34769571657251e-36	0.00187121471556144	0.997980942420444	0.000147842863991267	1	4	rs73068668	ENSG00000105063	eqtl_rs73068668_ENSG00000105063_B38.txt	rs73068668_ENSG00000105063_LD.unphased.vcor1	164	1	6	rs73068668	0.738912298172608	rs10411896	0.999999999999996	0.213475	0.045571575625
164	rs73068668	rs11669468	3.65758945486091e-76	1.95071448631215e-73	0.0018710615957298	0.997899114543582	0.000229823860693792	1	5	rs73068668	ENSG00000105063	eqtl_rs73068668_ENSG00000105063_B38.txt	rs73068668_ENSG00000105063_LD.unphased.vcor1	164	1	6	rs73068668	0.738912298172608	rs10411896	0.999999999999996	-0.197501	0.039006645001
164	rs73068668	rs4806658	4.25038935469022e-05	0.0226687445077851	0.0018286342398002	0.975271272057817	0.000188845301050515	1	6	rs73068668	ENSG00000105063	eqtl_rs73068668_ENSG00000105063_B38.txt	rs73068668_ENSG00000105063_LD.unphased.vcor1	164	1	6	rs73068668	0.738912298172608	rs10411896	0.999999999999996	0.212898	0.045325558404
										rs7404928	ENSG00000166501	eqtl_rs7404928_ENSG00000166501_B38.txt	rs7404928_ENSG00000166501_LD.unphased.vcor1	910	0	10	rs113536258	0.0306060498983847	rs10459766	1		
610	rs6679677	rs2884603	4.25728699970904e-85	1.46982855997858e-75	2.89645140508947e-10	0.999999999549033	1.61313181408298e-10	1	1	rs2476601	ENSG00000134242	eqtl_rs2476601_ENSG00000134242_B38.txt	rs2476601_ENSG00000134242_LD.unphased.vcor1	610	1	6	rs6679677	0.527391203287717	rs12750414	1	-0.406349	0.165119509801
610	rs6679677	rs12760040	1.69693827256093e-70	5.85868027619757e-61	2.89645140554273e-10	0.999999999705835	4.51102001375328e-12	1	3	rs2476601	ENSG00000134242	eqtl_rs2476601_ENSG00000134242_B38.txt	rs2476601_ENSG00000134242_LD.unphased.vcor1	610	1	6	rs6679677	0.527391203287717	rs12750414	1	0.0915338	0.00837843654244
610	rs6679677	rs10858019	0	0	2.89645023287248e-10	0.999999594030751	4.05673850465998e-07	1	5	rs2476601	ENSG00000134242	eqtl_rs2476601_ENSG00000134242_B38.txt	rs2476601_ENSG00000134242_LD.unphased.vcor1	610	1	6	rs6679677	0.527391203287717	rs12750414	1	-0.5321	0.28313041
610	rs6679677	rs1777238	0	0	2.89645007510915e-10	0.999999539461093	4.60256153421578e-07	1	2	rs2476601	ENSG00000134242	eqtl_rs2476601_ENSG00000134242_B38.txt	rs2476601_ENSG00000134242_LD.unphased.vcor1	610	1	6	rs6679677	0.527391203287717	rs12750414	1	-0.525856	0.276524532736
610	rs6679677	rs12750414	0	0	2.8964505425826e-10	0.999999701176465	2.98533176165846e-07	1	4	rs2476601	ENSG00000134242	eqtl_rs2476601_ENSG00000134242_B38.txt	rs2476601_ENSG00000134242_LD.unphased.vcor1	610	1	6	rs6679677	0.527391203287717	rs12750414	1	0.531611	0.282610255321
610	rs6679677	rs4328072	0	0	2.8964505405173e-10	0.999999700463422	2.99252156237282e-07	1	6	rs2476601	ENSG00000134242	eqtl_rs2476601_ENSG00000134242_B38.txt	rs2476601_ENSG00000134242_LD.unphased.vcor1	610	1	6	rs6679677	0.527391203287717	rs12750414	1	0.527286	0.278030525796
										rs2296618	ENSG00000081237	eqtl_rs2296618_ENSG00000081237_B38.txt	rs2296618_ENSG00000081237_LD.unphased.vcor1	183	0	4	rs17669032	0.187347079374598	rs12751817	0.999998787619887		
										rs9437	ENSG00000104388	eqtl_rs9437_ENSG00000104388_B38.txt	rs9437_ENSG00000104388_LD.unphased.vcor1	554	0	9	rs28410592	0.0217880652658368	rs13277145	1		
										rs8035957	ENSG00000172575	eqtl_rs8035957_ENSG00000172575_B38.txt	rs8035957_ENSG00000172575_LD.unphased.vcor1	196	0	4	rs13329072	0.0771492459386317	rs36119086	0.953974023174108		
										rs13385731	ENSG00000152689	eqtl_rs13385731_ENSG00000152689_B38.txt	rs13385731_ENSG00000152689_LD.unphased.vcor1	518	0	10	rs4670819	0.0458439980512442	rs4077711	1		
										rs301799	ENSG00000232912	eqtl_rs301799_ENSG00000232912_B38.txt	rs301799_ENSG00000232912_LD.unphased.vcor1	292	0	2	rs3795310	0.0457986667373856	rs159963	0.976937606342998		
										rs2046616	ENSG00000122484	eqtl_rs2046616_ENSG00000122484_B38.txt	rs2046616_ENSG00000122484_LD.unphased.vcor1	459	0	6	rs2046616	0.142133280402139	rs3103170	1		
279	rs1003538	rs137575	0	0	0.708047030821864	0.279813304726935	0.0121396644513062	2	2	rs74804869	ENSG00000100316	eqtl_rs74804869_ENSG00000100316_B38.txt	rs74804869_ENSG00000100316_LD.unphased.vcor1	279	1	6	rs1003538	0.533369944846057	rs137575	1	-0.0943831	0.00890816956561
279	rs1003538	rs137578	0	0	0.70599608683643	0.278996986746158	0.0150069264175697	2	3	rs74804869	ENSG00000100316	eqtl_rs74804869_ENSG00000100316_B38.txt	rs74804869_ENSG00000100316_LD.unphased.vcor1	279	1	6	rs1003538	0.533369944846057	rs137575	1	-0.0820739	0.00673612506121
279	rs1003538	rs5757582	0	0	0.70938803088789	0.28034705039463	0.0102649187175757	2	5	rs74804869	ENSG00000100316	eqtl_rs74804869_ENSG00000100316_B38.txt	rs74804869_ENSG00000100316_LD.unphased.vcor1	279	1	6	rs1003538	0.533369944846057	rs137575	1	-0.12684	0.0160883856
279	rs1003538	rs1569497	0	0	0.699771544697223	0.276519490672761	0.0237089646297152	2	9	rs74804869	ENSG00000100316	eqtl_rs74804869_ENSG00000100316_B38.txt	rs74804869_ENSG00000100316_LD.unphased.vcor1	279	1	6	rs1003538	0.533369944846057	rs137575	1	-0.0370916	0.00137578679056
279	rs1003538	rs742402	0	0	0.708232760033131	0.279887228781591	0.0118800111855426	2	10	rs74804869	ENSG00000100316	eqtl_rs74804869_ENSG00000100316_B38.txt	rs74804869_ENSG00000100316_LD.unphased.vcor1	279	1	6	rs1003538	0.533369944846057	rs137575	1	0.0430714	0.00185514549796
279	rs1003538	rs137581	1.35109484877277e-206	5.33985882084755e-207	0.709947771341194	0.280569838632288	0.00948239002649242	2	1	rs74804869	ENSG00000100316	eqtl_rs74804869_ENSG00000100316_B38.txt	rs74804869_ENSG00000100316_LD.unphased.vcor1	279	1	6	rs1003538	0.533369944846057	rs137575	1	-0.139666	0.019506591556
										rs74804869	ENSG00000100321	eqtl_rs74804869_ENSG00000100321_B38.txt	rs74804869_ENSG00000100321_LD.unphased.vcor1	725	0	5	rs1003538	0.455116423435691	rs2069235	1		
										rs75967767	ENSG00000078808	eqtl_rs75967767_ENSG00000078808_B38.txt	rs75967767_ENSG00000078808_LD.unphased.vcor1	452	0	10	rs12142199	0.0890374337775843	rs111633162	1		
										rs12592504	ENSG00000138593	eqtl_rs12592504_ENSG00000138593_B38.txt	rs12592504_ENSG00000138593_LD.unphased.vcor1	257	0	2	rs7183756	0.128859969057437	rs16961946	0.793112174853347		
										rs4801882	ENSG00000105501	eqtl_rs4801882_ENSG00000105501_B38.txt	rs4801882_ENSG00000105501_LD.unphased.vcor1	674	0	10	rs61736486	0.057348836467648	rs11666027	1		
										rs202554	ENSG00000089012	eqtl_rs202554_ENSG00000089012_B38.txt	rs202554_ENSG00000089012_LD.unphased.vcor1	718	0	7	rs6134452	0.103787471081689	rs3746721	1		
										rs202554	ENSG00000223750	eqtl_rs202554_ENSG00000223750_B38.txt	rs202554_ENSG00000223750_LD.unphased.vcor1	330	0	7	rs6134452	0.188897689573749	rs2422612	1		
411	rs1059312	rs11059920	2.35378694760825e-75	3.16096503285e-68	7.44641824998757e-08	0.999999924890122	6.45684419600394e-10	1	2	rs923077	ENSG00000139370	eqtl_rs923077_ENSG00000139370_B38.txt	rs923077_ENSG00000139370_LD.unphased.vcor1	411	1	9	rs10773559	0.325334781832185	rs12818957	1	0.268607	0.072149720449
411	rs1059312	rs61946171	5.22121863539162e-56	7.01171767143483e-49	7.4464145179139e-08	0.999999422695335	5.02840516000926e-07	1	4	rs923077	ENSG00000139370	eqtl_rs923077_ENSG00000139370_B38.txt	rs923077_ENSG00000139370_LD.unphased.vcor1	411	1	9	rs10773559	0.325334781832185	rs12818957	1	-0.467624	0.218672205376
411	rs1059312	rs12818957	1.17385630374272e-49	1.57640381747022e-42	7.44641824821721e-08	0.999999924651905	8.83917476980312e-10	1	3	rs923077	ENSG00000139370	eqtl_rs923077_ENSG00000139370_B38.txt	rs923077_ENSG00000139370_LD.unphased.vcor1	411	1	9	rs10773559	0.325334781832185	rs12818957	1	0.0504976	0.00255000760576
411	rs1059312	rs4882715	2.62689437288525e-10	0.003527728482868	7.42009728615153e-08	0.996465196484574	7.00056889418581e-06	1	6	rs923077	ENSG00000139370	eqtl_rs923077_ENSG00000139370_B38.txt	rs923077_ENSG00000139370_LD.unphased.vcor1	411	1	9	rs10773559	0.325334781832185	rs12818957	1	0.0652814	0.00426166118596
411	rs1059312	rs183595387	9.57543034743425e-179	1.2859107972149e-171	7.44641824374102e-08	0.999999924049635	1.48616332778036e-09	1	8	rs923077	ENSG00000139370	eqtl_rs923077_ENSG00000139370_B38.txt	rs923077_ENSG00000139370_LD.unphased.vcor1	411	1	9	rs10773559	0.325334781832185	rs12818957	1	-0.237868	0.056581185424
411	rs1059312	rs146391632	4.80397687793385e-83	6.45139227456372e-76	7.44641824981424e-08	0.999999924866788	6.69017187254168e-10	1	9	rs923077	ENSG00000139370	eqtl_rs923077_ENSG00000139370_B38.txt	rs923077_ENSG00000139370_LD.unphased.vcor1	411	1	9	rs10773559	0.325334781832185	rs12818957	1	0.226729	0.051406039441
411	rs1059312	rs7980304	1.79952228323783e-09	0.0241662781711363	7.26550240563282e-08	0.975703980747991	0.000129666626325637	1	10	rs923077	ENSG00000139370	eqtl_rs923077_ENSG00000139370_B38.txt	rs923077_ENSG00000139370_LD.unphased.vcor1	411	1	9	rs10773559	0.325334781832185	rs12818957	1	-0.202516	0.041012730256
411	rs1059312	rs11059921	4.34007449534895e-138	5.82840504477341e-131	7.44490437174246e-08	0.999796214608981	0.000203710941974441	1	1	rs923077	ENSG00000139370	eqtl_rs923077_ENSG00000139370_B38.txt	rs923077_ENSG00000139370_LD.unphased.vcor1	411	1	9	rs10773559	0.325334781832185	rs12818957	1	0.906729	0.822157479441
411	rs1059312	rs34852311	5.24199985293738e-16	7.03962533829863e-09	7.44640866118598e-08	0.999998634617208	1.28387908147413e-06	1	7	rs923077	ENSG00000139370	eqtl_rs923077_ENSG00000139370_B38.txt	rs923077_ENSG00000139370_LD.unphased.vcor1	411	1	9	rs10773559	0.325334781832185	rs12818957	1	0.382219	0.146091363961
										rs923077	ENSG00000181234	eqtl_rs923077_ENSG00000181234_B38.txt	rs923077_ENSG00000181234_LD.unphased.vcor1	163	0	3	rs10773559	0.678728650944119	rs12228847	0.940164899440321		
498	rs35603640	rs754110	1.49688651470112e-308	1.95482599833551e-306	0.00391615893496668	0.995891061907662	0.000192779157383278	1	2	rs268124	ENSG00000198369	eqtl_rs268124_ENSG00000198369_B38.txt	rs268124_ENSG00000198369_LD.unphased.vcor1	498	1	8	rs35603640	0.655249457736144	rs11688417	1	0.140183	0.019651273489
498	rs35603640	rs7576126	0	0	0.0039085582749334	0.993954301540558	0.00213714019219258	1	4	rs268124	ENSG00000198369	eqtl_rs268124_ENSG00000198369_B38.txt	rs268124_ENSG00000198369_LD.unphased.vcor1	498	1	8	rs35603640	0.655249457736144	rs11688417	1	0.216757	0.046983597049
498	rs35603640	rs12185610	0	0	0.00390824750585304	0.993875113242068	0.00221663920708972	1	5	rs268124	ENSG00000198369	eqtl_rs268124_ENSG00000198369_B38.txt	rs268124_ENSG00000198369_LD.unphased.vcor1	498	1	8	rs35603640	0.655249457736144	rs11688417	1	-0.216757	0.046983597049
498	rs35603640	rs12713541	0	0	0.00336280402064282	0.854888066259919	0.141749129734833	1	6	rs268124	ENSG00000198369	eqtl_rs268124_ENSG00000198369_B38.txt	rs268124_ENSG00000198369_LD.unphased.vcor1	498	1	8	rs35603640	0.655249457736144	rs11688417	1	0.711047	0.505587836209
498	rs35603640	rs1437466	0	0	0.00390899561352333	0.994065742021283	0.00202526242224977	1	9	rs268124	ENSG00000198369	eqtl_rs268124_ENSG00000198369_B38.txt	rs268124_ENSG00000198369_LD.unphased.vcor1	498	1	8	rs35603640	0.655249457736144	rs11688417	1	0.21921	0.0480530241
498	rs35603640	rs11688417	0	0	0.00297000536885907	0.75479717507299	0.242232819562774	1	10	rs268124	ENSG00000198369	eqtl_rs268124_ENSG00000198369_B38.txt	rs268124_ENSG00000198369_LD.unphased.vcor1	498	1	8	rs35603640	0.655249457736144	rs11688417	1	-0.714439	0.510423084721
498	rs35603640	rs143086519	2.707992843188e-179	6.88651037180987e-177	0.00391607682303644	0.995870138576648	0.000213784600295708	1	1	rs268124	ENSG00000198369	eqtl_rs268124_ENSG00000198369_B38.txt	rs268124_ENSG00000198369_LD.unphased.vcor1	498	1	8	rs35603640	0.655249457736144	rs11688417	1	0.318256	0.101286881536
498	rs35603640	rs6546152	9.85009454968644e-09	2.50490980618196e-06	0.00391667114378051	0.996021585309526	5.92287867930852e-05	1	3	rs268124	ENSG00000198369	eqtl_rs268124_ENSG00000198369_B38.txt	rs268124_ENSG00000198369_LD.unphased.vcor1	498	1	8	rs35603640	0.655249457736144	rs11688417	1	0.14947	0.0223412809
314	rs12998748	rs16833249	3.36663162197653e-25	3.25049448861677e-10	1.03572906604442e-15	0.999999999673577	1.37076375734079e-12	2	1	rs4853459	ENSG00000138378	eqtl_rs4853459_ENSG00000138378_B38.txt	rs4853459_ENSG00000138378_LD.unphased.vcor1	314	5	3	rs12998748	1	rs16833249	0.431163581795177	0.135719	0.018419646961
314	rs11676659	rs16833249	2.95777788116425e-62	3.25049448823458e-10	9.09947052842851e-53	0.999999999555769	1.19172007599492e-10	3	1	rs4853459	ENSG00000138378	eqtl_rs4853459_ENSG00000138378_B38.txt	rs4853459_ENSG00000138378_LD.unphased.vcor1	314	5	3	rs12998748	1	rs16833249	0.431163581795177	0.319503	0.102082167009
314	rs45539732	rs16833249	3.59055096885251e-14	3.25013088281918e-10	0.000110461684529987	0.999888135180841	1.40280957938763e-06	5	1	rs4853459	ENSG00000138378	eqtl_rs4853459_ENSG00000138378_B38.txt	rs4853459_ENSG00000138378_LD.unphased.vcor1	314	5	3	rs12998748	1	rs16833249	0.431163581795177	-0.125175	0.015668780625
314	rs4853458	rs16833249	3.76266925250495e-79	3.25049447911238e-10	1.15756826059962e-69	0.999999996743725	2.93122700156466e-09	1	1	rs4853459	ENSG00000138378	eqtl_rs4853459_ENSG00000138378_B38.txt	rs4853459_ENSG00000138378_LD.unphased.vcor1	314	5	3	rs12998748	1	rs16833249	0.431163581795177	-0.633927	0.401863441329
314	rs41507345	rs16833249	1.08501680881883e-10	2.1526931242624e-10	0.333800537814903	0.662258468902669	0.00394099295865704	6	1	rs4853459	ENSG00000138378	eqtl_rs4853459_ENSG00000138378_B38.txt	rs4853459_ENSG00000138378_LD.unphased.vcor1	314	5	3	rs12998748	1	rs16833249	0.431163581795177	-0.0989886	0.00979874292996
314	rs12998748	rs4853545	1.91938149758112e-16	0.185316948213585	7.9712603455334e-16	0.769537655768793	0.0451453960176222	2	2	rs4853459	ENSG00000138378	eqtl_rs4853459_ENSG00000138378_B38.txt	rs4853459_ENSG00000138378_LD.unphased.vcor1	314	5	3	rs12998748	1	rs16833249	0.431163581795177	0.15872	0.0251920384
314	rs11676659	rs4853545	1.76519872169807e-53	0.193989168424634	7.33093373568029e-53	0.80564325363689	0.000367577938479651	3	2	rs4853459	ENSG00000138378	eqtl_rs4853459_ENSG00000138378_B38.txt	rs4853459_ENSG00000138378_LD.unphased.vcor1	314	5	3	rs12998748	1	rs16833249	0.431163581795177	0.172489	0.029752455121
314	rs45539732	rs4853545	2.14245673634686e-05	0.193933044379824	8.89769982985931e-05	0.805409810129621	0.000546743924892754	5	2	rs4853459	ENSG00000138378	eqtl_rs4853459_ENSG00000138378_B38.txt	rs4853459_ENSG00000138378_LD.unphased.vcor1	314	5	3	rs12998748	1	rs16833249	0.431163581795177	-0.0657228	0.00431948643984
314	rs4853458	rs4853545	2.22418000369059e-70	0.192142448282834	9.23709949642147e-70	0.797954687941805	0.00990286377534952	1	2	rs4853459	ENSG00000138378	eqtl_rs4853459_ENSG00000138378_B38.txt	rs4853459_ENSG00000138378_LD.unphased.vcor1	314	5	3	rs12998748	1	rs16833249	0.431163581795177	-0.298886	0.089332840996
314	rs41507345	rs4853545	0.0647996271016328	0.128563641210598	0.269115180370111	0.533922224105428	0.00359932721223056	6	2	rs4853459	ENSG00000138378	eqtl_rs4853459_ENSG00000138378_B38.txt	rs4853459_ENSG00000138378_LD.unphased.vcor1	314	5	3	rs12998748	1	rs16833249	0.431163581795177	-0.0942521	0.00888345835441
314	rs12998748	rs13029339	6.14152746043669e-16	0.592966602925148	5.50426285594979e-17	0.0524346509775072	0.354598746097341	2	3	rs4853459	ENSG00000138378	eqtl_rs4853459_ENSG00000138378_B38.txt	rs4853459_ENSG00000138378_LD.unphased.vcor1	314	5	3	rs12998748	1	rs16833249	0.431163581795177	0.269967	0.072882181089
314	rs11676659	rs13029339	8.33512879804902e-53	0.916001515506603	7.47024907699368e-54	0.082091612031096	0.00190687246229606	3	3	rs4853459	ENSG00000138378	eqtl_rs4853459_ENSG00000138378_B38.txt	rs4853459_ENSG00000138378_LD.unphased.vcor1	314	5	3	rs12998748	1	rs16833249	0.431163581795177	0.300471	0.090282821841
314	rs45539732	rs13029339	0.000101040473180394	0.914608273624403	9.05561893286536e-06	0.0819639228980498	0.00331770738543301	5	3	rs4853459	ENSG00000138378	eqtl_rs4853459_ENSG00000138378_B38.txt	rs4853459_ENSG00000138378_LD.unphased.vcor1	314	5	3	rs12998748	1	rs16833249	0.431163581795177	0.00802745	6.44399535025e-05
314	rs4853458	rs13029339	1.05999416578372e-69	0.915707693807395	9.50005768407301e-71	0.0820646370560971	0.0022276691365101	1	3	rs4853459	ENSG00000138378	eqtl_rs4853459_ENSG00000138378_B38.txt	rs4853459_ENSG00000138378_LD.unphased.vcor1	314	5	3	rs12998748	1	rs16833249	0.431163581795177	0.102059	0.010416039481
314	rs41507345	rs13029339	0.306429123960132	0.60796096692809	0.0274633054376192	0.0544803660604664	0.00366623761369167	6	3	rs4853459	ENSG00000138378	eqtl_rs4853459_ENSG00000138378_B38.txt	rs4853459_ENSG00000138378_LD.unphased.vcor1	314	5	3	rs12998748	1	rs16833249	0.431163581795177	0.0558969	0.00312446342961
										rs12576774	ENSG00000167323	eqtl_rs12576774_ENSG00000167323_B38.txt	rs12576774_ENSG00000167323_LD.unphased.vcor1	437	0	9	rs10047431	0	rs10835206	1		
										rs360050	ENSG00000133789	eqtl_rs360050_ENSG00000133789_B38.txt	rs360050_ENSG00000133789_LD.unphased.vcor1	721	0	7	rs405449	0.0691357497936437	rs10770059	1		
										rs4388254	ENSG00000081059	eqtl_rs4388254_ENSG00000081059_B38.txt	rs4388254_ENSG00000081059_LD.unphased.vcor1	242	0	2	rs4388254	0.419330908108137	rs244672	1		
										rs4388254	ENSG00000213585	eqtl_rs4388254_ENSG00000213585_B38.txt	rs4388254_ENSG00000213585_LD.unphased.vcor1	315	0	2	rs4388254	0.421111594080777	rs10035803	1		
										rs755393386	ENSG00000074219	eqtl_rs755393386_ENSG00000074219_B38.txt	rs755393386_ENSG00000074219_LD.unphased.vcor1	350	0	3	rs76246107	0.192989563350511	rs57104627	1		
										rs12636784	ENSG00000176142	eqtl_rs12636784_ENSG00000176142_B38.txt	rs12636784_ENSG00000176142_LD.unphased.vcor1	325	0	4	rs34844599	0.111153167140471	rs4688002	1		
										rs2740174	ENSG00000196187	eqtl_rs2740174_ENSG00000196187_B38.txt	rs2740174_ENSG00000196187_LD.unphased.vcor1	680	0	10	rs75862910	0.450473637710374	rs6965	0.999999999999726		
283	rs928722	rs498361	3.12905248608116e-05	0.00110997448324825	0.0273768766730069	0.971144253590681	0.000337604728204116	2	1	rs7749323	ENSG00000118503	eqtl_rs7749323_ENSG00000118503_B38.txt	rs7749323_ENSG00000118503_LD.unphased.vcor1	283	2	1	rs5029924	0.402819438423605	rs498361	0.279514719148107	0.172205	0.029654562025
283	rs5029924	rs498361	6.17751881919306e-19	0.00114164665680837	5.40486845812021e-16	0.998855714356724	2.638986468419e-06	1	1	rs7749323	ENSG00000118503	eqtl_rs7749323_ENSG00000118503_B38.txt	rs7749323_ENSG00000118503_LD.unphased.vcor1	283	2	1	rs5029924	0.402819438423605	rs498361	0.279514719148107	0.0871971	0.00760333424841
										rs10066380	ENSG00000145779	eqtl_rs10066380_ENSG00000145779_B38.txt	rs10066380_ENSG00000145779_LD.unphased.vcor1	96	0	5	rs10035593	0	rs114290238	0.999509719651684		
										rs34562254	ENSG00000240505	eqtl_rs34562254_ENSG00000240505_B38.txt	rs34562254_ENSG00000240505_LD.unphased.vcor1	102	0	0	rs57166795	0.167931264171043	rs112451029	0.926314843423386		
739	rs6425217	rs10489268	0	0	1.58981488416187e-25	1	6.96124731602623e-28	1	1	rs2205960	ENSG00000117586	eqtl_rs2205960_ENSG00000117586_B38.txt	rs2205960_ENSG00000117586_LD.unphased.vcor1	739	3	9	rs2205959	0.945762275577349	rs1234293	1	-0.0209535	0.00043904916225
739	rs2205959	rs10489268	0	0	3.88097770460222e-08	0.999999960925266	2.64932178075466e-10	2	1	rs2205960	ENSG00000117586	eqtl_rs2205960_ENSG00000117586_B38.txt	rs2205960_ENSG00000117586_LD.unphased.vcor1	739	3	9	rs2205959	0.945762275577349	rs1234293	1	-0.00943324	8.89860168976e-05
739	rs12039904	rs10489268	0	0	0.000167542312934604	0.999829715685169	2.74200187597453e-06	4	1	rs2205960	ENSG00000117586	eqtl_rs2205960_ENSG00000117586_B38.txt	rs2205960_ENSG00000117586_LD.unphased.vcor1	739	3	9	rs2205959	0.945762275577349	rs1234293	1	0.257105	0.066102981025
739	rs6425217	rs4916319	2.0486362351636e-48	1.28860048775036e-23	1.58981488416172e-25	1	5.1669943070539e-26	1	3	rs2205960	ENSG00000117586	eqtl_rs2205960_ENSG00000117586_B38.txt	rs2205960_ENSG00000117586_LD.unphased.vcor1	739	3	9	rs2205959	0.945762275577349	rs1234293	1	-0.142983	0.020444138289
739	rs2205959	rs4916319	5.00102778290536e-31	1.28859992716895e-23	3.88097616790143e-08	0.999999564174767	3.97015468571996e-07	2	3	rs2205960	ENSG00000117586	eqtl_rs2205960_ENSG00000117586_B38.txt	rs2205960_ENSG00000117586_LD.unphased.vcor1	739	3	9	rs2205959	0.945762275577349	rs1234293	1	0.493089	0.243136761921
739	rs12039904	rs4916319	2.15892328406811e-27	1.28836448973824e-23	0.000167540157293991	0.999816825846087	1.56339966221813e-05	4	3	rs2205960	ENSG00000117586	eqtl_rs2205960_ENSG00000117586_B38.txt	rs2205960_ENSG00000117586_LD.unphased.vcor1	739	3	9	rs2205959	0.945762275577349	rs1234293	1	-0.33457	0.1119370849
739	rs6425217	rs1234296	0	0	1.58981488409535e-25	1	3.02774643257326e-27	1	4	rs2205960	ENSG00000117586	eqtl_rs2205960_ENSG00000117586_B38.txt	rs2205960_ENSG00000117586_LD.unphased.vcor1	739	3	9	rs2205959	0.945762275577349	rs1234293	1	-0.0898022	0.00806443512484
739	rs2205959	rs1234296	0	0	3.88097770424219e-08	0.999999960884453	3.94866023012324e-10	2	4	rs2205960	ENSG00000117586	eqtl_rs2205960_ENSG00000117586_B38.txt	rs2205960_ENSG00000117586_LD.unphased.vcor1	739	3	9	rs2205959	0.945762275577349	rs1234293	1	-0.021669	0.000469545561
739	rs12039904	rs1234296	0	0	0.000167542538009015	0.999831061646446	1.39570974407737e-06	4	4	rs2205960	ENSG00000117586	eqtl_rs2205960_ENSG00000117586_B38.txt	rs2205960_ENSG00000117586_LD.unphased.vcor1	739	3	9	rs2205959	0.945762275577349	rs1234293	1	-0.140858	0.019840976164
739	rs6425217	rs78317254	7.02610004960883e-67	4.41944538298465e-42	1.58981488416178e-25	1	1.17775530270203e-27	1	5	rs2205960	ENSG00000117586	eqtl_rs2205960_ENSG00000117586_B38.txt	rs2205960_ENSG00000117586_LD.unphased.vcor1	739	3	9	rs2205959	0.945762275577349	rs1234293	1	-0.182564	0.033329614096
739	rs2205959	rs78317254	1.71517689281059e-49	4.41944519227122e-42	3.88097768877122e-08	0.999999956838082	4.35214062092043e-09	2	5	rs2205960	ENSG00000117586	eqtl_rs2205960_ENSG00000117586_B38.txt	rs2205960_ENSG00000117586_LD.unphased.vcor1	739	3	9	rs2205959	0.945762275577349	rs1234293	1	0.194072	0.037663941184
739	rs12039904	rs78317254	7.40442888760431e-46	4.41868560869178e-42	0.000167542038557879	0.999828075025914	4.38293552632562e-06	4	5	rs2205960	ENSG00000117586	eqtl_rs2205960_ENSG00000117586_B38.txt	rs2205960_ENSG00000117586_LD.unphased.vcor1	739	3	9	rs2205959	0.945762275577349	rs1234293	1	-0.0973311	0.00947334302721
739	rs6425217	rs1234300	0	0	1.58981488409535e-25	1	1.38604224008209e-27	1	7	rs2205960	ENSG00000117586	eqtl_rs2205960_ENSG00000117586_B38.txt	rs2205960_ENSG00000117586_LD.unphased.vcor1	739	3	9	rs2205959	0.945762275577349	rs1234293	1	0.130948	0.017147378704
739	rs2205959	rs1234300	0	0	3.88097770424219e-08	0.999999960884453	3.25087331240503e-10	2	7	rs2205960	ENSG00000117586	eqtl_rs2205960_ENSG00000117586_B38.txt	rs2205960_ENSG00000117586_LD.unphased.vcor1	739	3	9	rs2205959	0.945762275577349	rs1234293	1	-0.0624532	0.00390040219024
739	rs12039904	rs1234300	0	0	0.000167542344875384	0.999829906769426	2.55082850814013e-06	4	7	rs2205960	ENSG00000117586	eqtl_rs2205960_ENSG00000117586_B38.txt	rs2205960_ENSG00000117586_LD.unphased.vcor1	739	3	9	rs2205959	0.945762275577349	rs1234293	1	0.161859	0.026198335881
739	rs6425217	rs73036209	0	0	1.58981488409535e-25	1	1.01962169885543e-27	1	8	rs2205960	ENSG00000117586	eqtl_rs2205960_ENSG00000117586_B38.txt	rs2205960_ENSG00000117586_LD.unphased.vcor1	739	3	9	rs2205959	0.945762275577349	rs1234293	1	-0.0807336	0.00651791416896
739	rs2205959	rs73036209	0	0	3.88097764008584e-08	0.99999994429527	1.68966949591727e-08	2	8	rs2205960	ENSG00000117586	eqtl_rs2205960_ENSG00000117586_B38.txt	rs2205960_ENSG00000117586_LD.unphased.vcor1	739	3	9	rs2205959	0.945762275577349	rs1234293	1	0.153702	0.023624304804
739	rs12039904	rs73036209	0	0	0.000167540974924195	0.999821715002657	1.07440371554622e-05	4	8	rs2205960	ENSG00000117586	eqtl_rs2205960_ENSG00000117586_B38.txt	rs2205960_ENSG00000117586_LD.unphased.vcor1	739	3	9	rs2205959	0.945762275577349	rs1234293	1	-0.0464649	0.00215898693201
739	rs6425217	rs1234293	0	0	1.58981488409535e-25	1	3.1707073460917e-27	1	10	rs2205960	ENSG00000117586	eqtl_rs2205960_ENSG00000117586_B38.txt	rs2205960_ENSG00000117586_LD.unphased.vcor1	739	3	9	rs2205959	0.945762275577349	rs1234293	1	-0.0898022	0.00806443512484
739	rs2205959	rs1234293	0	0	3.88097770424219e-08	0.999999960884453	4.04844401300347e-10	2	10	rs2205960	ENSG00000117586	eqtl_rs2205960_ENSG00000117586_B38.txt	rs2205960_ENSG00000117586_LD.unphased.vcor1	739	3	9	rs2205959	0.945762275577349	rs1234293	1	-0.021669	0.000469545561
739	rs12039904	rs1234293	0	0	0.000167542537852979	0.999831060715281	1.3966565031888e-06	4	10	rs2205960	ENSG00000117586	eqtl_rs2205960_ENSG00000117586_B38.txt	rs2205960_ENSG00000117586_LD.unphased.vcor1	739	3	9	rs2205959	0.945762275577349	rs1234293	1	-0.140858	0.019840976164
739	rs6425217	rs10753083	1.46041711609264e-28	0.000918608279895853	1.58835138439617e-25	0.999079448835329	1.94288477280055e-06	1	6	rs2205960	ENSG00000117586	eqtl_rs2205960_ENSG00000117586_B38.txt	rs2205960_ENSG00000117586_LD.unphased.vcor1	739	3	9	rs2205959	0.945762275577349	rs1234293	1	0.00369305	1.36386183025e-05
739	rs2205959	rs10753083	3.56507255057579e-11	0.000918601621196175	3.87737712656377e-08	0.999072192377065	9.16719231805691e-06	2	6	rs2205960	ENSG00000117586	eqtl_rs2205960_ENSG00000117586_B38.txt	rs2205960_ENSG00000117586_LD.unphased.vcor1	739	3	9	rs2205959	0.945762275577349	rs1234293	1	-0.0438951	0.00192677980401
739	rs12039904	rs10753083	1.53905623666984e-07	0.000918451071266984	0.000167387938503387	0.99890846133874	5.54574586575322e-06	4	6	rs2205960	ENSG00000117586	eqtl_rs2205960_ENSG00000117586_B38.txt	rs2205960_ENSG00000117586_LD.unphased.vcor1	739	3	9	rs2205959	0.945762275577349	rs1234293	1	0.0472536	0.00223290271296
739	rs6425217	rs16845558	1.55727439419752e-51	9.79531900041696e-27	1.58981488416172e-25	1	2.69634623742109e-27	1	2	rs2205960	ENSG00000117586	eqtl_rs2205960_ENSG00000117586_B38.txt	rs2205960_ENSG00000117586_LD.unphased.vcor1	739	3	9	rs2205959	0.945762275577349	rs1234293	1	-0.0079385	6.301978225e-05
739	rs2205959	rs16845558	3.80154145962925e-34	9.79531860381327e-27	3.88097769911054e-08	0.99999995950752	1.68270164352377e-09	2	2	rs2205960	ENSG00000117586	eqtl_rs2205960_ENSG00000117586_B38.txt	rs2205960_ENSG00000117586_LD.unphased.vcor1	739	3	9	rs2205959	0.945762275577349	rs1234293	1	-0.0615901	0.00379334041801
739	rs12039904	rs16845558	1.64113111296739e-30	9.79365531214068e-27	0.000167542385592293	0.999830150148141	2.30746626866174e-06	4	2	rs2205960	ENSG00000117586	eqtl_rs2205960_ENSG00000117586_B38.txt	rs2205960_ENSG00000117586_LD.unphased.vcor1	739	3	9	rs2205959	0.945762275577349	rs1234293	1	-0.0955716	0.00913393072656
570	rs62382336	rs12518386	9.72447305939712e-153	1.13529163661475e-151	0.0786779410022616	0.91852652744202	0.00279553155573146	2	1	rs10036748	ENSG00000145901	eqtl_rs10036748_ENSG00000145901_B38.txt	rs10036748_ENSG00000145901_LD.unphased.vcor1	570	2	6	rs62382336	0.997539425511593	rs13183792	0.980370226086458	-0.163879	0.026856326641
570	rs960709	rs12518386	1.36726599031269e-175	1.23598469094623e-151	1.10621595908755e-24	1	1.13321327934652e-26	1	1	rs10036748	ENSG00000145901	eqtl_rs10036748_ENSG00000145901_B38.txt	rs10036748_ENSG00000145901_LD.unphased.vcor1	570	2	6	rs62382336	0.997539425511593	rs13183792	0.980370226086458	0.186343	0.034723713649
570	rs62382336	rs13183792	0.010768338539868	0.125715857403039	0.0675185211930346	0.788235026018471	0.00776225684558728	2	3	rs10036748	ENSG00000145901	eqtl_rs10036748_ENSG00000145901_B38.txt	rs10036748_ENSG00000145901_LD.unphased.vcor1	570	2	6	rs62382336	0.997539425511593	rs13183792	0.980370226086458	0.0577644	0.00333672590736
570	rs960709	rs13183792	1.52117182858194e-25	0.137511289372155	9.53789407401153e-25	0.862208486135198	0.000280224492646517	1	3	rs10036748	ENSG00000145901	eqtl_rs10036748_ENSG00000145901_B38.txt	rs10036748_ENSG00000145901_LD.unphased.vcor1	570	2	6	rs62382336	0.997539425511593	rs13183792	0.980370226086458	-0.025928	0.000672261184
570	rs62382336	rs62380626	0.00213886186712119	0.024970319469089	0.00411972443414904	0.0462510229209467	0.922520071308694	2	4	rs10036748	ENSG00000145901	eqtl_rs10036748_ENSG00000145901_B38.txt	rs10036748_ENSG00000145901_LD.unphased.vcor1	570	2	6	rs62382336	0.997539425511593	rs13183792	0.980370226086458	-0.487893	0.238039579449
570	rs960709	rs62380626	3.77800601606973e-25	0.341525177342924	7.27692794753191e-25	0.657820329523977	0.000654493133098159	1	4	rs10036748	ENSG00000145901	eqtl_rs10036748_ENSG00000145901_B38.txt	rs10036748_ENSG00000145901_LD.unphased.vcor1	570	2	6	rs62382336	0.997539425511593	rs13183792	0.980370226086458	0.0865455	0.00749012357025
570	rs62382336	rs3815720	0.00247108121105836	0.0288488416305448	0.0761025859004905	0.888457683111458	0.00411980814644838	2	5	rs10036748	ENSG00000145901	eqtl_rs10036748_ENSG00000145901_B38.txt	rs10036748_ENSG00000145901_LD.unphased.vcor1	570	2	6	rs62382336	0.997539425511593	rs13183792	0.980370226086458	0.0309759	0.00095950638081
570	rs960709	rs3815720	3.47759447472709e-26	0.0314368496147471	1.07100459125193e-24	0.968168746673935	0.000394403711317273	1	5	rs10036748	ENSG00000145901	eqtl_rs10036748_ENSG00000145901_B38.txt	rs10036748_ENSG00000145901_LD.unphased.vcor1	570	2	6	rs62382336	0.997539425511593	rs13183792	0.980370226086458	-0.316261	0.100021020121
570	rs62382336	rs72790119	4.30325676198495e-05	0.000502387263787677	0.0787941240710028	0.919886960342609	0.000773495754980955	2	2	rs10036748	ENSG00000145901	eqtl_rs10036748_ENSG00000145901_B38.txt	rs10036748_ENSG00000145901_LD.unphased.vcor1	570	2	6	rs62382336	0.997539425511593	rs13183792	0.980370226086458	-0.0580063	0.00336473083969
570	rs960709	rs72790119	6.03817372053211e-28	0.000545840409454247	1.10561055408281e-24	0.999452721521984	1.43806856115355e-06	1	2	rs10036748	ENSG00000145901	eqtl_rs10036748_ENSG00000145901_B38.txt	rs10036748_ENSG00000145901_LD.unphased.vcor1	570	2	6	rs62382336	0.997539425511593	rs13183792	0.980370226086458	0.175187	0.030690484969
570	rs62382336	rs6579807	0.00178145594847436	0.020797754561582	0.0769678460264281	0.898563695013845	0.0018892484496703	2	6	rs10036748	ENSG00000145901	eqtl_rs10036748_ENSG00000145901_B38.txt	rs10036748_ENSG00000145901_LD.unphased.vcor1	570	2	6	rs62382336	0.997539425511593	rs13183792	0.980370226086458	-0.135338	0.018316374244
570	rs960709	rs6579807	2.50235628723671e-26	0.022620865904887	1.08114362066737e-24	0.977334953486376	4.41806087362214e-05	1	6	rs10036748	ENSG00000145901	eqtl_rs10036748_ENSG00000145901_B38.txt	rs10036748_ENSG00000145901_LD.unphased.vcor1	570	2	6	rs62382336	0.997539425511593	rs13183792	0.980370226086458	0.00858239	7.36574181121e-05
										rs7126711	ENSG00000162341	eqtl_rs7126711_ENSG00000162341_B38.txt	rs7126711_ENSG00000162341_LD.unphased.vcor1	976	0	10	rs74685061	0.62278060105171	rs10736670	1		
										rs1482518599	ENSG00000131323	eqtl_rs1482518599_ENSG00000131323_B38.txt	rs1482518599_ENSG00000131323_LD.unphased.vcor1	508	0	7	rs12887521	0.050039229697826	rs1051750	1		
										rs12241531	ENSG00000171206	eqtl_rs12241531_ENSG00000171206_B38.txt	rs12241531_ENSG00000171206_LD.unphased.vcor1	37	0	8	rs117526247	0.258725148790011	rs117448007	0.999999861755475		
										rs16826583	ENSG00000043514	eqtl_rs16826583_ENSG00000043514_B38.txt	rs16826583_ENSG00000043514_LD.unphased.vcor1	44	0	3	rs112323105	0	rs77027633	0.998606094752044		
										rs2234290	ENSG00000064201	eqtl_rs2234290_ENSG00000064201_B38.txt	rs2234290_ENSG00000064201_LD.unphased.vcor1	388	0	9	rs111815403	0.221296583242298	rs11823682	1		
536	rs75407602	rs6511694	6.21671617114088e-51	7.89263440177501e-48	0.000787035063523569	0.999205973029949	6.99190652990851e-06	2	2	rs34536443	ENSG00000105397	eqtl_rs34536443_ENSG00000105397_B38.txt	rs34536443_ENSG00000105397_LD.unphased.vcor1	536	2	7	rs75407602	0.999850196279666	rs11879191	1	-0.0356556	0.00127132181136
536	rs35251378	rs6511694	7.33256424439643e-56	7.89890616206007e-48	9.28301213536039e-09	0.999999990651332	6.56587079037141e-11	1	2	rs34536443	ENSG00000105397	eqtl_rs34536443_ENSG00000105397_B38.txt	rs34536443_ENSG00000105397_LD.unphased.vcor1	536	2	7	rs75407602	0.999850196279666	rs11879191	1	-0.136321	0.018583415041
536	rs75407602	rs34725611	1.17619609724554e-87	1.49327804660737e-84	0.000787028370958797	0.999197459225454	1.55124036007523e-05	2	1	rs34536443	ENSG00000105397	eqtl_rs34536443_ENSG00000105397_B38.txt	rs34536443_ENSG00000105397_LD.unphased.vcor1	536	2	7	rs75407602	0.999850196279666	rs11879191	1	-0.301029	0.090618458841
536	rs35251378	rs34725611	6.78758898478968e-93	7.31183889707588e-85	4.54178101249191e-09	0.488233715389858	0.511766280068371	1	1	rs34536443	ENSG00000105397	eqtl_rs34536443_ENSG00000105397_B38.txt	rs34536443_ENSG00000105397_LD.unphased.vcor1	536	2	7	rs75407602	0.999850196279666	rs11879191	1	-0.979694	0.959800333636
536	rs75407602	rs75407602	2.90970005062933e-88	3.69410442526749e-85	1.57555624319995e-06	3.02477237121747e-07	0.999998121966514	2	4	rs34536443	ENSG00000105397	eqtl_rs34536443_ENSG00000105397_B38.txt	rs34536443_ENSG00000105397_LD.unphased.vcor1	536	2	7	rs75407602	0.999850196279666	rs11879191	1	1	1
536	rs35251378	rs75407602	1.71436475067016e-90	1.84677635841184e-82	9.28301212853909e-09	0.99999998991504	8.01940699925121e-10	1	4	rs34536443	ENSG00000105397	eqtl_rs34536443_ENSG00000105397_B38.txt	rs34536443_ENSG00000105397_LD.unphased.vcor1	536	2	7	rs75407602	0.999850196279666	rs11879191	1	0.282703	0.079920986209
536	rs75407602	rs28382805	0	0	0.000787034909609918	0.999205777232042	7.18785836131795e-06	2	5	rs34536443	ENSG00000105397	eqtl_rs34536443_ENSG00000105397_B38.txt	rs34536443_ENSG00000105397_LD.unphased.vcor1	536	2	7	rs75407602	0.999850196279666	rs11879191	1	0.295758	0.087472794564
536	rs35251378	rs28382805	0	0	9.28301142832684e-09	0.999999914334243	7.63827581179762e-08	1	5	rs34536443	ENSG00000105397	eqtl_rs34536443_ENSG00000105397_B38.txt	rs34536443_ENSG00000105397_LD.unphased.vcor1	536	2	7	rs75407602	0.999850196279666	rs11879191	1	0.677226	0.458635055076
536	rs75407602	rs11879191	0	0	0.000787034682814944	0.999205488720033	7.47659677133083e-06	2	6	rs34536443	ENSG00000105397	eqtl_rs34536443_ENSG00000105397_B38.txt	rs34536443_ENSG00000105397_LD.unphased.vcor1	536	2	7	rs75407602	0.999850196279666	rs11879191	1	0.318163	0.101227694569
536	rs35251378	rs11879191	0	0	9.2830094564995e-09	0.999999701496608	2.89220731243683e-07	1	6	rs34536443	ENSG00000105397	eqtl_rs34536443_ENSG00000105397_B38.txt	rs34536443_ENSG00000105397_LD.unphased.vcor1	536	2	7	rs75407602	0.999850196279666	rs11879191	1	0.729809	0.532621176481
536	rs75407602	rs73923215	0	0	0.000787034334013099	0.999205044996706	7.92066917978328e-06	2	7	rs34536443	ENSG00000105397	eqtl_rs34536443_ENSG00000105397_B38.txt	rs34536443_ENSG00000105397_LD.unphased.vcor1	536	2	7	rs75407602	0.999850196279666	rs11879191	1	-0.267405	0.071505434025
536	rs35251378	rs73923215	0	0	9.28300281134735e-09	0.999998984220444	1.00649628058557e-06	1	7	rs34536443	ENSG00000105397	eqtl_rs34536443_ENSG00000105397_B38.txt	rs34536443_ENSG00000105397_LD.unphased.vcor1	536	2	7	rs75407602	0.999850196279666	rs11879191	1	-0.715855	0.512448381025
536	rs75407602	rs12720250	5.06151202252817e-19	6.42600736695243e-16	0.000787034783508764	0.999205616815061	7.3484014281524e-06	2	3	rs34536443	ENSG00000105397	eqtl_rs34536443_ENSG00000105397_B38.txt	rs34536443_ENSG00000105397_LD.unphased.vcor1	536	2	7	rs75407602	0.999850196279666	rs11879191	1	-0.0721562	0.00520651719844
536	rs35251378	rs12720250	5.97001282701704e-24	6.43111598278049e-16	9.28301213539152e-09	0.999999990654679	6.23061744004983e-11	1	3	rs34536443	ENSG00000105397	eqtl_rs34536443_ENSG00000105397_B38.txt	rs34536443_ENSG00000105397_LD.unphased.vcor1	536	2	7	rs75407602	0.999850196279666	rs11879191	1	-0.150185	0.022555534225
										rs3180408	ENSG00000184979	eqtl_rs3180408_ENSG00000184979_B38.txt	rs3180408_ENSG00000184979_LD.unphased.vcor1	77	0	4	rs361534	0.52027576303066	rs144613071	1		
104	rs870353	rs72785159	0.0254014351703033	0.0395068802773038	0.361054384588592	0.561523256484507	0.0125140434792942	1	2	rs7097397	ENSG00000128815	eqtl_rs7097397_ENSG00000128815_B38.txt	rs7097397_ENSG00000128815_LD.unphased.vcor1	104	1	3	rs870353	0.0495549436390084	rs72785159	0.979029637435236	0.0865246	0.00748650640516
104	rs870353	rs77098188	0.143929538748908	0.223853771158899	0.244557644332416	0.380346149524495	0.00731289623528152	1	1	rs7097397	ENSG00000128815	eqtl_rs7097397_ENSG00000128815_B38.txt	rs7097397_ENSG00000128815_LD.unphased.vcor1	104	1	3	rs870353	0.0495549436390084	rs72785159	0.979029637435236	-0.0525928	0.00276600261184
104	rs870353	rs151263394	0.383666342624207	0.596716687969116	0.00641845541997993	0.00997618617378535	0.00322232781291108	1	5	rs7097397	ENSG00000128815	eqtl_rs7097397_ENSG00000128815_B38.txt	rs7097397_ENSG00000128815_LD.unphased.vcor1	104	1	3	rs870353	0.0495549436390084	rs72785159	0.979029637435236	0.414581	0.171877405561
341	rs11089637	rs2599424	0	0	6.5546123765952e-08	0.999999933410438	1.05221609040032e-09	1	1	rs2298428	ENSG00000161179	eqtl_rs2298428_ENSG00000161179_B38.txt	rs2298428_ENSG00000161179_LD.unphased.vcor1	341	1	7	rs143876147	0.169815725502281	rs131659	1	-0.0835123	0.00697430425129
341	rs11089637	rs1669120	0	0	6.55461237812131e-08	0.999999933410438	1.07770973347927e-09	1	2	rs2298428	ENSG00000161179	eqtl_rs2298428_ENSG00000161179_B38.txt	rs2298428_ENSG00000161179_LD.unphased.vcor1	341	1	7	rs143876147	0.169815725502281	rs131659	1	-0.0835123	0.00697430425129
341	rs11089637	rs861856	2.95475548828905e-23	4.50790240730533e-16	6.55461237100589e-08	0.999999932420809	2.03307063089861e-09	1	3	rs2298428	ENSG00000161179	eqtl_rs2298428_ENSG00000161179_B38.txt	rs2298428_ENSG00000161179_LD.unphased.vcor1	341	1	7	rs143876147	0.169815725502281	rs131659	1	0.208682	0.043548177124
341	rs11089637	rs738129	0	0	5.09162157829638e-09	0.0758316380283422	0.924168356878986	1	4	rs2298428	ENSG00000161179	eqtl_rs2298428_ENSG00000161179_B38.txt	rs2298428_ENSG00000161179_LD.unphased.vcor1	341	1	7	rs143876147	0.169815725502281	rs131659	1	-0.914698	0.836672431204
341	rs11089637	rs4821124	0	0	4.46439325016604e-08	0.68046802467245	0.31953193068365	1	5	rs2298428	ENSG00000161179	eqtl_rs2298428_ENSG00000161179_B38.txt	rs2298428_ENSG00000161179_LD.unphased.vcor1	341	1	7	rs143876147	0.169815725502281	rs131659	1	0.876188	0.767705411344
341	rs11089637	rs131659	0	0	3.54695448057396e-09	0.0522183039211649	0.947781692531526	1	6	rs2298428	ENSG00000161179	eqtl_rs2298428_ENSG00000161179_B38.txt	rs2298428_ENSG00000161179_LD.unphased.vcor1	341	1	7	rs143876147	0.169815725502281	rs131659	1	0.917562	0.841920023844
341	rs11089637	rs5754295	0	0	1.72507988606816e-08	0.261709045564254	0.738290937183575	1	7	rs2298428	ENSG00000161179	eqtl_rs2298428_ENSG00000161179_B38.txt	rs2298428_ENSG00000161179_LD.unphased.vcor1	341	1	7	rs143876147	0.169815725502281	rs131659	1	-0.918458	0.843565097764
504	rs11089637	rs2070512	0	0	2.78123714561019e-09	0.060375000467895	0.939624996732253	1	1	rs2298428	ENSG00000185651	eqtl_rs2298428_ENSG00000185651_B38.txt	rs2298428_ENSG00000185651_LD.unphased.vcor1	504	1	9	rs11089637	0.158161221652748	rs12169001	1	0.918458	0.843565097764
504	rs11089637	rs738129	0	0	3.52734192634569e-09	0.0771090198729474	0.922890976657791	1	2	rs2298428	ENSG00000185651	eqtl_rs2298428_ENSG00000185651_B38.txt	rs2298428_ENSG00000185651_LD.unphased.vcor1	504	1	9	rs11089637	0.158161221652748	rs12169001	1	-0.914698	0.836672431204
504	rs11089637	rs140496	0	0	4.46754512819103e-08	0.999999851359473	1.03966721623797e-07	1	3	rs2298428	ENSG00000185651	eqtl_rs2298428_ENSG00000185651_B38.txt	rs2298428_ENSG00000185651_LD.unphased.vcor1	504	1	9	rs11089637	0.158161221652748	rs12169001	1	0.463892	0.215195787664
504	rs11089637	rs146060045	0	0	4.46754558888577e-08	0.999999954681699	6.42939890953814e-10	1	4	rs2298428	ENSG00000185651	eqtl_rs2298428_ENSG00000185651_B38.txt	rs2298428_ENSG00000185651_LD.unphased.vcor1	504	1	9	rs11089637	0.158161221652748	rs12169001	1	-0.104839	0.010991215921
504	rs11089637	rs12169001	0	0	1.35142144122312e-08	0.301099701265832	0.698900285226843	1	5	rs2298428	ENSG00000185651	eqtl_rs2298428_ENSG00000185651_B38.txt	rs2298428_ENSG00000185651_LD.unphased.vcor1	504	1	9	rs11089637	0.158161221652748	rs12169001	1	-0.909918	0.827950766724
504	rs11089637	rs710177	0	0	4.46754495817826e-08	0.999999813225276	1.42099498829539e-07	1	6	rs2298428	ENSG00000185651	eqtl_rs2298428_ENSG00000185651_B38.txt	rs2298428_ENSG00000185651_LD.unphased.vcor1	504	1	9	rs11089637	0.158161221652748	rs12169001	1	0.489381	0.239493763161
504	rs11089637	rs861855	0	0	4.46754558199864e-08	0.999999953138287	2.18612901594601e-09	1	7	rs2298428	ENSG00000185651	eqtl_rs2298428_ENSG00000185651_B38.txt	rs2298428_ENSG00000185651_LD.unphased.vcor1	504	1	9	rs11089637	0.158161221652748	rs12169001	1	-0.232155	0.053895944025
504	rs11089637	rs131660	0	0	2.19219222652213e-09	0.047163599885432	0.952836397924273	1	8	rs2298428	ENSG00000185651	eqtl_rs2298428_ENSG00000185651_B38.txt	rs2298428_ENSG00000185651_LD.unphased.vcor1	504	1	9	rs11089637	0.158161221652748	rs12169001	1	-0.910943	0.829817149249
504	rs11089637	rs861858	0	0	4.4675455754203e-08	0.999999951658539	3.65939485523729e-09	1	10	rs2298428	ENSG00000185651	eqtl_rs2298428_ENSG00000185651_B38.txt	rs2298428_ENSG00000185651_LD.unphased.vcor1	504	1	9	rs11089637	0.158161221652748	rs12169001	1	0.274664	0.075440312896
										rs80295067	ENSG00000178199	eqtl_rs80295067_ENSG00000178199_B38.txt	rs80295067_ENSG00000178199_LD.unphased.vcor1	544	0	4	rs62442789	0.00846430455989222	rs11155681	1		
438	rs10271373	rs6974620	0	0	0.541642921459379	0.45110512999618	0.00725194842991279	1	1	rs2297239	ENSG00000105939	eqtl_rs2297239_ENSG00000105939_B38.txt	rs2297239_ENSG00000105939_LD.unphased.vcor1	438	1	9	rs10271373	0.0702401732562696	rs10500130	1	0.141596	0.020049427216
438	rs10271373	rs12056143	0	0	0.541618862586836	0.451085003493456	0.00729613389762741	1	2	rs2297239	ENSG00000105939	eqtl_rs2297239_ENSG00000105939_B38.txt	rs2297239_ENSG00000105939_LD.unphased.vcor1	438	1	9	rs10271373	0.0702401732562696	rs10500130	1	-0.0153524	0.00023569618576
438	rs10271373	rs59313845	0	0	0.541636122602042	0.451099442808148	0.00726443445150475	1	3	rs2297239	ENSG00000105939	eqtl_rs2297239_ENSG00000105939_B38.txt	rs2297239_ENSG00000105939_LD.unphased.vcor1	438	1	9	rs10271373	0.0702401732562696	rs10500130	1	-0.141596	0.020049427216
438	rs10271373	rs11525873	2.77745470293998e-230	2.31326635842052e-230	0.541629928803436	0.451094260951045	0.00727581024555855	1	7	rs2297239	ENSG00000105939	eqtl_rs2297239_ENSG00000105939_B38.txt	rs2297239_ENSG00000105939_LD.unphased.vcor1	438	1	9	rs10271373	0.0702401732562696	rs10500130	1	-0.0291229	0.00084814330441
438	rs10271373	rs2134955	0	0	0.541606715613807	0.451074842040011	0.00731844236802708	1	8	rs2297239	ENSG00000105939	eqtl_rs2297239_ENSG00000105939_B38.txt	rs2297239_ENSG00000105939_LD.unphased.vcor1	438	1	9	rs10271373	0.0702401732562696	rs10500130	1	0.0153524	0.00023569618576
438	rs10271373	rs10500130	0	0	0.540787275640306	0.450389342944767	0.0088233814149648	1	9	rs2297239	ENSG00000105939	eqtl_rs2297239_ENSG00000105939_B38.txt	rs2297239_ENSG00000105939_LD.unphased.vcor1	438	1	9	rs10271373	0.0702401732562696	rs10500130	1	0.0286153	0.00081883539409
438	rs10271373	rs62485905	1.8934126058349e-130	1.5769717788919e-130	0.0642109029851205	0.051711356376127	0.884077740638752	1	10	rs2297239	ENSG00000105939	eqtl_rs2297239_ENSG00000105939_B38.txt	rs2297239_ENSG00000105939_LD.unphased.vcor1	438	1	9	rs10271373	0.0702401732562696	rs10500130	1	-0.727914	0.529858791396
438	rs10271373	rs10245175	2.19345860770487e-116	1.82687191997059e-116	0.0950425998985472	0.0775034844656073	0.827453915635849	1	6	rs2297239	ENSG00000105939	eqtl_rs2297239_ENSG00000105939_B38.txt	rs2297239_ENSG00000105939_LD.unphased.vcor1	438	1	9	rs10271373	0.0702401732562696	rs10500130	1	-0.939543	0.882741048849
438	rs10271373	rs6958991	7.99977706609689e-17	6.66279638774191e-17	0.534429287518407	0.445070594369552	0.020500118112043	1	4	rs2297239	ENSG00000105939	eqtl_rs2297239_ENSG00000105939_B38.txt	rs2297239_ENSG00000105939_LD.unphased.vcor1	438	1	9	rs10271373	0.0702401732562696	rs10500130	1	-0.0205221	0.00042115658841
										rs889561	ENSG00000184939	eqtl_rs889561_ENSG00000184939_B38.txt	rs889561_ENSG00000184939_LD.unphased.vcor1	192	0	10	rs8182201	0.0449887306976576	rs116267754	1		
